Quellzeile,Autor/Herausgeber,Erscheinungsjahr,Titel (Auflage),Ort,Vermerk im Buch,Standort (Raum),Regal,Fach,Anzahl des Exemplares in Thulb,Seitenanzahl,Teil von (Buchreihe etc)
339,"Reichardt, Edinhard",,Mappe mit zwei Artikeln,,Institut für Mundartforschung,E 006 Handbibliothek Dialektologie,links das zweite Regal,3. von oben,,,
370,Sellmann,,Mappe mit losen Seiten,,Institut für Mundartforschung,E 006 Handbibliothek Dialektologie,links das zweite Regal,3. von oben,,,
371,Schlothainer,,Mappe mit losen Seiten,,,E 006 Handbibliothek Dialektologie,links das zweite Regal,3. von oben,,,
372,"Schmitt, Ludwig Erich",1964,Deutsche Wortforschung in europäischen Bezügen Band 4,Gießen,Institut für Mundartforschung,E 006 Handbibliothek Dialektologie,links das zweite Regal,3. von oben,,691,
373,"Schmitt, Ludwig Erich",1968,Deutsche Wortforschung in europäischen Bezügen Band 5,Gießen,,E 006 Handbibliothek Dialektologie,links das zweite Regal,3. von oben,,501,
374,"Schmitt, Ludwig Erich",1972,"Deutsche Wortforschung in europäischen Bezügen Band 6,1",Gießen,"Friedrich-Schiller-Universität Jena, Sektion Sprachwissenschaft, WB Germansitik, Abt. Mundartforschung / Thür. Wörterbuch",E 006 Handbibliothek Dialektologie,links das zweite Regal,3. von oben,,568,
375,"Schmidt, Franz",1959,Logik der Syntax,Berlin,Institut für Mundartforschung,E 006 Handbibliothek Dialektologie,links das zweite Regal,4. von oben,,128,
376,"Schmidt, Veronika",1968,Die Streckformen des deutschen Verbums,Halle (Saale),FSU Jena Sektion Sprachwissenschaft Wissenschaftsbereich Deutsch Abt. Mundartforschung,E 006 Handbibliothek Dialektologie,links das zweite Regal,4. von oben,,144,
377,"Schmidt, Bernhard",1894,Der Vocalismus der Siegerländer Mundart. Ein Beitrag zur frankischen Dialektforshcung,Halle (Saale),Institut für Mundartforschung,E 006 Handbibliothek Dialektologie,links das zweite Regal,4. von oben,,139,
378,"Schmidt, Johannes",1872,Die Verwandtschaftsverhältnisse der indogermanischen Sprachen,Weimar,Landesstelle für Thüringische Mundartforschung Jena,E 006 Handbibliothek Dialektologie,links das zweite Regal,4. von oben,,68,
379,"Schmitt, Ludwig Erich",1936,Die deutsche Urkundensprache in der Kanzlei Kaiser Karls IV. (1346-1378),Halle (Saale),Institut für Mundartforschung,E 006 Handbibliothek Dialektologie,links das zweite Regal,4. von oben,,226,Mitteldeutsche Studien. Arbeiten aus dem Germanischen Seminar der Universität Leipzig unter Leitung von Theodor Frings Heft 11
380,"Schönfeld, Helmut und Donath, Joachim",1978,Sprache im sozialistischen Industriebetrieb,Berlin,J85 FSU Jena Sektion Sprachwissenschaft Wissenschaftsbereich Deutsch Abt. Mundartforschung,E 006 Handbibliothek Dialektologie,links das zweite Regal,4. von oben,,208,Reihe Sprache und Gesellschaft Band 15
381,"Schönfeld, Helmut   ",1974,Gesprochenes Deutsch in der Altmark,Berlin,FSU Jena Sektion Sprachwissenschaft Wissenschaftsbereich Deutsch Abt. Mundartforschung,E 006 Handbibliothek Dialektologie,links das zweite Regal,4. von oben,,262,Reihe Sprache und Gesellschaft Band 4
382,"Schrambke, Renate",x,Die sprachliche Stufenlandschaft am mittelbadischen Oberrhein. Kartenband,x,J85 FSU Jena Sektion Sprachwissenschaft Wissenschaftsbereich Deutsch Abt. Mundartforschung,E 006 Handbibliothek Dialektologie,links das zweite Regal,4. von oben,,105,
383,"Schrambke, Renate",1981,Die sprachliche Stufenlandschaft am mittelbadischen Oberrhein,Freiburg im Breisgau,J85 FSU Jena Sektion Sprachwissenschaft Wissenschaftsbereich Deutsch Abt. Mundartforschung,E 006 Handbibliothek Dialektologie,links das zweite Regal,4. von oben,,228,
384,"Schübel, Georg",1955,Die Ostfränkisch-Bambergische Mundart von Stadtsteinach im ehemaligen Fürstbistum Bamberg- Lautlehre und Beugungslehre,Gießen,J85 FSU Jena Sektion Sprachwissenschaft Wissenschaftsbereich Deutsch Abt. Mundartforschung,E 006 Handbibliothek Dialektologie,links das zweite Regal,4. von oben,,439,Beiträge zur deutschen Philologie Band 3
385,"Schübel, Georg",1955,Die Ostfränkisch-Bambergische Mundart von Stadtsteinach im ehemaligen Fürstbistum Bamberg- Lautlehre und Beugungslehre,Gießen,Institut für Mundartforschung,E 006 Handbibliothek Dialektologie,links das zweite Regal,4. von oben,,439,Beiträge zur deutschen Philologie Band 3
386,"Schulenburg, Sigried",1937,Leibnizens Gedanken und Vorschläge zur Erforschung der deutschen Mundarten,Berlin,FSU Jena Sektion Sprachwissenschaft Wissenschaftsbereich Deutsch Abt. Mundartforschung,E 006 Handbibliothek Dialektologie,links das zweite Regal,4. von oben,,37,
387,"Schulenburg, Sigried",1937,Leibnizens Gedanken und Vorschläge zur Erforschung der deutschen Mundarten,Berlin,Landesstelle für Thüringische Mundartforschung Jena,E 006 Handbibliothek Dialektologie,links das zweite Regal,4. von oben,,37,
388,"Schulte, Karl",1939,Mundart und Hochsprache in Norddeutschland,Neumünster,FSU Jena Sektion Sprachwissenschaft Wissenschaftsbereich Deutsch Abt. Mundartforschung,E 006 Handbibliothek Dialektologie,links das zweite Regal,4. von oben,,122,
389,"Schulz, Hans",1947,Abriss der Deutschen Grammatik,Berlin,Institut für Mundartforschung,E 006 Handbibliothek Dialektologie,links das zweite Regal,4. von oben,,134,Trübners Philologische Bibliothek Band 1
390,"Schwalm, Paul",1979,Wörterbuch des Dialektes der Deutschen in Vaskút/Südungarn,Neuenstein,J85 FSU Jena Sektion Sprachwissenschaft Wissenschaftsbereich Deutsch Abt. Mundartforschung,E 006 Handbibliothek Dialektologie,links das zweite Regal,4. von oben,,405,
391,"Schwalm, Paul",1980,Grammatik des Dialektes der Deutschen in Vaskút/Südungarn,Neuenstein,FSU Jena Sektion Sprachwissenschaft Wissenschaftsbereich Deutsch Abt. Mundartforschung,E 006 Handbibliothek Dialektologie,links das zweite Regal,4. von oben,,170,
392,"Schwarz, Ernst",1951,"Goten, Nordgermanen, Angelsachsen. Studien zur Ausgliederung der germanischen Sprachen","Bern, München",Institut für Mundartforschung,E 006 Handbibliothek Dialektologie,links das zweite Regal,4. von oben,,277,
393,"Schwarz, Ernst",1954/56,Sudetendeutscher Wortatlas Band I-II,München,Universitätsbibliothek Jena,E 006 Handbibliothek Dialektologie,links das zweite Regal,4. von oben,,42 + Karten & 43 + Karten ,
394,"Schwarz, Ernst",1956,Sudetendeutscher Wortatlas Band III,München,FSU Jena Sektion Sprachwissenschaft Wissenschaftsbereich Deutsch Abt. Mundartforschung,E 006 Handbibliothek Dialektologie,links das zweite Regal,4. von oben,,43 + Karten,
395,"Schwarz, Ernst",1958,Sudetendeutscher Wortatlas Band III,München,FSU Jena Sektion Sprachwissenschaft Wissenschaftsbereich Deutsch Abt. Mundartforschung,E 006 Handbibliothek Dialektologie,links das zweite Regal,4. von oben,,46 + Karten ,
396,"Schwarz, Ernst",1960,Sprache und Siedlung in Nordostbayern,Nürnberg,Institut für Mundartforschung,E 006 Handbibliothek Dialektologie,links das zweite Regal,4. von oben,,465,Erlanger Beiträge zur Sprach- und Kunstwissenschaft Band IV
397,"Schwarz, Ernst",1935,Sudetendeutsche Sprachräume,München,"Friedrich-Schiller-Universität Jena, Sektion Sprachwissenschaft, WB Germansitik, Abt. Mundartforschung / Thür. Wörterbuch",E 006 Handbibliothek Dialektologie,links das zweite Regal,4. von oben,,321,Schriften der deutschen Akademie in München Heft 21
398,"Zapf, Ludwig",,Aus dem Mundschatze der bayreuthisch-fränkischen Mundart im oberen Saalegebiet,Münchberg,Landesstelle für deutsche Mundartforschung,E 006 Handbibliothek Dialektologie,links das zweite Regal,4. von oben,,261-268 (7),Bayreuthisch fränkische Mundart (Buch) 
399,"Schwarz, Ernst",1926,"Die germanischen Reibelaue s, f, ch im Deutschen",Reichenberg,Landesstelle für Thüringische Mundarrforschung,E 006 Handbibliothek Dialektologie,links das zweite Regal,4. von oben,,78,Schriften der deutschen wissenschaftlichen Gesellschaft in Reichenberg Heft 1
400,"Schwarz, Ernst",1939,Untersuchungen zur deutschen Sprach- und Volkstumsgeschichte Mittelmährens,"Brünn, Leipzig ",Landesstelle für Thüringische Mundarrforschung,E 006 Handbibliothek Dialektologie,links das zweite Regal,4. von oben,,74,Arbeiten zur sprachlichen Volksforschung in den Sudentenländern 5. Heft 
401,"Schwarz, Ernst",1956,Germanische Stammeskunde,Heidelberg,Institut für Mundartforschung,E 006 Handbibliothek Dialektologie,links das zweite Regal,4. von oben,,248,Germanische Bibliothek hrsg. Richard Kienast & Richard v. Kienle 5. Reihe 
402,"Seiler, G.A.",1879,Die Basler Mundart im ausgehenden Mittelalter,Basel,Institut für Mundartforschung,E 006 Handbibliothek Dialektologie,links das zweite Regal,4. von oben,,364,
403,"Seiler, Friedrich",1925,Die Entwicklung der deutschen Kultur im Spiegel des deutschen Lehnworts,Halle (Saale),Institut für Mundartforschung,E 006 Handbibliothek Dialektologie,links das zweite Regal,4. von oben,,423,Das Lehnwort der neueren Zeit 4. Teil
404,"Serébrennikow, B.A.; hrsg. Hans Zikmund, Günter Feudel",1975,"Allgemeine Sprachwissenschaft Band I: Existenzformen, Funktionen und Geschichte der Sprache",Berlin,FSU Jena Sektion Sprachwissenschaft Wissenschaftsbereich Deutsch Abt. Mundartforschung,E 006 Handbibliothek Dialektologie,links das zweite Regal,4. von oben,,533,
405,"Serébrennikow, B.A.; hrsg. Hans Zikmund, Günter Feudel",1975,Allgemeine Sprachwissenschaft Band II: Die innere Struktur der Sprache,Berlin,Sächsische Akademie der Wissenschaften zu Leipzig,E 006 Handbibliothek Dialektologie,links das zweite Regal,4. von oben,,521,
406,"Serébrennikow, B.A.; hrsg. Hans Zikmund, Günter Feudel",1975,Allgemeine Sprachwissenschaft Band III: Methoden sprachwissenschaftlicher Forschung,Berlin,FSU Jena Sektion Sprachwissenschaft Wissenschaftsbereich Deutsch Abt. Mundartforschung,E 006 Handbibliothek Dialektologie,links das zweite Regal,4. von oben,,296,
407,"Sperlbaum, Margret ",1975,Proben deutscher Umgangssprache,Tübingen,FSU Jena Sektion Sprachwissenschaft Wissenschaftsbereich Deutsch Abt. Mundartforschung,E 006 Handbibliothek Dialektologie,links das zweite Regal,4. von oben,,171,Lautbibliothek der europäischen Sprachen und Mundarten Deutsche Reihe Band 17
408,"Simpa, P.",1913,Phonology & Grammar of Modern West Frisian with Phonetic Texts and Glossary,"Oxford, London, Edinburgh, New York, Toronto, Melbourne, Bombay","Friedrich-Schiller-Universität Jena, Sektion Sprachwissenschaft, WB Germansitik, Abt. Mundartforschung / Thür. Wörterbuch",E 006 Handbibliothek Dialektologie,links das zweite Regal,4. von oben,,175,Publicantions of the Philological Society 
409,"Sievers, E. & Brunner, K.",1951,Altenglische Grammatik nach der angelsächsischen Grammatik,Halle (Saale),Institut für Mundartforschung,E 006 Handbibliothek Dialektologie,links das zweite Regal,4. von oben,,468,"Sammlung kurzer Grammatiken germanischer Dialekte, hrsg. Von Karl Helm"
410,"Sexauer, Ottmar",1927,Die Mundart von Pforzheim,Leipzig,Institut für Mundartforschung,E 006 Handbibliothek Dialektologie,links das zweite Regal,4. von oben,,181,"Form und Geist. Arbeiten der germanischen Philologie, hrsg. Von Lutz Mackensen "
411,"Steinhauer, Walter",1922,Beiträge zur Kunde der bairisch-österreichischen Mundarten,"Wien, Leipzig",FSU Jena Sektion Sprachwissenschaft Wissenschaftsbereich Deutsch Abt. Mundartforschung,E 006 Handbibliothek Dialektologie,links das zweite Regal,5. von oben,,92,Akademie der Wissenschaften in Wien. Philologisch-historische Klasse. 195. Band 
412,"Steller, Walter",1928,Abriss der altfriesischen Grammatik,Halle (Saale),Landesstelle für thürningische Mundartforschung Jena,E 006 Handbibliothek Dialektologie,links das zweite Regal,5. von oben,,184,"Sammlung kurzer Grammatiken germanischer Dialekte, hrsg. Von Karl Helm. Nr. 5"
413,"Stepanowa, M.D.",1973,Methoden der synchronen Wortschatzanalyse,Halle (Saale),FSU Jena Sektion Sprachwissenschaft Wissenschaftsbereich Deutsch Abt. Mundartforschung,E 006 Handbibliothek Dialektologie,links das zweite Regal,5. von oben,,206,Linguistische Studien 
414,"Stroh, Fritz",1934,Hessische Forschung. Von Sinn und Leistung des südhessischen Wörterbuchs,Gießen,Landesstelle für thürningische Mundartforschung Jena,E 006 Handbibliothek Dialektologie,links das zweite Regal,5. von oben,,35,Mitteilungen des oberhessischen Geschichtsverein. Band 32
415,"Strötzel, Georg",1963,"Die Bezeichnungen zeitlicher Nähe in der deutschen Wortgeographie von ""dies Jahre"" und ""voriges Jahr""",Maburg,"Friedrich-Schiller-Universität Jena, Sektion Sprachwissenschaft, WB Germansitik, Abt. Mundartforschung / Thür. Wörterbuch",E 006 Handbibliothek Dialektologie,links das zweite Regal,5. von oben,,136,"Marburger Beiträge zur Germanistik, hrsg. Von Josef Kunz & Ludwig Schmitt"
416,"Streitberg, Gerhart",1937,Die wortgeographische Gliederung Ostsachsens und des angrenzenden Nordböhmens ,Halle (Saale),Institut für Mundartforschung,E 006 Handbibliothek Dialektologie,links das zweite Regal,5. von oben,,132,Mitteldeutsche Studien. Arbeiten aus dem Seminar der Universität Leipzig. In: Zeitschriften für Mundartforschung Teuthonista Beiheft 14
417,"Stroh, Friedrich",1952,Handbuch der Germanischen Philologie,Berlin,Institut für Mundartforschung,E 006 Handbibliothek Dialektologie,links das zweite Regal,5. von oben,,820 + Tafel ,
418,"Stumme, Hans",1903,Über die deutsche Gaunersprache und anderer Geheimsprachen,Leipzig,Institut für Mundartforschung,E 006 Handbibliothek Dialektologie,links das zweite Regal,5. von oben,,26,
419,"Suchsland, Peter",1968,Die Sprache der Jenaer Ratsurkunden. Entwicklungen von Lauten und Formen von 1317 bis 1525,Berlin,Institut für Mundartforschung,E 006 Handbibliothek Dialektologie,links das zweite Regal,5. von oben,,274,Deutsche Akademie der Wissenschaften zu Berlin Veröffentlichungen des Instituts für deutsche Sprache und Literatur 36
420,"Szadrowsky, Manfred",1933,Abstrakta des Schweizerdeutschen,Frauenfeld,FSU Jena Sektion Sprachwissenschaft Wissenschaftsbereich Deutsch Abt. Mundartforschung,E 006 Handbibliothek Dialektologie,links das zweite Regal,5. von oben,,131,Beiträge zur Schweizerdeutschen Grammatik Hrsg. Bachmann XVIII.
421,"Szulc, Aleksander",1969,Abriss der diachronen deutschen Grammatik Teil I: Das Lautsystem ,Halle (Saale),FSU Jena Sektion Sprachwissenschaft Wissenschaftsbereich Deutsch Abt. Mundartforschung,E 006 Handbibliothek Dialektologie,links das zweite Regal,5. von oben,,81,
422,"Tappolet, Ernst",1916,Die Alemannischen Lehnwörter in den Mundarten der Französischen Schweiz,Straßburg,"Friedrich-Schiller-Universität Jena, Sektion Sprachwissenschaft, WB Germansitik, Abt. Mundartforschung / Thür. Wörterbuch",E 006 Handbibliothek Dialektologie,links das zweite Regal,5. von oben,,214,
423,"Tappolet, Ernst",1905,Über die Bedeutung der Sprachgeographie mit besonderer Berücksichtigung französischer Mundarten,Halle (Saale),Institut für Mundartforschung,E 006 Handbibliothek Dialektologie,links das zweite Regal,5. von oben,,32,"""Aus Romanischen Sprachen und Literaturen"" "
424,"Techtmeier, Bärbel",1984,"Das Gespräch. Funktionen, Normen und Strukturen",Berlin,"Friedrich-Schiller-Universität Jena, Sektion Sprachwissenschaft, WB Germansitik, Abt. Mundartforschung",E 006 Handbibliothek Dialektologie,links das zweite Regal,5. von oben,,201,Sprache und Gesellschaft Band 19
425,"Teske, Hans",1927,Das Eindringen der hochdeutschen Schriftsprache in Lüneburg,Halle (Saale),Institut für Mundartforschung,E 006 Handbibliothek Dialektologie,links das zweite Regal,5. von oben,,176,
426,"Teuchert, Hermann",1938,Niederdeutsche Mundarten. Texte aus alter und neuer Zeit,Leipzig,Landesstelle für Thüringische Mundartforschung Jena,E 006 Handbibliothek Dialektologie,links das zweite Regal,5. von oben,,125,
427,"Teuchert, Hermann",1944,Die Sprachreste der niederländischen Siedlungen des 12. Jahrhunderts,Neumünster,FSU Jena Sektion Sprachwissenschaft Wissenschaftsbereich Deutsch Abt. Mundartforschung,E 006 Handbibliothek Dialektologie,links das zweite Regal,5. von oben,,515,
428,"Thinnes, Norbert",1981,Untersuchungen zur Variation nasaler Vokale. Ein Soziolinguistischer Beitrag zum Rheinfränkischen,Wiesbaden,"Friedrich-Schiller-Universität Jena, Sektion Sprachwissenschaft, WB Germansitik, Abt. Mundartforschung / Thür. Wörterbuch",E 006 Handbibliothek Dialektologie,links das zweite Regal,5. von oben,,552,Mainzer Studien zur Sprach- und Volksforschung 5
429,"Trebs, Emil",1899,Beiträge zur osterländischen Mundart ,Fürstenwalde,Institut für Mundartforschung,E 006 Handbibliothek Dialektologie,links das zweite Regal,5. von oben,,24,
430,"Thomsen, Vilhelm",1927,Geschichte der Sprachwissenschaft bis zum Ausgang des 19. Jahrhunderts. Kurzgefasste Darstellung der Hauptpunkte ,Halle (Saale),Landesstelle für Thüringische Mundartforschung Jena,E 006 Handbibliothek Dialektologie,links das zweite Regal,5. von oben,,99,
431,"Trubetzkoy, N.S.",1961,Grundzüge der Phonologie,Göttingen,Institut für Mundartforschung,E 006 Handbibliothek Dialektologie,links das zweite Regal,5. von oben,,294,
432,"Tschinkel, Hans",1989,Grammatik der Gottscheer Mundart,Halle (Saale),Deutsches Seminar Jena,E 006 Handbibliothek Dialektologie,links das zweite Regal,5. von oben,,320,
433,"Trubetzkoy, N.S.",1958,Anleitung zu Phonologischen Beschreibungen,Göttingen,Sächsische Akademie der Wissenschaften zu Leipzig,E 006 Handbibliothek Dialektologie,links das zweite Regal,5. von oben,,35,"Lautbibliothek der deutschen Mundarten, hrsg. Von Deutschen Spracharchiv "
434,"Tschirch, Fritz",1955,Frühmittelalterliches Deutsch,Halle (Saale),Institut für Mundartforschung,E 006 Handbibliothek Dialektologie,links das zweite Regal,5. von oben,,189,
435,"Unterfortsthuber, Andreas",1982,Ästhetisch und moralisch wertende Adjektive in der Standardsprache und im Dialekt von Würzburg und Umgebung,Würzburg,FSU Jena Sektion Sprachwissenschaft Wissenschaftsbereich Deutsch Abt. Mundartforschung,E 006 Handbibliothek Dialektologie,links das zweite Regal,5. von oben,,204,
436,"Valiska, Juraj",1980,"nemecké náretie
dobsines",,FSU Jena Sektion Sprachwissenschaft Wissenschaftsbereich Deutsch Abt. Mundartforschung,E 006 Handbibliothek Dialektologie,links das zweite Regal,5. von oben,,305,
437,"Valiska, Juraj",1967,Die Zipserdeutsche Mundart con Chmel'nica (Hopgarten),Bratislava ,FSU Jena Sektion Sprachwissenschaft Wissenschaftsbereich Deutsch Abt. Mundartforschung,E 006 Handbibliothek Dialektologie,links das zweite Regal,5. von oben,,141 + Karte,Acta Facultatis Philosophicae Universitatis Safarikanae Presovensis Philologica 2
438,"Valiska, Juraj",1982,Nemecké nàrečia horného Spisa. Prispevok k vyskumu reliktných náreõi v pokrocilom stádiu ich vyvoja,Lubovni,FSU Jena Sektion Sprachwissenschaft Wissenschaftsbereich Deutsch Abt. Mundartforschung,E 006 Handbibliothek Dialektologie,links das zweite Regal,5. von oben,,302,
439,"hrsg. Von E. Agricola, J. Schildt, D. Viehweger",1982,Wortschatzforschung heute. Aktuelle Probleme der Lexikologogie und Lexikographie,Leipzig,FSU Jena Sektion Sprachwissenschaft Wissenschaftsbereich Deutsch Abt. Mundartforschung,E 006 Handbibliothek Dialektologie,links das zweite Regal,5. von oben,,251,Linguistische Studien 
440,"Volk, Muse",1951,Mappe mit verschiedenen Artikeln ,,Institut für Mundartforschung,E 006 Handbibliothek Dialektologie,links das zweite Regal,5. von oben,,,
441,"Better, Walter",1937,Die persönlichen Fürwörter im thüringischen Sprachraum,Weimar,FSU Jena Sektion Sprachwissenschaft Wissenschaftsbereich Deutsch Abt. Mundartforschung,E 006 Handbibliothek Dialektologie,links das zweite Regal,5. von oben,,48,
442,"Waag, Albert",1921,Bedeutungsentwicklung unseres Wortschatzes. Ein Blick in das Seelenleben der Wörter,Heidelberg,FSU Jena Sektion Sprachwissenschaft Wissenschaftsbereich Deutsch Abt. Mundartforschung,E 006 Handbibliothek Dialektologie,links das zweite Regal,5. von oben,,208,
443,"Wagner, Kurt",1954,Die Gliederung der deutschen Mundarten. Begriffe und Grundsätze (2 Exemplare),Mainz,Institut für Mundartforschung,E 006 Handbibliothek Dialektologie,links das zweite Regal,5. von oben,,627-648 + Karten,Akademie der Wissenschaften und der Literatur. Abhandlungen der Geister- und Sozialwissenschaftlischen Klasse Jg. 1954 Nr. 12
444,"Wängler, Hans-Heinrich",1959,Atlas deutscher Sprachlaute,Berlin,Institut für Mundartforschung,E 006 Handbibliothek Dialektologie,links das zweite Regal,5. von oben,,39 + Bildteil,
445,"Von Wartenburg, Walther",1943,Einführung in Problematik und Methodik der Sprachwissenschaft,Halle (Saale),Institut für Mundartforschung,E 006 Handbibliothek Dialektologie,links das zweite Regal,5. von oben,,209,
446,"Von Wartburg, Walther",1950,Umfang und Bedeutung der germanischen Siedlung in Nordgallien im 5. und 6. Jahrhundert im Spiegel der Sprache und der Ortsnamen,Berlin,Institut für Mundartforschung,E 006 Handbibliothek Dialektologie,links das zweite Regal,5. von oben,,34,Deutsche Akademie der Wissenschaft zu Berlin Heft 36
447,"Weber, Artur",1931,Die Sprache des Ostbaus am Überlinger See,Dornbirn,Landesstelle für thürningische Mundartforschung Jena,E 006 Handbibliothek Dialektologie,links das zweite Regal,5. von oben,,77,
448,"Weifert, Ladislaus",1934,Die deutsche Mundart von Bella Crkva (Weisskirchen),Halle (Saale),Institut für Mundartforschung,E 006 Handbibliothek Dialektologie,links das zweite Regal,5. von oben,,132,"Bibliothek des Germanistischen Instituts der Belgrader Universität, hrsg. Von Milos Trivunac"
449,"Weinhold, Karl",1918,Die Zeitpartikel des schlesischen Dialects,,"Friedrich-Schiller-Universität Jena, Sektion Sprachwissenschaft, WB Germansitik, Abt. Mundartforschung",E 006 Handbibliothek Dialektologie,links das zweite Regal,5. von oben,,27,
450,"Weinhold, Karl",1863,Alemannische Grammatik,Berlin,Deutsches Seminar Jena,E 006 Handbibliothek Dialektologie,links das zweite Regal,5. von oben,,477,Grammatiken der deutscher Mundarten. Zweiter Theil: Das Bairische Gebiet
451,"Weinhold, Karl",1867,Bairische Grammatik,Berlin,Deutsches Seminar Jena,E 006 Handbibliothek Dialektologie,links das zweite Regal,5. von oben,,394,Grammatiken der deutscher Mundarten. Erster Theil: Das Alemannische Gebiet 
452,"Weise, Oskar ",1910,Unsere Mundarten. Ihr Werden und ihr Wesen (Exemplare),"Leipzig, Berlin",FSU Jena Sektion Sprachwissenschaft Wissenschaftsbereich Deutsch Abt. Mundartforschung,E 006 Handbibliothek Dialektologie,links das zweite Regal,5. von oben,,279,
453,"Weise, Oskar ",1890,Mitteilungen des Geschichts- und Altertumsforschenden Vereins zu Eisenberg,Eisenberg,Institut für Mundartforschung,E 006 Handbibliothek Dialektologie,links das zweite Regal,5. von oben,,42,Fünftes Heft 
454,"Weise, Oskar ",1923,Blicke in das Leben und das Wesen unserer deutschen Sprache,Jena,FSU Jena Sektion Sprachwissenschaft,E 006 Handbibliothek Dialektologie,links das zweite Regal,5. von oben,,174,
455,"Weisgerber, Leo",1953,Deutsch als Volksname. Ursprung und Bedeutung,Stuttgart,Institut für Mundartforschung,E 006 Handbibliothek Dialektologie,links das zweite Regal,5. von oben,,292,
456,"Welke, Klaus",1965,Untersuchungen zum System der Modalverben in der deutschen Sprache der Gegenwart,Berlin,Institut für Sprachpflege und Wortforschung der FSU Jena,E 006 Handbibliothek Dialektologie,links das zweite Regal,6. von oben,,131,"Schriften zur Phonetik, Sprachwissenschaft und Kommunikationsforschung Nr. 10"
457,"Wenker, G.",1881,Sprach-Atlas von Nord- und Mitteldeutschland (2 Exemplare),Straßburg,FSU Jena Sektion Sprachwissenschaft Wissenschaftsbereich Deutsch Abt. Mundartforschung,E 006 Handbibliothek Dialektologie,links das zweite Regal,6. von oben,,23,
458,"Wenzel, Walter",1930,Wortatlas des Kreises Wetzlar und der umliegenden Gebiete (Karte),Marburg,Institut für Mundartforschung,E 006 Handbibliothek Dialektologie,links das zweite Regal,6. von oben,,104 Karten,Deutsche Dialektgeographie. Berichte und Studien über G. Wenkers Sprachatlas des Deutschen Reichs Heft 28
459,"Wenzel, Walter",1930,Wortatlas des Kreises Wetzlar und der umliegenden Gebiete (Text),Marburg,Institut für Mundartforschung,E 006 Handbibliothek Dialektologie,links das zweite Regal,6. von oben,,144,Deutsche Dialektgeographie. Berichte und Studien über G. Wenkers Sprachatlas des Deutschen Reichs Heft 28
460,"Wenzel, Fritz; Mitzka, Walter; Ehrhardt, Rolf",1919,Studien zur Dialektgeographie der südlichen Oberlausitz und Nordböhmens; Ostpreussisches Niederdeutsch nördlich vom Ermland; Die schwäbische Colonie in Westpreussen,Marburg,Institut für Mundartforschung,E 006 Handbibliothek Dialektologie,links das zweite Regal,6. von oben,,"1-106, 109-294, 1-94 + Karten",Deutsche Dialektgeographie. Berichte und Studien über G. Wenkers Sprachatlas des Deutschen Reichs Heft 6
461,"Wessely, Gerda",1981,Nebensätze im spontanen Gespräch. Dargestellt an der Mundart von Ottenthal im nördlichen Niederösterreich,Wien,FSU Jena Sektion Sprachwissenschaft Wissenschaftsbereich Deutsch Abt. Mundartforschung,E 006 Handbibliothek Dialektologie,links das zweite Regal,6. von oben,,159,"Schriften zur Deutschen Sprache in Österreich Band 5, hrsg. Von Wilhelm Braumüller "
462,"Wiesinger, Peter",1980,Baiern und Slawen in Oberösterreich. Problem der Landnahme und Besiedlung,Linz,FSU Jena Sektion Sprachwissenschaft Wissenschaftsbereich Deutsch Abt. Mundartforschung,E 006 Handbibliothek Dialektologie,links das zweite Regal,6. von oben,,236 + Karten,Schriftenreihe des Oberösterreicher Musealvereins - Gesellschaft für Landeskunde Band 10
463,"Wiesinger, Peter",1970,Phonetisch-phonologische Untersuchungen zur Vokalentwicklung in den deutschen Dialekten Band 1: Die Langvokale im Hochdeutschen,Berlin,FSU Jena Sektion Sprachwissenschaft Wissenschaftsbereich Deutsch Abt. Mundartforschung,E 006 Handbibliothek Dialektologie,links das zweite Regal,6. von oben,,423,"Studia Linguistica Germanica, hrsg. Von Ludwig Schmitt und Stefan Sonderegger 2/1"
464,"Wiesinger, Peter",1970,Phonetisch-phonologische Untersuchungen zur Vokalentwicklung in den deutschen Dialekten Band 2: Die Diphthonge im Hochdeutschen,Berlin,FSU Jena Sektion Sprachwissenschaft Wissenschaftsbereich Deutsch Abt. Mundartforschung,E 006 Handbibliothek Dialektologie,links das zweite Regal,6. von oben,,361,"Studia Linguistica Germanica, hrsg. Von Ludwig Schmitt und Stefan Sonderegger 2/2"
465,"Wiesinger, Peter; Raffin, Elisabeth ",1982,"Bibliographie zur Grammatik der deutschen Dialekte. Laut-, Formen-, Wortbildungs- und Satzlehre 1800-1980 (Kartenteil)",,FSU Jena Sektion Sprachwissenschaft Wissenschaftsbereich Deutsch Abt. Mundartforschung,E 006 Handbibliothek Dialektologie,links das zweite Regal,6. von oben,,5 Karten ,
466,"Wiesinger, Peter (Hrsg.)",1988,Das österreichische Deutsch,"Wien, Köln, Graz","Friedrich-Schiller-Universität Jena, Sektion Sprachwissenschaft, WB Germansitik, Abt. Mundartforschung",E 006 Handbibliothek Dialektologie,links das zweite Regal,6. von oben,,281,Schriften zur deutschen Sprache in Österreich Band 12
467,"Wiesinger, Peter (Hrsg.)",1980,Sprache und Name in Österreich,Wien,FSU Jena Sektion Sprachwissenschaft Wissenschaftsbereich Deutsch Abt. Mundartforschung,E 006 Handbibliothek Dialektologie,links das zweite Regal,6. von oben,,369,Schriften zur deutschen Sprache in Österreich Band 6
468,"Will, Wilhelm",1932,Saarländische Sprachgeschichte ,Saarbrücken,"Friedrich-Schiller-Universität Jena, Sektion Sprachwissenschaft, WB Germansitik, Abt. Mundartforschung",E 006 Handbibliothek Dialektologie,links das zweite Regal,6. von oben,,111,
469,"Wilmanns, W.",1897,"Deutsche Grammatik. Gotisch, Alt-, Mittel- und Neuhochdeutsch",Straßburg,Institut für Mundartforschung,E 006 Handbibliothek Dialektologie,links das zweite Regal,6. von oben,,425,
470,"Wintler, J.",1876,Die Kerenzer Mundart des Kantons Glarus ,"Leipzig, Heidelberg",Landesstelle für Thüringische Mundartforschung Jena,E 006 Handbibliothek Dialektologie,links das zweite Regal,6. von oben,,240,
471,"Horx, Matthias; Wippermann, Peter",1995,Trendbüro. Wie Waren zu Ikonen werden,Düsseldorf,Thüringisches Wörterbuch Arbeitsstelle der FSU Jena und der Sächsischen Akademie der Wissenschaften zu Leipzig,E 006 Handbibliothek Dialektologie,links das zweite Regal,6. von oben,,472,
472,"Wissmann, Wilhelm",1952,Der Name der Buche ,Berlin,Institut für Mundartforschung,E 006 Handbibliothek Dialektologie,links das zweite Regal,6. von oben,,38,Deutsche Akademie der Wissenschaft zu Berlin Heft 50
473,"Wix, Hans",1921,Studien zur westfälischen Dialektgeographie im Süden des Teutoburgerwaldes,Marburg,Institut für Mundartforschung,E 006 Handbibliothek Dialektologie,links das zweite Regal,6. von oben,,182 + Karte ,Deutsche Dialektgeographie Heft 9
474,"Wrede, Adam ",1959,Neuer Kölnischer Sprachschatz. Erster Band A-J,Köln,FSU Jena Sektion Sprachwissenschaft Wissenschaftsbereich Deutsch Abt. Mundartforschung,E 006 Handbibliothek Dialektologie,links das zweite Regal,6. von oben,,,
475,"Wrede, Adam ",1959,Neuer Kölnischer Sprachschatz. Zweiter Band K-R,Köln,FSU Jena Sektion Sprachwissenschaft Wissenschaftsbereich Deutsch Abt. Mundartforschung,E 006 Handbibliothek Dialektologie,links das zweite Regal,6. von oben,,,
476,"Wrede, Adam ",1959,Neuer Kölnischer Sprachschatz. Dritter Band S-Z,Köln,FSU Jena Sektion Sprachwissenschaft Wissenschaftsbereich Deutsch Abt. Mundartforschung,E 006 Handbibliothek Dialektologie,links das zweite Regal,6. von oben,,,
477,"Wünschmann, Dietmar",1966,Die Tageszeiten. Ihre Bezeichnung im Deutschen,Marburg,"Friedrich-Schiller-Universität Jena, Sektion Sprachwissenschaft, WB Germansitik, Abt. Mundartforschung",E 006 Handbibliothek Dialektologie,links das zweite Regal,6. von oben,,153 + Karten,"Marburger Beiträge zur Germanistik, hrsg. Von Josef Kunz & Ludwig Schmitt"
478,"Wuttke, Adolf",1860,Der deutsche Volksaberglaube der Gegenwart,Hamburg,Landesstelle für Thüringer Mundartforschung Jena,E 006 Handbibliothek Dialektologie,links das zweite Regal,6. von oben,,268,
479,"Zinsli, Paul; Bandle, Oskar (Hrsg.)",1963,"Sprachleben der Schweiz. Sprachwissenschaft, Namenforschung, Volkskunde",Bern,FSU Jena Sektion Sprachwissenschaft Wissenschaftsbereich Deutsch Abt. Mundartforschung,E 006 Handbibliothek Dialektologie,links das zweite Regal,6. von oben,,338 + Tafeln,
480,"Hucke, Herman (Begründer)",1965,Thüringischer Dialektatlas Lieferung 2 (2 Exemplare),Berlin,FSU Jena Sektion Sprachwissenschaft Wissenschaftsbereich Deutsch Abt. Mundartforschung,E 006 Handbibliothek Dialektologie,links das zweite Regal,7. von oben,,19 Karten (21-40),Deutsche Akademie der Wissenschaften zu Berlin. Veröffentlichungen des Instituts für deutsche Sprache und Literatur 27
481,"Zender, Matthias (Hrsg.)",1959,"Atlas der deutschen Volkskunde. Neue Folge. Erläuterungen zur 1. Lieferung, Karte 1-12",Marburg,Institut für Mundartforschung,E 006 Handbibliothek Dialektologie,links das zweite Regal,7. von oben,,232,
482,"Zender, Matthias (Hrsg.)",1963,"Atlas der deutschen Volkskunde. Neue Folge. Erläuterungen zur 2. Lieferung, Karte 13-24",Marburg,Institut für Mundartforschung,E 006 Handbibliothek Dialektologie,links das zweite Regal,7. von oben,,295 (233-528),
483,"Zender, Matthias (Hrsg.)",1964,"Atlas der deutschen Volkskunde. Neue Folge. Erläuterungen zur 3. Lieferung, Karte 25-36",Marburg,Institut für Mundartforschung,E 006 Handbibliothek Dialektologie,links das zweite Regal,7. von oben,,223 (529-752),
484,"Zender, Matthias (Hrsg.)",1966,"Atlas der deutschen Volkskunde. Neue Folge. Erläuterungen zur 4. Lieferung, 1. Teil, Karte 37-42",Marburg,,E 006 Handbibliothek Dialektologie,links das zweite Regal,7. von oben,,223,
485,"Kaiser, Karl (Hrgs.)",1936,Atlas der Pommerschen Volkskunde. Kartenmappe,"Bamberg, Greifswald",Institut für Mundartforschung,E 006 Handbibliothek Dialektologie,links das zweite Regal,7. von oben,,Karten ,Veröffentlichungen des Volkskundigen Archivs für Pommern. Band 5
486,,,,,,E 006 Handbibliothek Dialektologie,links das zweite Regal,7. von oben,,,
487,Р. И. Аванесов et. al.,1965,атлас. русских народньіх говоров центральньіх областей к востоку от москвьі. Картьі,,Institut für Mundartforschung,E 006 Handbibliothek Dialektologie,links das dritte ,1. von oben,,Karten ,
488,"Klein, Karl Kurt & Schmitt, Ludwig Erich (Hrsg.)",1965,Tirolischer Sprachatlas 1. Band: Vokalismus,"Innsbruck, Marburg",,E 006 Handbibliothek Dialektologie,links das dritte ,1. von oben,,38 + Karten,Deutscher Sprachatlas. Regionale Sprachatlanten Nr. 3
489,"Bellmann, Günter",1967,Schlesischer Sprachatlas 1. Band: Laut- und Formenatlas (2 Exemplare),Marburg,,E 006 Handbibliothek Dialektologie,links das dritte ,1. von oben,,30 + Karten,Deutscher Sprachatlas. Regionale Sprachatlanten Nr. 4
490,"Bellmann, Günter",1965,Schlesischer Sprachatlas 2. Band: Wortatlas,Marburg,,E 006 Handbibliothek Dialektologie,links das dritte ,1. von oben,,20 + Karten,Deutscher Sprachatlas. Regionale Sprachatlanten Nr. 4
491,"Klein, Karl Kurt & Schmitt, Ludwig Erich (Hrsg.)",1961,"Siebenbürgisch-Deutscher Sprachatlas 1. Band, Teil 1",Marburg,,E 006 Handbibliothek Dialektologie,links das dritte ,1. von oben,,21 + Karten,Deutscher Sprachatlas. Regionale Sprachatlanten Nr. 1
492,"Klein, Karl Kurt & Schmitt, Ludwig Erich (Hrsg.)",1964,"Siebenbürgisch-Deutscher Sprachatlas 1. Band: Land-und Formenatlas, Teil 2",Marburg,,E 006 Handbibliothek Dialektologie,links das dritte ,1. von oben,,Karten ,Deutscher Sprachatlas. Regionale Sprachatlanten Nr. 1
493,"Rein, Kurt & Hildebrandt, Reiner (Hrsg.)",1979,Siebenbürgisch-Deutscher Wortatlas (2 Exemplare),Marburg,,E 006 Handbibliothek Dialektologie,links das dritte ,1. von oben,,20 + Karten,"Deutscher Sprachatlas. Regionale Sprachatlanten Nr. 1, Band 2"
494,"Faßke, H., Jentsch, H., Michalk, S. (Bearbeiter)",1965,Sorbischer Sprachatlas 1. Feldwirtschaftliche Terminologie (2 Exemplare),Bautzen,FSU Jena Sektion Sprachwissenschaft Wissenschaftsbereich Deutsch Abt. Mundartforschung,E 006 Handbibliothek Dialektologie,links das dritte ,1. von oben,,241 + Karten,Deutsche Akademie der Wissenschaften zu Berlin
495,"Faßke, H., Jentsch, H., Michalk, S. (Bearbeiter)",1968,Sorbischer Sprachatlas 2. Viehwirtschaftliche Terminologie ,Bautzen,FSU Jena Sektion Sprachwissenschaft Wissenschaftsbereich Deutsch Abt. Mundartforschung,E 006 Handbibliothek Dialektologie,links das dritte ,1. von oben,,311,Deutsche Akademie der Wissenschaften zu Berlin
496,"Faßke, H., Jentsch, H., Michalk, S. (Bearbeiter)",1972,Sorbischer Sprachatlas 3. Floristische und faunistische Terminologie,Bautzen,FSU Jena Sektion Sprachwissenschaft Wissenschaftsbereich Deutsch Abt. Mundartforschung,E 006 Handbibliothek Dialektologie,links das dritte ,1. von oben,,341,Deutsche Akademie der Wissenschaften zu Berlin
497,"Faßke, H., Jentsch, H., Michalk, S. (Bearbeiter)",1973,Sorbischer Sprachatlas 4. Terminologie des ländlichen Gewerbes,Bautzen,FSU Jena Sektion Sprachwissenschaft Wissenschaftsbereich Deutsch Abt. Mundartforschung,E 006 Handbibliothek Dialektologie,links das dritte ,1. von oben,,309,Deutsche Akademie der Wissenschaften zu Berlin
498,"Faßke, H., Jentsch, H., Michalk, S. (Bearbeiter)",1980,Sorbischer Sprachatlas 5. Terminologie des Sachgebiete Küche und Garten,Bautzen,FSU Jena Sektion Sprachwissenschaft Wissenschaftsbereich Deutsch Abt. Mundartforschung,E 006 Handbibliothek Dialektologie,links das dritte ,1. von oben,,373,Deutsche Akademie der Wissenschaften der DDR
499,"Faßke, H., Jentsch, H., Michalk, S. (Bearbeiter)",1980,Sorbischer Sprachatlas 6. Terminologie der Sachgebiete Körper und Kleidung,Bautzen,FSU Jena Sektion Sprachwissenschaft Wissenschaftsbereich Deutsch Abt. Mundartforschung,E 006 Handbibliothek Dialektologie,links das dritte ,1. von oben,,293,Deutsche Akademie der Wissenschaften der DDR
500,"Dingeldein, Heinrich J.",1991,"Studien zur Wortgeographie der städtischen Alltagssprache in Hessen. Areale, stratische und diachron-konstrative Analysen",Tübingen,Thüringisches Wörterbuch Arbeitsstelle der FSU Jena und der Sächsischen Akademie der Wissenschaften zu Leipzig,E 006 Handbibliothek Dialektologie,links das dritte ,1. von oben,,344,Hessische Sprachatlanten Kleine Reihe - Band 2
501,"Dingeldein, Heinrich J. & Fiebertshäuser, Hans",1989,Hessischer Dialektzensus. Statischer Atlas zum Sprachgebrauch,Tübingen,Thüringisches Wörterbuch Arbeitsstelle der FSU Jena und der Sächsischen Akademie der Wissenschaften zu Leipzig,E 006 Handbibliothek Dialektologie,links das dritte ,1. von oben,,256,Hessische Sprachatlanten Kleine Reihe - Band 3
502,,,,,,E 006 Handbibliothek Dialektologie,,,,,
503,"Sieberg, Bernd",1984,Perfekt und Imperfekt in der gesprochenen Sprache. Untersuchungen zu Gebrauchsregularitäten im Bereich gesprochener Standard- und Rheinischer Umgangssprache mit der ERP-Projekt als Grundlage der Korpusgewinnung,Bonn,"Friedrich-Schiller-Universität Jena, Sektion Sprachwissenschaft, WB Germansitik, Abt. Mundartforschung",E 006 Handbibliothek Dialektologie,links das vierte Regal,1. von oben,,269,
504,"Kubczak, Hartmut",1979,Was ist ein Soziolekt? Überlegungen und Symptomfunktionen sprachlicher Zeichen unser besonderer Berücksichtigungen der diastratischen Dimension,Heidelberg,"Friedrich-Schiller-Universität Jena, Sektion Sprachwissenschaft, WB Germansitik, Abt. Mundartforschung",E 006 Handbibliothek Dialektologie,links das vierte Regal,1. von oben,,166,Sprachwissenschaftliche Studienbücher 
505,"Büchmann, Georg",1937,Geflügelte Worte. Der Zitatenschatz des deutschen Volkes,Berlin,Landesstelle für thürningische Mundartforschung Jena,E 006 Handbibliothek Dialektologie,links das vierte Regal,1. von oben,,788,
506,"Fiebertshäuser, Hans",1961,Sprache und Geschichte des nordwestlichen Althessen,Marburg,Dr. Heinz Rosenkranz Jena Fritz-Reuter-Str. 29,E 006 Handbibliothek Dialektologie,links das vierte Regal,1. von oben,,200 + Karten,Deutsche Dialektgeographie Band 46
507,"Bellmann, Günter",1961,Mundart und Umgangssprache in der Oberlausitz. Sprachgeographische und sprachgeschichtliche Untersuchungen zwischen Schwarzwasser und Lausitzer Neiße,Marburg,,E 006 Handbibliothek Dialektologie,links das vierte Regal,1. von oben,,204 + Karten,Deutsche Dialektgeographie Band 62
508,Deutsche Akademie der Wissenschaften zu Berlin. Institut für deutsche Sprache und Literatur,1965,Berichte über dialektologische Forschungen in der DDR,Berlin,FSU Jena Sektion Sprachwissenschaft Wissenschaftsbereich Deutsch Abt. Mundartforschung,E 006 Handbibliothek Dialektologie,links das vierte Regal,1. von oben,,30,
509,"Grosse, Rudolf",1998,Bedeutungserfassung und Bedeutungsbeschreibung in historischen und dialektologischen Wöterbüchern ,Leipzig,Thüringisches Wörterbuch Arbeitsstelle der FSU Jena und der Sächsischen Akademie der Wissenschaften zu Leipzig,E 006 Handbibliothek Dialektologie,links das vierte Regal,1. von oben,,278,"Abhandlungen der Sächsischen Akademie der Wissenschaften zu Leipzig. Philologisch-historische Klasse Band 75, Heft 1"
510,"Clauß, Günter et. al. (Hrsg.)",1976,Wöterbuch der Psychologie,Leipzig,FSU Jena Sektion Sprachwissenschaft Wissenschaftsbereich Deutsch Abt. Mundartforschung,E 006 Handbibliothek Dialektologie,links das vierte Regal,1. von oben,,,
511,"Behn, Friedrich",1957,Die Entstehung des deutschen Bauernhauses,Berlin,Institut für Mundartforschung,E 006 Handbibliothek Dialektologie,links das vierte Regal,1. von oben,,77 + Tafeln,"Berichte über die Verhandlungen der Sächsischen Akademie der Wissenschaften zu Leipzig. Philologisch-historische Klasse. Band 103, Heft 3"
512,"Feudel, Günter",1961,Das Evangelistar der Berliner Handschrift MS. GERM. 4° 533. 1. Teil,Berlin,Institut für Mundartforschung,E 006 Handbibliothek Dialektologie,links das vierte Regal,1. von oben,,178 + Tafeln ,Deutsche Akademie der Wissenschaft zu Berlin. Veröffentlichungen des Instituts für deutsche Sprache und Literatur 23/I
513,"Feudel, Günter",1961,Das Evangelistar der Berliner Handschrift MS. GERM. 4° 533. 2. Teil,Berlin,Institut für Mundartforschung,E 006 Handbibliothek Dialektologie,links das vierte Regal,1. von oben,,224,Deutsche Akademie der Wissenschaft zu Berlin. Veröffentlichungen des Instituts für deutsche Sprache und Literatur 23/II
514,"Erben, Johannes",1954,Grundzüge einer Syntax der Sprache Luthers,Berlin,Institut für Mundartforschung,E 006 Handbibliothek Dialektologie,links das vierte Regal,1. von oben,,182,Deutsche Akademie der Wissenschaft zu Berlin. Veröffentlichungen des Instituts für deutsche Sprache und Literatur. 2
515,Deutsche Akademie der Wissenschaft zu Berlin (mehrere Vortragende),1954,Das Institut für deutsche Sprache und Literatur. Vorträge gehalten auf der Eröffnungstagung,Berlin,Institut für Mundartforschung,E 006 Handbibliothek Dialektologie,links das vierte Regal,1. von oben,,187 + Karten,Deutsche Akademie der Wissenschaft zu Berlin. Veröffentlichungen des Instituts für deutsche Sprache und Literatur. 1
516,Deutsche Akademie der Wissenschaft zu Berlin (mehrere Autoren),1956,Fragen und Forschungen im Bereich und Umkreis der germanischen Philologie. Festgabe für Theodor Frings zum 70. Geburtstag 23. Juli 1956,Berlin,Institut für Mundartforschung,E 006 Handbibliothek Dialektologie,links das vierte Regal,1. von oben,,427,Deutsche Akademie der Wissenschaft zu Berlin. Veröffentlichungen des Instituts für deutsche Sprache und Literatur. 8
517,"Flämig, Walter",1959,Zum Konjunktiv in der deutschen Sprache der Gegenwart - Inhalte und Gebrauchsweisen,Berlin,Institut für Mundartforschung,E 006 Handbibliothek Dialektologie,links das vierte Regal,1. von oben,,188,Deutsche Akademie der Wissenschaft zu Berlin. Veröffentlichungen des Instituts für deutsche Sprache und Literatur. 15
518,"Erben, Johannes (Hrsg.)",1961,Ostmitteldeutsche Chrestomathie. Proben der frühen Schreib- und Druckersprache des mitteldeutschen Ostens,Berlin,Institut für Mundartforschung,E 006 Handbibliothek Dialektologie,links das vierte Regal,1. von oben,,212,Deutsche Akademie der Wissenschaft zu Berlin. Veröffentlichungen des Instituts für deutsche Sprache und Literatur. 24
519,"Flämig, Walter",1964,Untersuchungen zum Finalsatz im Deutschen (Synchronie und Diachronie),Berlin,Institut für Mundartforschung,E 006 Handbibliothek Dialektologie,links das vierte Regal,1. von oben,,36,"Sitzungsberichte der deutschen Akademie der Wissenschaften zu Berlin. Klasse für Sprachen, Literatur und Kunst. Jahrgang 1964, Nr. 5"
520,"Ising, Gerhard",1956,Die Erfassung der deutschen Sprache des ausgehenden 17. Jahrhunderts in den Wörterbüchern Matthias Kramers und Kaspar Stielers,Berlin,Institut für Mundartforschung,E 006 Handbibliothek Dialektologie,links das vierte Regal,1. von oben,,135,Deutsche Akademie der Wissenschaft zu Berlin. Veröffentlichungen des Instituts für deutsche Sprache und Literatur. 7
521,"Frings, Theodor & Lerchner, Gotthard",1966,Niederländisch und Niederdeutsch. Aufbau und Gliederung des Niederdeutschen,Berlin,Institut für Mundartforschung,E 006 Handbibliothek Dialektologie,links das vierte Regal,1. von oben,,153 + Karten,"Sitzungsberichte der Sächsischen Akademie der Wissenschaften zu Leipzig. Philologisch-historische Klasse. Band 110, Heft 6"
522,"Fleischer, Wolfgang",1966,Strukturelle Untersuchungen zur Geschichte des Neuhochdeutschen,Berlin,FSU Jena Sektion Sprachwissenschaft Wissenschaftsbereich Deutsch Abt. Mundartforschung,E 006 Handbibliothek Dialektologie,links das vierte Regal,1. von oben,,120,"Sitzungsberichte der Sächsischen Akademie der Wissenschaften zu Leipzig. Philologisch-historische Klasse. Band 112, Heft 6"
523,"Wjacslawk, Jakub",1952,Sorbische (Wendische) Bibliographie,Berlin,Institut für Mundartforschung,E 006 Handbibliothek Dialektologie,links das vierte Regal,1. von oben,,500,"Berichte über die Verhandlungen der Sächsischen Akademie der Wissenschaften zu Leipzig. Philologisch-historische Klasse. Band 98, Heft 3"
524,"Spenter, Arne",1964,Sprachbewegung in der Landschaft um Marburg an der Lahn 1880-1960,Marburg,FSU Jena Sektion Sprachwissenschaft Wissenschaftsbereich Deutsch Abt. Mundartforschung,E 006 Handbibliothek Dialektologie,links das vierte Regal,1. von oben,,104 + Karten,Deutsche Dialektgeographie. Band 49
525,"Heike, Georg",1964,Zur Phonologie der Stadtkölner Mundart,Marburg,"Friedrich-Schiller-Universität Jena, Sektion Sprachwissenschaft, WB Germansitik, Abt. Mundartforschung",E 006 Handbibliothek Dialektologie,links das vierte Regal,1. von oben,,141,Deutsche Dialektgeographie. Band 57
526,"Mitzka, Walther",1959,Grundzüge nordostdeutscher Sprachgeschichte,Marburg,Institut für Mundartforschung,E 006 Handbibliothek Dialektologie,links das vierte Regal,1. von oben,,147 + Karten,Deutsche Dialektgeographie. Band 59
527,"Bauer, Erika",1957,Dialektgeographie im südlichen Odenwald und Ried,Marburg,Institut für Mundartforschung,E 006 Handbibliothek Dialektologie,links das vierte Regal,1. von oben,,147,Deutsche Dialektgeographie. Band 43
528,"Lessiak, Primus",1963,Die Mundart von Pernegg in Kärnten,Marburg,"Friedrich-Schiller-Universität Jena, Sektion Sprachwissenschaft, WB Germansitik, Abt. Mundartforschung",E 006 Handbibliothek Dialektologie,links das vierte Regal,1. von oben,,227,Deutsche Dialektgeographie. Band 61
529,"Hall, Ross David",1973,Upper Hessian Vocalism. Strukture and History,Marburg,"Friedrich-Schiller-Universität Jena, Sektion Sprachwissenschaft, WB Germansitik, Abt. Mundartforschung",E 006 Handbibliothek Dialektologie,links das vierte Regal,1. von oben,,263,Deutsche Dialektgeographie. Band 74
530,"Stein-Meintker, Anneliese",2000,Die Mundart von Garmisch und Partenkirchen,Marburg,Thüringisches Wörterbuch Arbeitsstelle der FSU Jena und der Sächsischen Akademie der Wissenschaften zu Leipzig,E 006 Handbibliothek Dialektologie,links das vierte Regal,1. von oben,,91,Deutsche Dialektgeographie. Band 93
531,"Jakobson, Roman & Halle, Morris",1960,Grundlagen der Sprache,Berlin,Institut für Mundartforschung,E 006 Handbibliothek Dialektologie,links das vierte Regal,1. von oben,,131,"Schriften zur Phonetik, Sprachwissenschaft und Kommunikationsforschung Nr. 1"
532,"Welke, Klaus",1965,Untersuchungen zum System der Modalverben in der deutschen Sprache der Gegenwart,Berlin,Institut für Mundartforschung,E 006 Handbibliothek Dialektologie,links das vierte Regal,1. von oben,,131,"Schriften zur Phonetik, Sprachwissenschaft und Kommunikationsforschung Nr. 10"
533,"Schönfeld, Helmut",1963,Slawische Wörter in den deutschen Mundarten östlich der unteren Saale ,Berlin,Institut für Mundartforschung,E 006 Handbibliothek Dialektologie,links das vierte Regal,1. von oben,,75,"Sitzungsberichte der Sächsischen Akademie der Wissenschaften zu Leipzig. Philologisch-historische Klasse. Band 108, Heft 1"
534,"Teuchert, Hermann",1964,Die Mundarten der Brandenburgischen Mittelmark und ihres südlichen Vorlandes,Berlin,Institut für Mundartforschung,E 006 Handbibliothek Dialektologie,links das vierte Regal,1. von oben,,190,Deutsche Akademie der Wissenschaft zu Berlin. Veröffentlichungen des Instituts für deutsche Sprache und Literatur. 30
535,"Warnecke, Rudolf",1939,Haus und Hof in der niederdeutschen Sprache zwischen Weser und Hunte,Marburg,FSU Jena Sektion Sprachwissenschaft Wissenschaftsbereich Deutsch Abt. Mundartforschung,E 006 Handbibliothek Dialektologie,links das vierte Regal,1. von oben,,78 + Bilder,Deutsche Dialektgeographie. Berichte und Studien über G. Wenkers Sprachatlas des Deutchen Reichs Heft 35.
536,"Schmitt, Ludwig Erich (Hrsg.)",1967,Beiträge zur oberdeutschen Dialektgeographie. Festschrift für Eberhard Kranzmayer zum 70. Geburtstag 15. Mai 1967,Marburg,"Friedrich-Schiller-Universität Jena, Sektion Sprachwissenschaft, WB Germansitik, Abt. Mundartforschung",E 006 Handbibliothek Dialektologie,links das vierte Regal,1. von oben,,323,Deutsche Dialektgeographie. Band 51
537,"Bellmann, Günter & Göschel, Joachim",1970,Tonbandaufnahme ostdeutscher Mundarten 1962-1965. Gesamtkatalog,Marburg,"Friedrich-Schiller-Universität Jena, Sektion Sprachwissenschaft, WB Germansitik, Abt. Mundartforschung",E 006 Handbibliothek Dialektologie,links das vierte Regal,1. von oben,,241 + Karten,Deutsche Dialektgeographie. Band 73
538,"Stellmacher, Dieter",1977,Studien zur gesprochenen Sprache in Niedersachsen. Eine soziolinguistische Untersuchung,Marburg,FSU Jena Sektion Sprachwissenschaft Wissenschaftsbereich Deutsch Abt. Mundartforschung,E 006 Handbibliothek Dialektologie,links das vierte Regal,1. von oben,,224,Deutsche Dialektgeographie. Band 82
539,"Laziczius, Julius",1961,Lehrbuch der Phonetik,Berlin,Institut für Mundartforschung,E 006 Handbibliothek Dialektologie,links das vierte Regal,1. von oben,,199,"Schriften zur Phonetik, Sprachwissenschaft und Kommunikationsforschung Nr. 5"
540,"Brandsch, Juliane",1987,Bezeichnungen für Bauern und Hofgesinde im Althochdeutschen,Berlin,"Friedrich-Schiller-Universität Jena, Sektion Sprachwissenschaft, WB Germansitik, Abt. Mundartforschung",E 006 Handbibliothek Dialektologie,links das vierte Regal,1. von oben,,74 + Tafeln,"Sitzungsberichte der Sächsischen Akademie der Wissenschaften zu Leipzig. Philologisch-historische Klasse. Band 127, Heft 4"
541,"Löffelad, Peter",1989,Das Adjektiv in gesprochener Sprache,Tübingen,J85 FSU Jena Sektion Sprachwissenschaft Thüringer Wörterbuch,E 006 Handbibliothek Dialektologie,links das vierte Regal,2. von oben,,285,"Idiomatica Veröffentlichungen der Tübinger Arbeitsstelle ""Sprache in Südwestdeutschland"" Band 16"
542,"Gersbach, Bernhard",1982,Die Vergangenheitstempora in oberdeutscher gesprochener Sprache,Tübingen,J85 FSU Jena Sektion Sprachwissenschaft Thüringer Wörterbuch,E 006 Handbibliothek Dialektologie,links das vierte Regal,2. von oben,,237,"Idiomatica Veröffentlichungen der Tübinger Arbeitsstelle ""Sprache in Südwestdeutschland"" Band 9"
543,"Stadelmann, Manfred",1978,Orts- und Richtungsadverbien bei Siedlungsbezeichnungen,Tübingen,J85 FSU Jena Sektion Sprachwissenschaft Thüringer Wörterbuch,E 006 Handbibliothek Dialektologie,links das vierte Regal,2. von oben,,391,"Idiomatica Veröffentlichungen der Tübinger Arbeitsstelle ""Sprache in Südwestdeutschland"" Band 6"
544,"Erben, Johannes",1958,Abriss der deutrschen Grammatik,Berlin,Institut für Mundartforschung,E 006 Handbibliothek Dialektologie,links das vierte Regal,2. von oben,,208,
545,"Fishman, Joshua A.",1972,Advances in the sociology of language II,Paris,J85 FSU Jena Sektion Sprachwissenschaft Wissenschaftsbereich Deutsch Abt. Mundartforschung,E 006 Handbibliothek Dialektologie,links das vierte Regal,2. von oben,,534,Contributions to the Sociology of Language Volume 2 Selected Studies an Applications
546,"Fishman, Joshua A.",1971,Advances in the sociology of language I ,Paris,J85 FSU Jena Sektion Sprachwissenschaft Wissenschaftsbereich Deutsch Abt. Mundartforschung,E 006 Handbibliothek Dialektologie,links das vierte Regal,2. von oben,,418,"Contributions to the Sociology of Language Volume 1 Basic Concepts, Theories and Problems: Alternative Approaches"
547,Pädagogisches Institut Leipzig,1964,Wissenschaftliche Studien des pädagogischen Institutes Leipzig - Zur 800-Jahr-Feier der Stadt Leipzig,Leipzig,Institut für Mundartforschung,E 006 Handbibliothek Dialektologie,links das vierte Regal,2. von oben,,157,
548,"Träger, Claus",1986,Wörterbuch der Literaturwissenschaft,Leipzig,J85 FSU Jena Sektion Sprachwissenschaft Wissenschaftsbereich Deutsch Abt. Mundartforschung,E 006 Handbibliothek Dialektologie,links das vierte Regal,2. von oben,,714,
549,"Ising, Gerhard",1974,Aktuelle Probleme der sprachlichen Kommunikation - Soziolinguistische Studien zur sprachlichen Situation in der Deutschen Demokratischen Republik,Berlin,J85 FSU Jena Sektion Sprachwissenschaft Wissenschaftsbereich Deutsch Abt. Mundartforschung,E 006 Handbibliothek Dialektologie,links das vierte Regal,2. von oben,,433,"Akademie der Wissenschaften der DDR - Zentralinstitut für Sprachwissenschaft, Reihe Sprache und Gesellschaft Band 2"
550,"Grosse, Rudolf",1964,Die mitteldeutsch-niederdeutschen Handschriften des Schwabenspiegels in seiner Kurzform - sprachgeschichtliche Untersuchung,Berlin,Institut für Mundartforschung,E 006 Handbibliothek Dialektologie,links das vierte Regal,2. von oben,,127,"Abhandlungen der Sächsischen Akademie der Wissenschaften zu Leipzig. Philologisch-historische Klasse Band 56, Heft 4"
551,"Eichler, Ernst",1977,Beiträge zum deutsch-slawischen Sprachkontakt,Berlin,FSU Jena Sektion Sprachwissenschaft Wissenschaftsbereich Deutsch Abt. Mundartforschung,E 006 Handbibliothek Dialektologie,links das vierte Regal,2. von oben,,103,"Abhandlungen der Sächsischen Akademie der Wissenschaften zu Leipzig. Philologisch-historische Klasse Band 67, Heft 2"
552,"Hallig, Rudolf und von Wartburg, Walther",1952,Begriffssystem als Grundlage für die Lexikographie - Versuch eines Ordnungsschemas,Berlin,Institut für Mundartforschung,E 006 Handbibliothek Dialektologie,links das vierte Regal,2. von oben,,140,"Abhandlungen der Deutschen Akademie der Wissenschaften zu Berlin; Klasse für Sprachen, Literatur und Kunst; Jahrgang 1952 Nr. 4"
553,"Höhne-Leska, Christel",1975,Statistische Untersuchungen zur Syntax gesprochener und geschriebener deutscher Gegenwartssprache,Berlin,J85 FSU Jena Sektion Sprachwissenschaft Wissenschaftsbereich Deutsch Abt. Mundartforschung,E 006 Handbibliothek Dialektologie,links das vierte Regal,2. von oben,,164,"Abhandlungen der Sächsischen Akademie der Wissenschaften zu Leipzig. Philologisch-historische Klasse Band 59, Heft 1"
554,"Schwarz, Ernst",1954,Sudetendeutscher Wortatlas Band 1,München,FSU Jena Sektion Sprachwissenschaft Wissenschaftsbereich Deutsch Abt. Mundartforschung,E 006 Handbibliothek Dialektologie,links das vierte Regal,2. von oben,,42+Karten,
555,Sächsische Akademie der Wissenschaften zu Leipzig,1990,Jahrbuch 1987-1988,Berlin,"J85 Sächsische Akademie der Wissenschaften zu Leipzig, Sprachwissenschaftliche Kommission, Arbeitsstelle Thüringisches Wörterbuch",E 006 Handbibliothek Dialektologie,links das vierte Regal,2. von oben,,295,
556,Sächsische Akademie der Wissenschaften zu Leipzig,1988,Jahrbuch 1985-1986,Berlin,"Sächsische Akademie der Wissenschaften zu Leipzig, Sprachwissenschaftliche Kommission, Arbeitsstelle Thüringisches Wörterbuch",E 006 Handbibliothek Dialektologie,links das vierte Regal,2. von oben,,303,
557,Sächsische Akademie der Wissenschaften zu Leipzig,1986,Jahrbuch 1983-1984,Berlin,"Sächsische Akademie der Wissenschaften zu Leipzig, Sprachwissenschaftliche Kommission, Arbeitsstelle Thüringisches Wörterbuch",E 006 Handbibliothek Dialektologie,links das vierte Regal,2. von oben,,308,
558,Sächsische Akademie der Wissenschaften zu Leipzig,1984,Jahrbuch 1981-1982,Berlin,"Sächsische Akademie der Wissenschaften zu Leipzig, Sprachwissenschaftliche Kommission, Arbeitsstelle Thüringisches Wörterbuch",E 006 Handbibliothek Dialektologie,links das vierte Regal,2. von oben,,284,
559,Sächsische Akademie der Wissenschaften zu Leipzig,1994,Jahrbuch 1991-1992,Berlin,"Sächsische Akademie der Wissenschaften zu Leipzig, Sprachwissenschaftliche Kommission, Arbeitsstelle Thüringisches Wörterbuch",E 006 Handbibliothek Dialektologie,links das vierte Regal,2. von oben,,412,
560,Sächsische Akademie der Wissenschaften zu Leipzig,1992,Jahrbuch 19989-1990,Berlin,Arbeitsstelle Thüringisches Wörterbuch,E 006 Handbibliothek Dialektologie,links das vierte Regal,2. von oben,,318,
561,Sächsische Akademie der Wissenschaften zu Leipzig,1996,Jahrbuch 1993-1994,Berlin,Thüringisches Wörterbuch Arbeitsstelle der FSU Jena und der Sächsischen Akademie der Wissenschaften zu Leipzig,E 006 Handbibliothek Dialektologie,links das vierte Regal,2. von oben,,470,
562,Sächsische Akademie der Wissenschaften zu Leipzig,1998,Jahrbuch 1995-1996,Berlin,Thüringisches Wörterbuch Arbeitsstelle der FSU Jena und der Sächsischen Akademie der Wissenschaften zu Leipzig,E 006 Handbibliothek Dialektologie,links das vierte Regal,2. von oben,,580,
563,"Penzlin, Heinz im Auftrag der Sächsischen Akademie der Wissenschaften zu Leipzig",1999,Jahrbuch 1997-1998,Berlin,Thüringisches Wörterbuch Arbeitsstelle der FSU Jena und der Sächsischen Akademie der Wissenschaften zu Leipzig,E 006 Handbibliothek Dialektologie,links das vierte Regal,2. von oben,,545,
564,"Penzlin, Heinz im Auftrag der Sächsischen Akademie der Wissenschaften zu Leipzig",2001,Jahrbuch 1999-2000,Berlin,Thüringisches Wörterbuch Arbeitsstelle der FSU Jena und der Sächsischen Akademie der Wissenschaften zu Leipzig,E 006 Handbibliothek Dialektologie,links das vierte Regal,2. von oben,,623,
565,"Penzlin, Heinz im Auftrag der Sächsischen Akademie der Wissenschaften zu Leipzig",2003,Jahrbuch 2001-2002,Berlin,Arbeitsstelle Thüringisches Wörterbuch,E 006 Handbibliothek Dialektologie,links das vierte Regal,2. von oben,,700,
566,"Schlegel, Ernst im Auftrag der Sächsischen Akademie der Wissenschaften zu Leipzig",2005,Jahrbuch 2003-2004,Berlin,Arbeitsstelle Thüringisches Wörterbuch,E 006 Handbibliothek Dialektologie,links das vierte Regal,2. von oben,,539,
567,Sächsische Akademie der Wissenschaften zu Leipzig,1972,Jahrbuch 1969-1970,Berlin,"Sächsische Akademie der Wissenschaften zu Leipzig, Sprachwissenschaftliche Kommission, Arbeitsstelle Thüringisches Wörterbuch",E 006 Handbibliothek Dialektologie,links das vierte Regal,2. von oben,,416,
568,Sächsische Akademie der Wissenschaften zu Leipzig,1974,Jahrbuch 1971-1972,Berlin,"Sächsische Akademie der Wissenschaften zu Leipzig, Sprachwissenschaftliche Kommission, Arbeitsstelle Thüringisches Wörterbuch",E 006 Handbibliothek Dialektologie,links das vierte Regal,2. von oben,,483,
569,Sächsische Akademie der Wissenschaften zu Leipzig,1976,Jahrbuch 1973-1974,Berlin,Arbeitsstelle Thüringisches Wörterbuch,E 006 Handbibliothek Dialektologie,links das vierte Regal,2. von oben,,575,
570,Sächsische Akademie der Wissenschaften zu Leipzig,1979,Jahrbuch 1975-1976,Berlin,"Sächsische Akademie der Wissenschaften zu Leipzig, Sprachwissenschaftliche Kommission, Arbeitsstelle Thüringisches Wörterbuch",E 006 Handbibliothek Dialektologie,links das vierte Regal,2. von oben,,364,
571,Sächsische Akademie der Wissenschaften zu Leipzig,1980,Jahrbuch 1977-1978,Berlin,"Sächsische Akademie der Wissenschaften zu Leipzig, Sprachwissenschaftliche Kommission, Arbeitsstelle Thüringisches Wörterbuch",E 006 Handbibliothek Dialektologie,links das vierte Regal,2. von oben,,373,
572,Sächsische Akademie der Wissenschaften zu Leipzig,1982,Jahrbuch 1979-1980,Berlin,"Sächsische Akademie der Wissenschaften zu Leipzig, Sprachwissenschaftliche Kommission, Arbeitsstelle Thüringisches Wörterbuch",E 006 Handbibliothek Dialektologie,links das vierte Regal,2. von oben,,272,
573,Deutsche Akademie der Wissenschaften zu Berlin. Arbeitsstelle Strukturelle Grammatik der deutschen Gegenwartssprache,1962,Studia Grammatica I,Berlin,Institut für Mundartforschung,E 006 Handbibliothek Dialektologie,links das vierte Regal,3. von oben,,114,
574,Deutsche Akademie der Wissenschaften zu Berlin. Arbeitsstelle Strukturelle Grammatik der deutschen Gegenwartssprache,1966,Studia Grammatica I Vierte Auflage,Berlin,Institut für Mundartforschung,E 006 Handbibliothek Dialektologie,links das vierte Regal,3. von oben,,114,
575,"Bierwisch, Manfred im Auftrag der Deutschen Akademie der Wissenschaften zu Berlin. Arbeitsstelle Strukturelle Grammatik der deutschen Gegenwartssprache",1966,Studia Grammatica II Grammatik des deutschen Verbs,Berlin,Institut für Mundartforschung,E 006 Handbibliothek Dialektologie,links das vierte Regal,3. von oben,,188,
576,"Motsch, Wolfgang im Auftrag der Deutschen Akademie der Wissenschaften zu Berlin. Arbeitsstelle Strukturelle Grammatik der deutschen Gegenwartssprache",1966,Studia Grammatica III Syntax des deutschen Adjektivs,Berlin,Institut für Mundartforschung,E 006 Handbibliothek Dialektologie,links das vierte Regal,3. von oben,,141,
577,Deutsche Akademie der Wissenschaften zu Berlin. Arbeitsstelle Strukturelle Grammatik der deutschen Gegenwartssprache,1966,Studia Grammatica VII Untersuchungen über Akzent und Intonation im Deutschen,Berlin,Institut für Mundartforschung,E 006 Handbibliothek Dialektologie,links das vierte Regal,3. von oben,,201,
578,"Mater, Erich",1966,Deutsche Verben 1: Alphabetisches Gesamtverzeichnis,Leipzig,Institut für Mundartforschung,E 006 Handbibliothek Dialektologie,links das vierte Regal,3. von oben,,108,
579,"Mater, Erich",1967,Deutsche Verben 2: Grundwörter und deren Zusammensetzungen,Leipzig,Institut für Mundartforschung,E 006 Handbibliothek Dialektologie,links das vierte Regal,3. von oben,,87,
580,"Mater, Erich",1967,Deutsche Verben 3: Gesamtverzeichnis der Grundwörter/Stellung der Kompositionsglieder,Leipzig,Institut für Mundartforschung,E 006 Handbibliothek Dialektologie,links das vierte Regal,3. von oben,,122,
581,"Mater, Erich",1968,Deutsche Verben 4: Art der Zusammensetzung,Leipzig,Institut für Mundartforschung,E 006 Handbibliothek Dialektologie,links das vierte Regal,3. von oben,,84,
582,"Mater, Erich",1968,Deutsche Verben 5: Flexionsklassen,Leipzig,Institut für Mundartforschung,E 006 Handbibliothek Dialektologie,links das vierte Regal,3. von oben,,112,
583,"Mater, Erich",1971,Deutsche Verben 6: Rektionsarten,Leipzig,FSU Jena Sektion Sprachwissenschaft Wissenschaftsbereich Deutsch Abt. Mundartforschung,E 006 Handbibliothek Dialektologie,links das vierte Regal,3. von oben,,105,
584,"Mater, Erich",1969,"Deutsche Verben 7: Verhältnis zum Reflexivpronomen, Kompositionsbildung zu Grundwörtern",Leipzig,FSU Jena Sektion Sprachwissenschaft Wissenschaftsbereich Deutsch Abt. Mundartforschung,E 006 Handbibliothek Dialektologie,links das vierte Regal,3. von oben,,110,
585,"Mater, Erich",1969,Deutsche Verben 8: Perfektbildung mit haben oder sein,Leipzig,FSU Jena Sektion Sprachwissenschaft Wissenschaftsbereich Deutsch Abt. Mundartforschung,E 006 Handbibliothek Dialektologie,links das vierte Regal,3. von oben,,94,
586,"Mater, Erich",1970,"Deutsche Verben 9: Trennung der Kompositionsglieder, Wortlänge der Grundwörter",Leipzig,FSU Jena Sektion Sprachwissenschaft Wissenschaftsbereich Deutsch Abt. Mundartforschung,E 006 Handbibliothek Dialektologie,links das vierte Regal,3. von oben,,93,
587,"Mater, Erich",1972,"Deutsche Verben 10: Ableitungen, Silben, Umlaute",Leipzig,FSU Jena Sektion Sprachwissenschaft Wissenschaftsbereich Deutsch Abt. Mundartforschung,E 006 Handbibliothek Dialektologie,links das vierte Regal,3. von oben,,215,
588,"Motsch, Wolfgang   ",1978,studia grammatica XVII: Kontexte der Grammatiktheorie,Berlin,FSU Jena Sektion Sprachwissenschaft Wissenschaftsbereich Deutsch Abt. Mundartforschung,E 006 Handbibliothek Dialektologie,links das vierte Regal,3. von oben,,168,
589,"Wurzel, Wolfgang Ullrich",1970,studia grammatica VIII: Studien zur deutschen Lautstruktur,Berlin,FSU Jena Sektion Sprachwissenschaft Wissenschaftsbereich Deutsch Abt. Mundartforschung,E 006 Handbibliothek Dialektologie,links das vierte Regal,3. von oben,,291,
590,Dudenredaktion,1959,Der große Duden: Grammatik der deutschen Gegenwartssprache ,Mannheim,"Dr. Karl Spangenberg Jena, Gartenstraße 12",E 006 Handbibliothek Dialektologie,links das vierte Regal,3. von oben,,699,Der große Duden Band 4
591,Dudenredaktion,1965,Duden Hauptschwierigkeiten der deutschen Sprache,Mannheim/Zürich,FSU Jena Sektion Sprachwissenschaft Wissenschaftsbereich Deutsch Abt. Mundartforschung,E 006 Handbibliothek Dialektologie,links das vierte Regal,3. von oben,,759,Der große Duden Band 9
592,"Schmidt, Wilhelm et al",1977,Sprache - Bildung und Erziehung,Leipzig,FSU Jena Sektion Sprachwissenschaft Wissenschaftsbereich Deutsch Abt. Mundartforschung,E 006 Handbibliothek Dialektologie,links das vierte Regal,3. von oben,,280,
593,"Neumann, Werner et al ",1976,Theoretische Probleme der Sprachwissenschaft Teilband 1,Berlin,FSU Jena Sektion Sprachwissenschaft Wissenschaftsbereich Deutsch Abt. Mundartforschung,E 006 Handbibliothek Dialektologie,links das vierte Regal,3. von oben,,423,"Akademie der Wissenschaften der DDR - Zentralinstitut für Sprachwissenschaft, Reihe Sprache und Gesellschaft Band 9"
594,"Neumann, Werner et al ",1976,Theoretische Probleme der Sprachwissenschaft Teilband 2,Berlin,FSU Jena Sektion Sprachwissenschaft Wissenschaftsbereich Deutsch Abt. Mundartforschung,E 006 Handbibliothek Dialektologie,links das vierte Regal,3. von oben,,777,"Akademie der Wissenschaften der DDR - Zentralinstitut für Sprachwissenschaft, Reihe Sprache und Gesellschaft Band 9"
595,x,1974,Aktuelle Probleme der sprachlichen Kommunikation - Soziolinguistische Studien zur sprachlichen Situation in der Deutschen Demokratischen Republik,Berlin,FSU Jena Sektion Sprachwissenschaft Wissenschaftsbereich Deutsch Abt. Mundartforschung,E 006 Handbibliothek Dialektologie,links das vierte Regal,3. von oben,,433,"Akademie der Wissenschaften der DDR - Zentralinstitut für Sprachwissenschaft, Reihe Sprache und Gesellschaft Band 2"
596,"Hartung, Wolfdietrich",1991,Kommunikation und Wissen - Annäherungen an ein interdisziplinäres Forschungsgebiet,Berlin,Arbeitsstelle Thüringisches Wörterbuch,E 006 Handbibliothek Dialektologie,links das vierte Regal,3. von oben,,389,Sprache und Gesellschaft Band 23
597,"Hartung, Wolfdietrich und Schönfeld, Helmut et al",1981,Kommunikation und Sprachvariation,Berlin,J85 FSU Jena Sektion Sprachwissenschaft Wissenschaftsbereich Deutsch Abt. Mundartforschung,E 006 Handbibliothek Dialektologie,links das vierte Regal,3. von oben,,471,Sprache und Gesellschaft Band 17
598,Akademie der Wissenschaften der UdSSR (auf Russisch),1976,Sozial-linguistische Forschung,Moskau,J85 FSU Jena Sektion Sprachwissenschaft Wissenschaftsbereich Deutsch Abt. Mundartforschung,E 006 Handbibliothek Dialektologie,links das vierte Regal,3. von oben,,227,
599,"Agricola, Erhard et al",1969,Kleine Enzyklopädie: Die deutsche Sprache (Erster Band),Leipzig,FSU Jena Sektion Sprachwissenschaft Wissenschaftsbereich Deutsch Abt. Mundartforschung,E 006 Handbibliothek Dialektologie,links das vierte Regal,3. von oben,,616,
600,"Agricola, Erhard et al",1970,Kleine Enzyklopädie: Die deutsche Sprache (Zweiter Band),Leipzig,FSU Jena Sektion Sprachwissenschaft Wissenschaftsbereich Deutsch Abt. Mundartforschung,E 006 Handbibliothek Dialektologie,links das vierte Regal,3. von oben,,627-1173,
601,"Hartung, Wolfdietrich",1974,Sprachliche Kommunikation und Gesellschaft,Berlin,FSU Jena Sektion Sprachwissenschaft Wissenschaftsbereich Deutsch Abt. Mundartforschung,E 006 Handbibliothek Dialektologie,links das vierte Regal,3. von oben,,636,Sprache und Gesellschaft Band 1
602,"Steger, Hugo",1982,Anwendungsbereiche der Soziolinguistik,Darmstadt,J85 FSU Jena Sektion Sprachwissenschaft Wissenschaftsbereich Deutsch Abt. Mundartforschung,E 006 Handbibliothek Dialektologie,links das vierte Regal,3. von oben,,355,Wege der Forschung Band CCCXIX
603,"Steger, Hugo",1982,Soziolinguistik - Ansätze zur soziolinguistischen Theoriebildung,Darmstadt,J85 FSU Jena Sektion Sprachwissenschaft Wissenschaftsbereich Deutsch Abt. Mundartforschung,E 006 Handbibliothek Dialektologie,links das vierte Regal,3. von oben,,481,Wege der Forschung Band CCCXLIV
604,"Agricola, Erhard  ",1968,Syntaktische Mehrdeutigkeit (Polysyntaktizität) bei der Analyse des Deutschen und des Englischen,Berlin,Sektion Sprachissenschaft Fachbereich Deutsch Mundartforschung,E 006 Handbibliothek Dialektologie,links das vierte Regal,3. von oben,,203,"Schriften zur Phonetik, Sprachwissenschaft und Kommunikationsforschung Nr. 12"
605,"Hintze, Fritz et al",1966,"Zeichen und System der Sprache III. Band - Veröffentlichung des II. internationalen Symposions ""Zeichen und System der Sprache"" vom 8.9. bis 15.9.1964 in Magdeburg",Berlin,Sektion Sprachissenschaft Fachbereich Deutsch Mundartforschung,E 006 Handbibliothek Dialektologie,links das vierte Regal,3. von oben,,302,"Schriften zur Phonetik, Sprachwissenschaft und Kommunikationsforschung Nr. 11"
606,"Juhasz, Janos",1970,Probleme der Interferenz,Budapest,DAW Zentralinstitut für Sprachwissenschaft Bibliothek,E 006 Handbibliothek Dialektologie,links das vierte Regal,3. von oben,,174,
607,"Stock, Eberhard und Zacharias, Christina",1982,Deutsche Satzintonation,Leipzig,J85 FSU Jena Sektion Sprachwissenschaft Wissenschaftsbereich Deutsch Abt. Mundartforschung,E 006 Handbibliothek Dialektologie,links das vierte Regal,3. von oben,,123,
608,"Dähnhardt, Wolfgang und Ludwig, Helmut",1984,Schreibtechnik und Satzvorschriften von A bis Z,Leipzig,J85 FSU Jena Sektion Sprachwissenschaft Wissenschaftsbereich Deutsch Abt. Mundartforschung,E 006 Handbibliothek Dialektologie,links das vierte Regal,3. von oben,,252,
609,"Greule, Albrecht und Schmid, Alois",2001,Nominum Gratia Namenforschung in Bayern und Nachbarländern Festgabe für Wolf-Armin Frhr. v. Reitzenstein zum 60. Geburtstag,München,Geschenk von A. Fuchs 25.06.2007,E 006 Handbibliothek Dialektologie,links das vierte Regal,3. von oben,,299,Materialien zur bayerischen Landesgeschichte Band 13
610,"Prochaska, Walter",1963,Die Entwicklung des Textilgewerbes auf dem Eichsfelde,Eichsfeld,Institut für Mundartforschung,E 006 Handbibliothek Dialektologie,links das vierte Regal,4. von oben,,67,Eichsfelder Heimathefte Sonderheft 1963
611,"Barthel, Rolf et al",1965,"Eichsfelder Heimathefte 1, 2, 4, 5",Eichsfeld,x,E 006 Handbibliothek Dialektologie,links das vierte Regal,4. von oben,,"1-64,65-127, 128-256, 257-320",
612,VEB Bibliographisches Institut Leipzig,1975,"Sprachpflege: Zeitschrift für gutes Deutsch (Heft 1, 2, 3, 4, 6, 8, 9, 10, 11, 12 gebündelt)",Leipzig,FSU Jena Sektion Sprachwissenschaft Wissenschaftsbereich Deutsch Abt. Mundartforschung,E 006 Handbibliothek Dialektologie,links das vierte Regal,4. von oben,,,
613,VEB Bibliographisches Institut Leipzig,1976,Sprachpflege: Zeitschrift für gutes Deutsch (Heft 1-12 gebündelt),Leipzig,FSU Jena Sektion Sprachwissenschaft Wissenschaftsbereich Deutsch Abt. Mundartforschung,E 006 Handbibliothek Dialektologie,links das vierte Regal,4. von oben,,,
614,VEB Bibliographisches Institut Leipzig,1977,Sprachpflege: Zeitschrift für gutes Deutsch (Heft 1-12 gebündelt),Leipzig,FSU Jena Sektion Sprachwissenschaft Wissenschaftsbereich Deutsch Abt. Mundartforschung,E 006 Handbibliothek Dialektologie,links das vierte Regal,4. von oben,,,
615,VEB Bibliographisches Institut Leipzig,1978,Sprachpflege: Zeitschrift für gutes Deutsch (Heft 1-12 gebündelt),Leipzig,FSU Jena Sektion Sprachwissenschaft Wissenschaftsbereich Deutsch Abt. Mundartforschung,E 006 Handbibliothek Dialektologie,links das vierte Regal,4. von oben,,,
616,VEB Bibliographisches Institut Leipzig,1979,Sprachpflege: Zeitschrift für gutes Deutsch (Heft 1-12 gebündelt),Leipzig,FSU Jena Sektion Sprachwissenschaft Wissenschaftsbereich Deutsch Abt. Mundartforschung,E 006 Handbibliothek Dialektologie,links das vierte Regal,4. von oben,,,
617,VEB Bibliographisches Institut Leipzig,1980,Sprachpflege: Zeitschrift für gutes Deutsch (Heft 1-12 gebündelt),Leipzig,FSU Jena Sektion Sprachwissenschaft Wissenschaftsbereich Deutsch Abt. Mundartforschung,E 006 Handbibliothek Dialektologie,links das vierte Regal,4. von oben,,,
618,VEB Bibliographisches Institut Leipzig,1981,Sprachpflege: Zeitschrift für gutes Deutsch (Heft 1-12 einzeln),Leipzig,J85 FSU Jena Sektion Sprachwissenschaft Wissenschaftsbereich Deutsch Abt. Mundartforschung,E 006 Handbibliothek Dialektologie,links das vierte Regal,4. von oben,,,
619,VEB Bibliographisches Institut Leipzig,1982,"Sprachpflege: Zeitschrift für gutes Deutsch (Heft 1-9 + 11,12 einzeln)",Leipzig,J85 FSU Jena Sektion Sprachwissenschaft Wissenschaftsbereich Deutsch Abt. Mundartforschung,E 006 Handbibliothek Dialektologie,links das vierte Regal,4. von oben,,,
620,VEB Bibliographisches Institut Leipzig,1983,Sprachpflege: Zeitschrift für gutes Deutsch (Heft 1-12 einzeln),Leipzig,J85 FSU Jena Sektion Sprachwissenschaft Wissenschaftsbereich Deutsch Abt. Mundartforschung,E 006 Handbibliothek Dialektologie,links das vierte Regal,4. von oben,,,
621,VEB Bibliographisches Institut Leipzig,1984,"Sprachpflege: Zeitschrift für gutes Deutsch (Heft 1-4, 6-12 einzeln)",Leipzig,J85 FSU Jena Sektion Sprachwissenschaft Wissenschaftsbereich Deutsch Abt. Mundartforschung,E 006 Handbibliothek Dialektologie,links das vierte Regal,4. von oben,,,
622,VEB Bibliographisches Institut Leipzig,1985,Sprachpflege: Zeitschrift für gutes Deutsch (Heft 1-12 einzeln),Leipzig,J85 FSU Jena Sektion Sprachwissenschaft Wissenschaftsbereich Deutsch Abt. Mundartforschung,E 006 Handbibliothek Dialektologie,links das vierte Regal,4. von oben,,,
623,VEB Bibliographisches Institut Leipzig,1986,Sprachpflege: Zeitschrift für gutes Deutsch (Heft 1-12 einzeln),Leipzig,J85 FSU Jena Sektion Sprachwissenschaft Wissenschaftsbereich Deutsch Abt. Mundartforschung,E 006 Handbibliothek Dialektologie,links das vierte Regal,4. von oben,,,
624,VEB Bibliographisches Institut Leipzig,1987,"Sprachpflege: Zeitschrift für gutes Deutsch (Heft 1-7, 9-12 einzeln)",Leipzig,J85 FSU Jena Sektion Sprachwissenschaft Wissenschaftsbereich Deutsch Abt. Mundartforschung,E 006 Handbibliothek Dialektologie,links das vierte Regal,4. von oben,,,
625,VEB Bibliographisches Institut Leipzig,1988,"Sprachpflege: Zeitschrift für gutes Deutsch (Heft 1-10, 12 einzeln)",Leipzig,J85 FSU Jena Sektion Sprachwissenschaft Wissenschaftsbereich Deutsch Abt. Mundartforschung,E 006 Handbibliothek Dialektologie,links das vierte Regal,4. von oben,,,
626,VEB Bibliographisches Institut Leipzig,1989,Sprachpflege: Zeitschrift für gutes Deutsch (Heft 1-12 einzeln),Leipzig,J85 FSU Jena Sektion Sprachwissenschaft Wissenschaftsbereich Deutsch Abt. Mundartforschung,E 006 Handbibliothek Dialektologie,links das vierte Regal,4. von oben,,,
627,Friedrich-Schiller-Universität Jena,1970,Sprachwissenschaftliche Beiträge,Jena,Sektion Sprachissenschaft Fachbereich Deutsch Mundartforschung,E 006 Handbibliothek Dialektologie,links das vierte Regal,4. von oben,,711-953,"Wissenschaftliche Zeitschrift, Gesellschafts- und Sprachwissenschaftliche Reihe 19. Jahrgang, Heft 5/1970"
628,Friedrich-Schiller-Universität Jena,1971,(verschiedene Inhalte),Jena,FSU Jena Sektion Sprachwissenschaft Wissenschaftsbereich Deutsch Abt. Mundartforschung,E 006 Handbibliothek Dialektologie,links das vierte Regal,4. von oben,,211,"Wissenschaftliche Zeitschrift, Gesellschafts- und Sprachwissenschaftliche Reihe 20. Jahrgang, Heft 5/1971"
629,Friedrich-Schiller-Universität Jena,1972,Sprachwissenschaftliche Beiträge - Der antike und der sozialistische Humanismus,Jena,FSU Jena Sektion Sprachwissenschaft Wissenschaftsbereich Deutsch Abt. Mundartforschung,E 006 Handbibliothek Dialektologie,links das vierte Regal,4. von oben,,649-950,"Wissenschaftliche Zeitschrift, Gesellschafts- und Sprachwissenschaftliche Reihe 21. Jahrgang, Heft 5/6 1972"
630,Friedrich-Schiller-Universität Jena,1977,Stadt und Städtebürgertum im Feudalismus,Jena,FSU Jena Sektion Sprachwissenschaft Wissenschaftsbereich Deutsch Abt. Mundartforschung,E 006 Handbibliothek Dialektologie,links das vierte Regal,4. von oben,,275-404,"Wissenschaftliche Zeitschrift, Gesellschafts- und Sprachwissenschaftliche Reihe 26. Jahrgang, Heft 3/1977"
631,Friedrich-Schiller-Universität Jena,1979,Burg und Stadt in Geschichte und Gegenwart,Jena,FSU Jena Sektion Sprachwissenschaft Wissenschaftsbereich Deutsch Abt. Mundartforschung,E 006 Handbibliothek Dialektologie,links das vierte Regal,4. von oben,,307-495,"Wissenschaftliche Zeitschrift, Gesellschafts- und Sprachwissenschaftliche Reihe 28. Jahrgang, Heft 3/1979"
632,Friedrich-Schiller-Universität Jena,1984,Martin Luther Leistungen und Wirkungen,Jena,J85 FSU Jena Sektion Sprachwissenschaft Wissenschaftsbereich Deutsch Abt. Mundartforschung,E 006 Handbibliothek Dialektologie,links das vierte Regal,4. von oben,,279-418,"Wissenschaftliche Zeitschrift, Gesellschafts- und Sprachwissenschaftliche Reihe 33. Jahrgang, Heft 3/1984"
633,Gesellschaft für deutsche Sprache Wiesbaden,1988,Zeitschrift zur Pflege und Erforschung der deutschen Sprache 4/1988,Speyer/Rhein,J80 Universitätsbibliothek Jena Zweigstelle Sprachwissenschaft,E 006 Handbibliothek Dialektologie,links das vierte Regal,4. von oben,,289-376,Muttersprache Heft 4 Dezember 1988
634,Gesellschaft für deutsche Sprache Wiesbaden,1989,Zeitschrift zur Pflege und Erforschung der deutschen Sprache 1/1989,Speyer/Rhein,J80 Universitätsbibliothek Jena Zweigstelle Sprachwissenschaft,E 006 Handbibliothek Dialektologie,links das vierte Regal,4. von oben,,0-95,Muttersprache Heft 1 März 1989
635,Gesellschaft für deutsche Sprache Wiesbaden,1989,Zeitschrift zur Pflege und Erforschung der deutschen Sprache 2/1989,Speyer/Rhein,J80 Universitätsbibliothek Jena Zweigstelle Sprachwissenschaft,E 006 Handbibliothek Dialektologie,links das vierte Regal,4. von oben,,96-190,Muttersprache Heft 2 Juni 1989
636,Gesellschaft für deutsche Sprache Wiesbaden,1989,Zeitschrift zur Pflege und Erforschung der deutschen Sprache 43/1989,Speyer/Rhein,J80 Universitätsbibliothek Jena Zweigstelle Sprachwissenschaft,E 006 Handbibliothek Dialektologie,links das vierte Regal,4. von oben,,193-288,Muttersprache Heft 3 September 1989
637,Gesellschaft für deutsche Sprache Wiesbaden,1989,Zeitschrift zur Pflege und Erforschung der deutschen Sprache 4/1989,Speyer/Rhein,J80,E 006 Handbibliothek Dialektologie,links das vierte Regal,4. von oben,,289-384,Muttersprache Heft 4 Dezember 1989
638,Gesellschaft für deutsche Sprache Wiesbaden,1992,Zeitschrift zur Pflege und Erforschung der deutschen Sprache 1/1992,Speyer/Rhein,Universitätsbibliothek Jena Zweigstelle Literatur- und Kunstwissenschaft,E 006 Handbibliothek Dialektologie,links das vierte Regal,4. von oben,,96,Muttersprache Heft 1 März 1992
639,Gesellschaft für deutsche Sprache Wiesbaden,1992,Zeitschrift zur Pflege und Erforschung der deutschen Sprache 2/1992,Speyer/Rhein,x,E 006 Handbibliothek Dialektologie,links das vierte Regal,4. von oben,,97-192,Muttersprache Heft 2 Juni 1992
640,Gesellschaft für deutsche Sprache Wiesbaden,1992,Zeitschrift zur Pflege und Erforschung der deutschen Sprache 4/1992,Speyer/Rhein,J80,E 006 Handbibliothek Dialektologie,links das vierte Regal,4. von oben,,289-381,Muttersprache Heft 4 Dezember 1992
641,Gesellschaft für deutsche Sprache Wiesbaden,1993,Zeitschrift zur Pflege und Erforschung der deutschen Sprache 1/1993,Speyer/Rhein,J80,E 006 Handbibliothek Dialektologie,links das vierte Regal,4. von oben,,0-88,Muttersprache Heft 1 März 1993
642,Gesellschaft für deutsche Sprache Wiesbaden,1993,Zeitschrift zur Pflege und Erforschung der deutschen Sprache 2/1993,Speyer/Rhein,Thüringer Universitäts- und Landesbibliothek Jena Zweigbibliothek Germanistik,E 006 Handbibliothek Dialektologie,links das vierte Regal,4. von oben,,89-183,Muttersprache Heft 2 Juni 1993
643,Gesellschaft für deutsche Sprache Wiesbaden,1993,Zeitschrift zur Pflege und Erforschung der deutschen Sprache 3/1993,Speyer/Rhein,J80 Thüringer Universitäts- und Landesbibliothek Jena Zweigbibliothek Germanistik,E 006 Handbibliothek Dialektologie,links das vierte Regal,4. von oben,,184-281,Muttersprache Heft 3 September 1993
644,Gesellschaft für deutsche Sprache Wiesbaden,1993,Zeitschrift zur Pflege und Erforschung der deutschen Sprache 4/1993,Speyer/Rhein,J80 Thüringer Universitäts- und Landesbibliothek Jena Zweigbibliothek Germanistik,E 006 Handbibliothek Dialektologie,links das vierte Regal,4. von oben,,285-377,Muttersprache Heft 4 Dezember 1993
645,Gesellschaft für deutsche Sprache Wiesbaden,1994,Vierteljahresschrift für deutsche Sprache 4/1994,Speyer/Rhein,Thüringer Universitäts- und Landesbibliothek Jena Zweigbibliothek Germanistik,E 006 Handbibliothek Dialektologie,links das vierte Regal,4. von oben,,289-384,Muttersprache Heft 4 Dezember 1994
646,Gesellschaft für deutsche Sprache Wiesbaden,1996,Vierteljahresschrift für deutsche Sprache 3/1996,Speyer/Rhein,Thüringer Universitäts- und Landesbibliothek Jena Zweigbibliothek Germanistik,E 006 Handbibliothek Dialektologie,links das vierte Regal,4. von oben,,193-288,Muttersprache Heft 3 September 1996
647,Gesellschaft für deutsche Sprache Wiesbaden,2001,Vierteljahresschrift für deutsche Sprache 2/2001,Speyer/Rhein,J53,E 006 Handbibliothek Dialektologie,links das vierte Regal,4. von oben,,97-192,Muttersprache Heft 2 Juni 2001
648,Karl-Marx-Universität Leipzig,1978,"Variabilität in Sprachsystem und Text: textlinguistische, soziolinguistische und stilistische Aspekte",Leipzig,"Sächsische Akademie der Wissenschaften zu Leipzig, Sprachwissenschaftliche Kommission, Arbeitsstelle Thüringisches Wörterbuch",E 006 Handbibliothek Dialektologie,links das vierte Regal,4. von oben,,523-634,Wissenschaftliche Zeitschrift 5/1978
649,"Straßner, Erich",1964,Berchtengestalten in Ostfranken - Ein Beitrag zur ostfränkischen Volkskunde,x,Institut für Mundartforschung,E 006 Handbibliothek Dialektologie,links das vierte Regal,4. von oben,,345-399,"Sonderdruck aus Jahrbuch für fränkische Landesforschung Band 24, Jahrgang 1964"
650,"Weber-Kellermann, Ingeborg und Steinitz, Wolfgang",1953,Beiträge zur sprachlichen Volksüberlieferung,Berlin,Institut für Mundartforschung,E 006 Handbibliothek Dialektologie,links das vierte Regal,4. von oben,,269,Deutsche Akademie der Wissenschaften zu Berlin - Veröffentlichungen der Kommission für Volkskunde Band 2
651,Stadtverwaltung Pößneck,x,200 Jahre Goethe in Pössneck - Beiträge zur Geschichte der Stadt Pößneck und zu ihrer Goethe-Tradition,Saalfeld,Arbeitsstelle Thüringisches Wörterbuch,E 006 Handbibliothek Dialektologie,links das vierte Regal,4. von oben,,40,
652,Deutscher Kulturbund Jena,1960,Kultur und Heimat - Monatsschrift für Stadt und Land 1,Rudolstadt,x,E 006 Handbibliothek Dialektologie,links das vierte Regal,4. von oben,,48,Kultur und Heimat Heft 1 Januar 1960
653,Deutscher Kulturbund Jena,1960,Kultur und Heimat - Monatsschrift für Stadt und Land 8,Rudolstadt,x,E 006 Handbibliothek Dialektologie,links das vierte Regal,4. von oben,,337-384,Kultur und Heimat Heft 8 August 1960
654,Pädagogisches Kreiskabinett Worbis,1979,Zur Entwicklung des sozialistischen Bildungswesens im Kreis Worbis,Heiligenstadt,J85 FSU Jena Sektion Sprachwissenschaft Wissenschaftsbereich Deutsch Abt. Mundartforschung,E 006 Handbibliothek Dialektologie,links das vierte Regal,4. von oben,,96,Eichsfelder Heimathefte Sonderheft 1979
655,"Wodner, Dietmar",1975,Zur Vogelwelt des Eichsfeldes,Heiligenstadt,J85 FSU Jena Sektion Sprachwissenschaft Wissenschaftsbereich Deutsch Abt. Mundartforschung,E 006 Handbibliothek Dialektologie,links das vierte Regal,4. von oben,,128,Sonderausgabe der Eichsfelder Heimathefte 1975
656,Pädagogisches Kreiskabinett Worbis,1988,Theodor Storm und Heiligenstadt,Heiligenstadt,J85 FSU Jena Sektion Sprachwissenschaft Wissenschaftsbereich Deutsch Abt. Mundartforschung,E 006 Handbibliothek Dialektologie,links das vierte Regal,4. von oben,,80,Sonderausgabe der Eichsfelder Heimathefte 
657,"Lauerwald, Paul",1989,Geschichte und Entwicklung der Eisenbahnstrecke Nordhausen-Arenshausen,Heiligenstadt,FSU Jena Sektion Sprachwissenschaft Wissenschaftsbereich Deutsch Abt. Mundartforschung,E 006 Handbibliothek Dialektologie,links das vierte Regal,4. von oben,,87,Sonderausgabe der Eichsfelder Heimathefte 1989
658,Pädagogisches Kreiskabinett Worbis,1978,Theodor Storm und Heiligenstadt,Heiligenstadt,J85 FSU Jena Sektion Sprachwissenschaft Wissenschaftsbereich Deutsch Abt. Mundartforschung,E 006 Handbibliothek Dialektologie,links das vierte Regal,4. von oben,,95,Sonderausgabe der Eichsfelder Sonderhefte
659,"Kaiser, Wolfram",1985,Heilkunde auf dem Eichsfeld,Heiligenstadt,J85 FSU Jena Sektion Sprachwissenschaft Wissenschaftsbereich Deutsch Abt. Mundartforschung,E 006 Handbibliothek Dialektologie,links das vierte Regal,4. von oben,,96,Sonderausgabe der Eichsfelder Heimathefte 1985
660,"Demme, Hans und Kabisch, Karl-Heinz",1986,Ferdinand Freiherr von Winzingerode - russischer General und deutscher Patriot,Heiligenstadt,J85 FSU Jena Sektion Sprachwissenschaft Wissenschaftsbereich Deutsch Abt. Mundartforschung,E 006 Handbibliothek Dialektologie,links das vierte Regal,4. von oben,,95,Sonderausgabe der Eichsfelder Heimathefte 1986
661,"Kaiser, Wolfram",1987,Heilkunde auf dem Eichsfeld,Heiligenstadt,J85 FSU Jena Sektion Sprachwissenschaft Wissenschaftsbereich Deutsch Abt. Mundartforschung,E 006 Handbibliothek Dialektologie,links das vierte Regal,4. von oben,,96,Sonderausgabe der Eichsfelder Heimathefte 1987
662,"Demme, Hans   ",1973,Zum Prozeß der Herausbildung des Proletariats auf dem Eichsfeld in der 2. Hälfte des 19. Jahrhunderts,Heiligenstadt,J85 FSU Jena Sektion Sprachwissenschaft Wissenschaftsbereich Deutsch Abt. Mundartforschung,E 006 Handbibliothek Dialektologie,links das vierte Regal,4. von oben,,94,Sonderausgabe der Eichsfelder Heimathefte 1973
663,"Barthel, Rolf und Demme, Hans und Geiger, Walter",1970,Beiträge zur Lage und zum Kampf der Arbeiter des Eichsfeldes,Heiligenstadt,FSU Jena Sektion Sprachwissenschaft Wissenschaftsbereich Deutsch Abt. Mundartforschung,E 006 Handbibliothek Dialektologie,links das vierte Regal,4. von oben,,107,Sonderausgabe der Eichsfelder Heimathefte 1970
664,"Lauerwald, Paul",1976,Zur Münz- und Geldgeschichte des Eichsfeldes,Heiligenstadt,J85 FSU Jena Sektion Sprachwissenschaft Wissenschaftsbereich Deutsch Abt. Mundartforschung,E 006 Handbibliothek Dialektologie,links das vierte Regal,4. von oben,,87,Sonderausgabe der Eichsfelder Heimathefte 1976
665,"Köhler, Hans und Reck, Volker",1981,Beiträge zur Pflanzenwelt des Eichsfeldes,Heiligenstadt,J85 FSU Jena Sektion Sprachwissenschaft Wissenschaftsbereich Deutsch Abt. Mundartforschung,E 006 Handbibliothek Dialektologie,links das vierte Regal,4. von oben,,87,Sonderausgabe der Eichsfelder Heimathefte 1981
666,"Godehardt, Helmut",1982,Do schmunzelt d'r Eichsfaelder,Heiligenstadt,J85 FSU Jena Sektion Sprachwissenschaft Wissenschaftsbereich Deutsch Abt. Mundartforschung,E 006 Handbibliothek Dialektologie,links das vierte Regal,4. von oben,,95,Sonderausgabe der Eichsfelder Heimathefte 1982
667,"Trappe, Wolfgang",1983,Tilman Riemenschneider - zwischen Krummstab und Morgenstern,Heiligenstadt,J85 FSU Jena Sektion Sprachwissenschaft Wissenschaftsbereich Deutsch Abt. Mundartforschung,E 006 Handbibliothek Dialektologie,links das vierte Regal,4. von oben,,87,Sonderausgabe der Eichsfelder Heimathefte 1983
668,"Barthel, Rolf und Fischer, Martin",1984,Major M.B. Dsilichow - erster sowjetischer Kommandant des Kreises Eichsfeld 1945/46,Heiligenstadt,J85 FSU Jena Sektion Sprachwissenschaft Wissenschaftsbereich Deutsch Abt. Mundartforschung,E 006 Handbibliothek Dialektologie,links das vierte Regal,4. von oben,,95,Sonderausgabe der Eichsfelder Heimathefte 1984
669,"Barthel, Rolf",1977,Zwischenspiel auf Bischofstein,Heiligenstadt,J85 FSU Jena Sektion Sprachwissenschaft Wissenschaftsbereich Deutsch Abt. Mundartforschung,E 006 Handbibliothek Dialektologie,links das vierte Regal,4. von oben,,120,Sonderausgabe der Eichsfelder Heimathefte 1977
670,"Barthel, Rolf und Demme, Hans et al",1972,Wanderungen im Kreis Worbis,Heiligenstadt,J85 FSU Jena Sektion Sprachwissenschaft Wissenschaftsbereich Deutsch Abt. Mundartforschung,E 006 Handbibliothek Dialektologie,links das vierte Regal,4. von oben,,127,Sonderausgabe der Eichsfelder Heimathefte 1972
671,"Hartleib, Walter und Herold, Albrecht et al ",1974,800 Jahre Wingerode,Heiligenstadt,FSU Jena Sektion Sprachwissenschaft Wissenschaftsbereich Deutsch Abt. Mundartforschung,E 006 Handbibliothek Dialektologie,links das vierte Regal,4. von oben,,96,Sonderausgabe der Eichsfelder Heimathefte 1974
672,"Rat des Kreises, Abteilung Kultur, Kreiskommision Natur und Heimat des Kulturbundes der DDR Rudolstadt (",1955-1974,Rudolstädter Heimathefte. Inhaltsverzeichnis zum 1.-20. Jahrgang (1955-1974) 1- & 2.Teil,Rudolstadt,FSU Jena Sektion Sprachwissenschaft Wissenschaftsbereich Deutsch Abt. Mundartforschung,E 006 Handbibliothek Dialektologie,links das vierte Regal,4. von oben,,60,Rudolstädter Heimathefte 1955-1974. 1.-20. JG
673,"Kulturbund zur demokratischen Erneuerung Deutschlands, Ortsgruppe Rudolstadt & Rat der Stadt Rudolstadt (Hrsg)",1956,Rudolstädter Heimathefte. Beiträge zur Heimatkunde des Kreises Rudolstadt. September 1956 Heft 9,Rudolstadt,,E 006 Handbibliothek Dialektologie,links das vierte Regal,4. von oben,,217-248,Rudolstädter Heimathefte 1956  2. JG
674,"Kulturbund zur demokratischen Erneuerung Deutschlands, Ortsgruppe Rudolstadt & Rat der Stadt Rudolstadt (Hrsg)",1958,Rudolstädter Heimathefte. Beiträge zur Heimatkunde des Kreises Rudolstadt. Januar-Februar 1958,Rudolstadt,Institut für Mundartforschung,E 006 Handbibliothek Dialektologie,links das vierte Regal,4. von oben,,48,Rudolstädter Heimathefte 1958 4. JG
675,"Deubler, Heinz ",1958,Über die Entstehung von Orts- und Flurwüstungen im Kreis Rudolstadt und einigen angrenzenden Gemarkungen ,Rudolstadt,Institut für Mundartforschung,E 006 Handbibliothek Dialektologie,links das vierte Regal,4. von oben,,45,Rudolstädter Heimathefte 1958 4. JG. Beiheft 1
676,"Rat des Kreises, Abt. Kultur & Deutscher Kulturbund, Kreisleitung Rudolstadt ",1959,"Rudolstädter Heimathefte. Beiträge zur Heimatkunde des Kreises Rudolstadt. Feburar, April 1959",Rudolstadt,Institut für Mundartforschung,E 006 Handbibliothek Dialektologie,links das vierte Regal,4. von oben,,,Rudolstädter Heimathefte 1959 5. JG
677,"Rat des Kreises, Abt. Kultur & Deutscher Kulturbund, Kreisleitung Rudolstadt ",1960,Rudolstädter Heimathefte. Beiträge zur Heimatkunde des Kreises Rudolstadt. März-Juni 1964,Rudolstadt,Institut für Mundartforschung,E 006 Handbibliothek Dialektologie,links das vierte Regal,4. von oben,,,"Rudolstädter Heimathefte 1960, 6. JG"
678,"Deubler, Heinz & Eichler, Ernst",1961,"Slawische Flurnamen im Kreise Rudolstadt. Sonderdruck aus: Rudolstädter Heimathefte, 7. Jahrgang 1961., Nr. 1-2",Rudolstadt,Institut für Mundartforschung,E 006 Handbibliothek Dialektologie,links das vierte Regal,4. von oben,,18-39,"Rudolstädter Heimathefte 1961, 7. JG. Sonderdurck 4/5"
679,"Deubler, Heinz & Eichler, Ernst",1961,"Slawische Flurnamen im Kreise Rudolstadt. Sonderdruck aus: Rudolstädter Heimathefte, 7. Jahrgang., Nr. 4/5",Rudolstadt,Institut für Mundartforschung,E 006 Handbibliothek Dialektologie,links das vierte Regal,4. von oben,,89-92,"Rudolstädter Heimathefte 1961, 7. JG. Sonderdurck 1-2"
680,Kabinett für Kulturarbeit Rudolstadt,1964,Rudolstädter Heimathefte. Beiträge zur Heimatkunde des Kreises Rudolstadt. Januar-Dezember 1964,Rudolstadt,Institut für Mundartforschung,E 006 Handbibliothek Dialektologie,links das vierte Regal,4. von oben,,,"Rudolstädter Heimathefte 1964, 10. JG"
681,"Hänse, Günther & Eichler, Ernst",1964,"Slawische Flurnamen im Kreis Weimar. Sonderdruck aus: Rudolstädter Heimathefte, 10. Jahrgang., Nr. 7/8",Rudolstadt,Institut für Mundartforschung,E 006 Handbibliothek Dialektologie,links das vierte Regal,4. von oben,,,"Rudolstädter Heimathefte 1964, 10. JG, Sonderdruck"
682,Rat des Kreises (Abt. Kultur) & Kreiskommission Natur und Heimat des Deutschen Kulturbundes Rudolstadt,1965,Weiteres aus Stadt und Kreis Rudolstadt in heimischer Mundart,Rudolstadt,Institut für Mundartforschung,E 006 Handbibliothek Dialektologie,links das vierte Regal,4. von oben,,48,"Rudolstädter Heimathefte 1965, 11. JG, Sonderausgabe "
683,"Rat des Kreises, Abteilung Kultur, Kreiskommision Natur und Heimat des Kulturbundes der DDR Rudolstadt (21.-27. JG); Rat des Kreies, Abteilung Kultur, Rudolstadt (28.-30. JG)",1975-1984,Rudolstädter Heimathefte. Inhaltsverzeichnis zum 20. - 30. Jahrgang (1975-1984),Rudolstadt,FSU Jena Sektion Sprachwissenschaft Wissenschaftsbereich Deutsch Abt. Mundartforschung,E 006 Handbibliothek Dialektologie,links das vierte Regal,4. von oben,,32,Rudolstädter Heimathefte 1975-1984. 20.-30. JG
684,"Rat des Kreises, Abt. Kultur, Rudolstadt ",1990,Rudolstädter Heimathefte Januar-Dezember 1990,Rudolstadt,FSU Jena Sektion Sprachwissenschaft ,E 006 Handbibliothek Dialektologie,links das vierte Regal,4. von oben,,,"Rudolstädter Heimathefte 1990, 36 JG"
685,"Landratsamt Rudolstadt, Abt. Kultur (Hrsg)",1991,Rudolstädter Heimathefte Januar-Dezember 1991,Rudolstadt,FSU Jena Philosophische Fakultät Institut für Germanistische Sprachwissenschaft FG Deutsche Dialektologie / Soziologie ,E 006 Handbibliothek Dialektologie,links das vierte Regal,4. von oben,,,"Rudolstädter Heimathefte 1991, 37 JG"
686,"Landratsamt Rudolstadt, Abt. Kultur (Hrsg)",1992,Rudolstädter Heimathefte Januar-Dezember 1992,Rudolstadt,FSU Jena Philosophische Fakultät Institut für Germanistische Sprachwissenschaft FG Deutsche Dialektologie / Soziologie ,E 006 Handbibliothek Dialektologie,links das vierte Regal,4. von oben,,,"Rudolstädter Heimathefte 1992, 38. JG"
687,"Landratsamt Rudolstadt, Abt. Kultur (Hrsg)",1993,Rudolstädter Heimathefte Januar-Dezember 1993,Rudolstadt,FSU Jena Philosophische Fakultät Institut für Germanistische Sprachwissenschaft FG Deutsche Dialektologie / Soziolekt,E 006 Handbibliothek Dialektologie,links das vierte Regal,4. von oben,,,"Rudolstädter Heimathefte 1993, 39.JG"
688,"Landratsamt Rudolstadt, Abt. Kultur (Hrsg)",1994,Rudolstädter Heimathefte Januar-Dezember 1994,Rudolstadt,FSU Jena Philosophische Fakultät Institut für Germanistische Sprachwissenschaft FG Deutsche Dialektologie / Soziolekt,E 006 Handbibliothek Dialektologie,links das vierte Regal,4. von oben,,,"Rudolstädter Heimathefte 1994, 40. JG"
689,"Landkreis Saalfeld-Rudolstadt, Kulturreferat (Hrsg)",1995,Rudolstädter Heimathefte Januar-Dezember 1995,Rudolstadt,Thüringisches Wörterbuch Arbeitsstelle der FSU Jena und der Sächsischen Akademie der Wissenschaften zu Leipzig,E 006 Handbibliothek Dialektologie,links das vierte Regal,4. von oben,,,"Rudolstädter Heimathefte 1995, 41. JG"
690,"Landkreis Saalfeld-Rudolstadt, Kulturreferat (Hrsg)",1996,Rudolstädter Heimathefte Januar-Dezember 1996,Rudolstadt,Thüringisches Wörterbuch Arbeitsstelle der FSU Jena und der Sächsischen Akademie der Wissenschaften zu Leipzig,E 006 Handbibliothek Dialektologie,links das vierte Regal,4. von oben,,,"Rudolstädter Heimathefte 1996, 42. JG"
691,"Landkreis Saalfeld-Rudolstadt, Kulturreferat (Hrsg)",1997,Rudolstädter Heimathefte Januar-Dezember 1997,Rudolstadt,Thüringisches Wörterbuch Arbeitsstelle der FSU Jena und der Sächsischen Akademie der Wissenschaften zu Leipzig,E 006 Handbibliothek Dialektologie,links das vierte Regal,4. von oben,,,"Rudolstädter Heimathefte 1997, 43. JG"
692,"Landkreis Saalfeld-Rudolstadt, Kulturreferat (Hrsg)",1998,Rudolstädter Heimathefte. Beiträge aus dem Landkreis Saalfeld-Rudolstadt und seiner Umgebung. Januar-Dezember 1998,Rudolstadt,Thüringisches Wörterbuch Arbeitsstelle der FSU Jena und der Sächsischen Akademie der Wissenschaften zu Leipzig,E 006 Handbibliothek Dialektologie,links das vierte Regal,4. von oben,,,"Rudolstädter Heimathefte 1998, 44. JG"
693,"Landkreis Saalfeld-Rudolstadt, Kulturreferat (Hrsg)",1999,Rudolstädter Heimathefte. Beiträge aus dem Landkreis Saalfeld-Rudolstadt und seiner Umgebung. Januar-Dezember 1999,Rudolstadt,Thüringisches Wörterbuch Arbeitsstelle der FSU Jena und der Sächsischen Akademie der Wissenschaften zu Leipzig,E 006 Handbibliothek Dialektologie,links das vierte Regal,4. von oben,,,"Rudolstädter Heimathefte 1999, 45. JG"
694,"Landkreis Saalfeld-Rudolstadt, Kulturreferat (Hrsg)",2000,Rudolstädter Heimathefte.Beiträge aus dem Landkreis Saalfeld-Rudolstadt und seiner Umgebung. Januar-Dezember 2000,Rudolstadt,Thüringisches Wörterbuch Arbeitsstelle der FSU Jena und der Sächsischen Akademie der Wissenschaften zu Leipzig,E 006 Handbibliothek Dialektologie,links das vierte Regal,4. von oben,,,"Rudolstädter Heimathefte 2000, 46. JG"
695,"Landkreis Saalfeld-Rudolstadt, Kulturreferat (Hrsg)",2001,Rudolstädter Heimathefte.Beiträge aus dem Landkreis Saalfeld-Rudolstadt. Januar-Dezember 2001,Rudolstadt,Thüringisches Wörterbuch Arbeitsstelle der FSU Jena und der Sächsischen Akademie der Wissenschaften zu Leipzig,E 006 Handbibliothek Dialektologie,links das vierte Regal,4. von oben,,,"Rudolstädter Heimathefte 2001, 47. JG"
696,"Landkreis Saalfeld-Rudolstadt, Fachdienst Kultur (Hrsg)",2002,Rudolstädter Heimathefte.Beiträge aus dem Landkreis Saalfeld-Rudolstadt. Januar-Dezember 2002,Rudolstadt,Thüringisches Wörterbuch Arbeitsstelle der FSU Jena und der Sächsischen Akademie der Wissenschaften zu Leipzig,E 006 Handbibliothek Dialektologie,links das vierte Regal,4. von oben,,,"Rudolstädter Heimathefte 2002, 48. JG"
697,"Landkreis Saalfeld-Rudolstadt, Fachdienst Kultur (Hrsg)",2003,Rudolstädter Heimathefte.Beiträge aus dem Landkreis Saalfeld-Rudolstadt. Januar-Dezember 2003,Rudolstadt,Thüringisches Wörterbuch Arbeitsstelle der FSU Jena und der Sächsischen Akademie der Wissenschaften zu Leipzig,E 006 Handbibliothek Dialektologie,links das vierte Regal,4. von oben,,,"Rudolstädter Heimathefte 2003, 49. JG"
698,Landkreis Saalfeld-Rudolstadt (Hrsg),2004,Rudolstädter Heimathefte.Beiträge aus dem Landkreis Saalfeld-Rudolstadt. Januar-Dezember 2004,Rudolstadt,"Arbeitsstelle Thüringisches Wörterbuch, Thüringisches Wörterbuch",E 006 Handbibliothek Dialektologie,links das vierte Regal,4. von oben,,,"Rudolstädter Heimathefte 2004, 50. JG"
699,"Landkreis Saalfeld-Rudolstadt, Fachdienst Kultur (Hrsg)",2005,"50 Jahre Rudolstädter Heimathefte.Beiträge aus dem Landkreis Saalfeld-Rudolstadt. März-Juni, November-Dezember 2005",Rudolstadt,Thüringisches Wörterbuch Arbeitsstelle der FSU Jena und der Sächsischen Akademie der Wissenschaften zu Leipzig,E 006 Handbibliothek Dialektologie,links das vierte Regal,4. von oben,,,"Rudolstädter Heimathefte 2005, 51. JG"
700,"Eichler, Ernst ",1963,Bibliographie der Namenforschung in der Deutschen Demokratischen Republik,Leipzig,FSU Jena Sektion Sprachwissenschaft Wissenschaftsbereich Deutsch Abt. Mundartforschung,E 006 Handbibliothek Dialektologie,links das vierte Regal,5. von oben ,,116,
701,Leipziger namenkundliche Arbeitsgruppe unter Leitung von Prof. Dr. Rudolf Fischer,1966,Bibliographie der Namenforschung in der Deutschen Demokratischen Republik II. Teil (1963-1965),Leipzig,FSU Jena Sektion Sprachwissenschaft Wissenschaftsbereich Deutsch Abt. Mundartforschung,E 006 Handbibliothek Dialektologie,links das vierte Regal,5. von oben ,,104,
702,"Patze, Hans ",1965,Bibliographie zur Thüringischen Geschichte. Erster Halbband: Titel,"Köln, Graz",FSU Jena Sektion Sprachwissenschaft Wissenschaftsbereich Deutsch Abt. Mundartforschung,E 006 Handbibliothek Dialektologie,links das vierte Regal,5. von oben ,,907,Mitteldeutsche Forschungen 32/1
703,"Patze, Hans ",1966,Bibliographie zur Thüringischen Geschichte. Zweiter Halbband: Register,"Köln, Graz",FSU Jena Sektion Sprachwissenschaft Wissenschaftsbereich Deutsch Abt. Mundartforschung,E 006 Handbibliothek Dialektologie,links das vierte Regal,5. von oben ,,910-1144,Mitteldeutsche Forschungen 32/2
704,"Rat des Kreises, Abt. Kultur & Deutscher Kulturbund, Kreisleitung Rudolstadt ",1959,Rudolstädter Heimathefte. Beiträge zur Heimatkunde des Kreises Rudolstadt (Heft 1-12 gebündelt),Rudolstadt,,E 006 Handbibliothek Dialektologie,links das vierte Regal,5. von oben ,,344,Rudolstädter Heimathefte 1959 5. JG
705,"Rat des Kreises, Abt. Kultur & Deutscher Kulturbund, Kreisleitung Rudolstadt ",1960,"Rudolstädter Heimathefte. Beiträge zur Heimatkunde des Kreises Rudolstadt (Heft 1, 2, 3, 4, 5, 6, 7 gebündelt)",Rudolstadt,Institut für Mundartforschung,E 006 Handbibliothek Dialektologie,links das vierte Regal,5. von oben ,,188,Rudolstädter Heimathefte 1960 6. JG
706,Kreiskabinett für Kulturarbeit & Kreiskommision der Natur- und Heimatfreunde im Deutschen Kulturbund Rudolstadt,1962,Rudolstädter Heimathefte. Beiträge zur Heimatkunde des Kreises Rudolstadt (Heft 1-12 gebündelt),Rudolstadt,Institut für Mundartforschung,E 006 Handbibliothek Dialektologie,links das vierte Regal,5. von oben ,,320,Rudolstädter Heimathefte 1962 8. JG
707,Kreiskabinett für Kulturarbeit Rudolstadt,1963,"Rudolstädter Heimathefte. Beiträge zur Heimatkunde des Kreises Rudolstadt (Heft 1, 2, 3, 4, 5, 6, 7, 8,  gebündelt)",Rudolstadt,Institut für Mundartforschung,E 006 Handbibliothek Dialektologie,links das vierte Regal,5. von oben ,,178,Rudolstädter Heimathefte 1963  9. JG
708,Rat des Kreises (Abt. Kultur) & Kreiskommission Natur und Heimat des Deutschen Kulturbundes Rudolstadt,1965,Rudolstädter Heimathefte. Beiträge zur Heimatkunde des Kreises Rudolstadt (Heft 1-12   gebündelt),Rudolstadt,Institut für Mundartforschung,E 006 Handbibliothek Dialektologie,links das vierte Regal,5. von oben ,,276,Rudolstädter Heimathefte 1965  11. JG
709,Rat des Kreises (Abt. Kultur) & Kreiskommission Natur und Heimat des Deutschen Kulturbundes Rudolstadt,1966,"Rudolstädter Heimathefte. Beiträge zur Heimatkunde des Kreises Rudolstadt (Heft 3, 4, 5, 6, 7, 8, 9, 10, 11, 12  gebündelt)",Rudolstadt,Institut für Mundartforschung,E 006 Handbibliothek Dialektologie,links das vierte Regal,5. von oben ,,264,Rudolstädter Heimathefte 1966  12. JG
710,Rat des Kreises (Abt. Kultur) & Kreiskommission Natur und Heimat des Deutschen Kulturbundes Rudolstadt,1967,Rudolstädter Heimathefte. Beiträge zur Heimatkunde des Kreises Rudolstadt (Heft 1-12  gebündelt),Rudolstadt,Institut für Mundartforschung,E 006 Handbibliothek Dialektologie,links das vierte Regal,5. von oben ,,286,Rudolstädter Heimathefte 1967  13. JG
711,Rat des Kreises (Abt. Kultur) & Kreiskommission Natur und Heimat des Deutschen Kulturbundes Rudolstadt,1968,Rudolstädter Heimathefte. Beiträge zur Heimatkunde des Kreises Rudolstadt (Heft 1-12  gebündelt),Rudolstadt,Institut für Mundartforschung,E 006 Handbibliothek Dialektologie,links das vierte Regal,5. von oben ,,264,Rudolstädter Heimathefte 1968  14. JG
712,Rat des Kreises (Abt. Kultur) & Kreiskommission Natur und Heimat des Deutschen Kulturbundes Rudolstadt,1969,Rudolstädter Heimathefte. Beiträge zur Heimatkunde des Kreises Rudolstadt (Heft 1-12  gebündelt),Rudolstadt,FSU Jena Sektion Sprachwissenschaft Wissenschaftsbereich Deutsch Abt. Mundartforschung,E 006 Handbibliothek Dialektologie,links das vierte Regal,5. von oben ,,252,Rudolstädter Heimathefte 1969  15. JG
713,Rat des Kreises (Abt. Kultur) & Kreiskommission Natur und Heimat des Deutschen Kulturbundes Rudolstadt,1970,Rudolstädter Heimathefte. Beiträge zur Heimatkunde des Kreises Rudolstadt (Heft 1-12  gebündelt),Rudolstadt,FSU Jena Sektion Sprachwissenschaft Wissenschaftsbereich Deutsch Abt. Mundartforschung,E 006 Handbibliothek Dialektologie,links das vierte Regal,5. von oben ,,268,Rudolstädter Heimathefte 1970  16. JG
714,Rat des Kreises (Abt. Kultur) & Kreiskommission Natur und Heimat des Deutschen Kulturbundes Rudolstadt,1971,Rudolstädter Heimathefte. Beiträge zur Heimatkunde des Kreises Rudolstadt (Heft 1-12  gebündelt),Rudolstadt,FSU Jena Sektion Sprachwissenschaft Wissenschaftsbereich Deutsch Abt. Mundartforschung,E 006 Handbibliothek Dialektologie,links das vierte Regal,5. von oben ,,272,Rudolstädter Heimathefte 1971  17. JG
715,Rat des Kreises (Abt. Kultur) & Kreiskommission Natur und Heimat des Deutschen Kulturbundes Rudolstadt,1972-73,Rudolstädter Heimathefte. Beiträge zur Heimatkunde des Kreises Rudolstadt (Heft 1-12  gebündelt),Rudolstadt,FSU Jena Sektion Sprachwissenschaft Wissenschaftsbereich Deutsch Abt. Mundartforschung,E 006 Handbibliothek Dialektologie,links das vierte Regal,5. von oben ,,264 & 252,Rudolstädter Heimathefte 1972-73  18.&19. JG
716,Rat des Kreises (Abt. Kultur) & Kreiskommission Natur und Heimat des Deutschen Kulturbundes Rudolstadt,1974-75,Rudolstädter Heimathefte. Beiträge zur Heimatkunde des Kreises Rudolstadt (Heft 1-12  gebündelt),Rudolstadt,FSU Jena Sektion Sprachwissenschaft Wissenschaftsbereich Deutsch Abt. Mundartforschung,E 006 Handbibliothek Dialektologie,links das vierte Regal,5. von oben ,,260 & 272,Rudolstädter Heimathefte 1974-75  20.&21. JG
717,Rat des Kreises (Abt. Kultur) & Kreiskommission Natur und Heimat des Deutschen Kulturbundes Rudolstadt,1976-77,Rudolstädter Heimathefte. Beiträge zur Heimatkunde des Kreises Rudolstadt (Heft 1-12  gebündelt),Rudolstadt,FSU Jena Sektion Sprachwissenschaft Wissenschaftsbereich Deutsch Abt. Mundartforschung,E 006 Handbibliothek Dialektologie,links das vierte Regal,5. von oben ,,271 & 272,Rudolstädter Heimathefte 1976-77  22.&23. JG
718,Rat des Kreises (Abt. Kultur) & Kreiskommission Natur und Heimat des Deutschen Kulturbundes Rudolstadt,1978,Rudolstädter Heimathefte. Beiträge zur Heimatkunde des Kreises Rudolstadt (Heft 1-12  gebündelt),Rudolstadt,FSU Jena Sektion Sprachwissenschaft Wissenschaftsbereich Deutsch Abt. Mundartforschung,E 006 Handbibliothek Dialektologie,links das vierte Regal,5. von oben ,,240,Rudolstädter Heimathefte 1978 24. JG
719,Rat des Kreises (Abt. Kultur) & Kreiskommission Natur und Heimat des Deutschen Kulturbundes Rudolstadt,1979,Rudolstädter Heimathefte. Beiträge zur Heimatkunde des Kreises Rudolstadt (Heft 1-12  gebündelt),Rudolstadt,FSU Jena Sektion Sprachwissenschaft Wissenschaftsbereich Deutsch Abt. Mundartforschung,E 006 Handbibliothek Dialektologie,links das vierte Regal,5. von oben ,,252,Rudolstädter Heimathefte 1979  25. JG
720,Rat des Kreises (Abt. Kultur) & Kreiskommission Natur und Heimat des Kulturbundes der DDR Rudolstadt,1980,Rudolstädter Heimathefte. Beiträge zur Heimatkunde des Kreises Rudolstadt (Heft 1-12  gebündelt),Rudolstadt,FSU Jena Sektion Sprachwissenschaft Wissenschaftsbereich Deutsch Abt. Mundartforschung,E 006 Handbibliothek Dialektologie,links das vierte Regal,5. von oben ,,261,Rudolstädter Heimathefte 1980  26. JG
721,Rat des Kreises (Abt. Kultur) & Kreiskommission Natur und Heimat des Kulturbundes der DDR Rudolstadt,1981,Rudolstädter Heimathefte. Beiträge zur Heimatkunde des Kreises Rudolstadt (Heft 1-12  gebündelt),Rudolstadt,FSU Jena Sektion Sprachwissenschaft Wissenschaftsbereich Deutsch Abt. Mundartforschung,E 006 Handbibliothek Dialektologie,links das vierte Regal,5. von oben ,,258,Rudolstädter Heimathefte 1981 27. JG
722,"Rat des Kreises, Abt. Kultur, Rudolstadt ",1982,Rudolstädter Heimathefte. Beiträge zur Heimatkunde des Kreises Rudolstadt (Heft 1-12  gebündelt),Rudolstadt,FSU Jena Sektion Sprachwissenschaft Wissenschaftsbereich Deutsch Abt. Mundartforschung,E 006 Handbibliothek Dialektologie,links das vierte Regal,5. von oben ,,257,Rudolstädter Heimathefte 1982 28. JG
723,"Rat des Kreises, Abt. Kultur, Rudolstadt ",1983,Rudolstädter Heimathefte. Beiträge zur Heimatkunde des Kreises Rudolstadt (Heft 1-12  gebündelt),Rudolstadt,FSU Jena Sektion Sprachwissenschaft Wissenschaftsbereich Deutsch Abt. Mundartforschung,E 006 Handbibliothek Dialektologie,links das vierte Regal,5. von oben ,,277,Rudolstädter Heimathefte 1983 29. JG
724,"Rat des Kreises, Abt. Kultur, Rudolstadt ",1984,Rudolstädter Heimathefte. Beiträge zur Heimatkunde des Kreises Rudolstadt (Heft 1-12  gebündelt),Rudolstadt,FSU Jena Sektion Sprachwissenschaft Wissenschaftsbereich Deutsch Abt. Mundartforschung,E 006 Handbibliothek Dialektologie,links das vierte Regal,5. von oben ,,264,Rudolstädter Heimathefte 1984 30. JG
725,"Rat des Kreises, Abt. Kultur, Rudolstadt ",1985,Rudolstädter Heimathefte. Beiträge zur Heimatkunde des Kreises Rudolstadt (Heft 1-12  gebündelt),Rudolstadt,FSU Jena Sektion Sprachwissenschaft WB Germanistik Abt. Mundartforschung / Thür. Wörterbuch,E 006 Handbibliothek Dialektologie,links das vierte Regal,5. von oben ,,273,Rudolstädter Heimathefte 1985 31. JG
726,"Rat des Kreises, Abt. Kultur Rudolstadt",1986,Rudolstädter Heimathefte. Beiträge zur Heimatkunde des Kreises Rudolstadt (Heft 1-12  gebündelt),Rudolstadt,FSU Jena Sektion Sprachwissenschaft WB Germanistik Abt. Mundartforschung / Thür. Wörterbuch,E 006 Handbibliothek Dialektologie,links das vierte Regal,5. von oben ,,265,Rudolstädter Heimathefte 1986 32. JG
727,"Rat des Kreises, Abt. Kultur",1987,Rudolstädter Heimathefte. Beiträge zur Heimatkunde des Kreises Rudolstadt (Heft 1-12  gebündelt),Rudolstadt,FSU Jena Sektion Sprachwissenschaft WB Germanistik Abt. Mundartforschung / Thür. Wörterbuch,E 006 Handbibliothek Dialektologie,links das vierte Regal,5. von oben ,,241,Rudolstädter Heimathefte 1987 33. JG
728,"Rat des Kreises, Abt. Kultur",1988,Rudolstädter Heimathefte. Beiträge zur Heimatkunde des Kreises Rudolstadt (Heft 1-12  gebündelt),Rudolstadt,FSU Jena Sektion Sprachwissenschaft WB Germanistik Abt. Mundartforschung / Thür. Wörterbuch,E 006 Handbibliothek Dialektologie,links das vierte Regal,5. von oben ,,249,Rudolstädter Heimathefte 1988 34. JG
729,,1989,Rudolstädter Heimathefte. Beiträge zur Heimatkunde des Kreises Rudolstadt (Heft 1-12  gebündelt),Rudolstadt,FSU Jena Sektion Sprachwissenschaft WB Germanistik Abt. Mundartforschung / Thür. Wörterbuch,E 006 Handbibliothek Dialektologie,links das vierte Regal,5. von oben ,,260,Rudolstädter Heimathefte 1989 35. JG
730,,,Literaturhinweise zu diversen Büchern,,Studienrat German Gude Jena,E 006 Handbibliothek Dialektologie,links das vierte Regal,5. von oben ,,,
731,,,Linguistische Studien Sachregister,,Studienrat German Gude Jena,E 006 Handbibliothek Dialektologie,links das vierte Regal,5. von oben ,,,
732,Nationale Forschungs- und Gedenkstätten der klassischen deutschen Literatur in Weimar,1961-1963,Thüringen - Biographie 1961-1963,Weimar,FSU Jena Sektion Sprachwissenschaft FB Deutsch Mundartforschung,E 006 Handbibliothek Dialektologie,links das vierte Regal,6. von oben,,278,"Bibliographien, Kataloge und Bestandsverzeichnisse "
733,Nationale Forschungs- und Gedenkstätten der klassischen deutschen Literatur in Weimar,1964/1965,Thüringen - Biographie 1964/65,Weimar,FSU Jena Sektion Sprachwissenschaft FB Deutsch Mundartforschung,E 006 Handbibliothek Dialektologie,links das vierte Regal,6. von oben,,104,"Bibliographien, Kataloge und Bestandsverzeichnisse "
734,Nationale Forschungs- und Gedenkstätten der klassischen deutschen Literatur in Weimar,1966-1967,Thüringen - Biographie 1966/1967. Nachträge 1964/65,Weimar,FSU Jena Sektion Sprachwissenschaft FB Deutsch Mundartforschung,E 006 Handbibliothek Dialektologie,links das vierte Regal,6. von oben,,131,"Bibliographien, Kataloge und Bestandsverzeichnisse "
735,Nationale Forschungs- und Gedenkstätten der klassischen deutschen Literatur in Weimar,1968,Thüringen - Biographie 1968. Nachträge 1966/67,Weimar,FSU Jena Sektion Sprachwissenschaft FB Deutsch Mundartforschung,E 006 Handbibliothek Dialektologie,links das vierte Regal,6. von oben,,91,"Bibliographien, Kataloge und Bestandsverzeichnisse "
736,Nationale Forschungs- und Gedenkstätten der klassischen deutschen Literatur in Weimar,1969,Thüringen - Biographie 1969. Nachträge 1966/68,Weimar,FSU Jena Sektion Sprachwissenschaft FB Deutsch Mundartforschung,E 006 Handbibliothek Dialektologie,links das vierte Regal,6. von oben,,126,"Bibliographien, Kataloge und Bestandsverzeichnisse "
737,Nationale Forschungs- und Gedenkstätten der klassischen deutschen Literatur in Weimar,1970,Thüringen - Bibliographie 1970. Nachträge 1966-1969,Weimar,FSU Jena Sektion Sprachwissenschaft FB Deutsch Mundartforschung,E 006 Handbibliothek Dialektologie,links das vierte Regal,6. von oben,,143,"Bibliographien, Kataloge und Bestandsverzeichnisse "
738,Nationale Forschungs- und Gedenkstätten der klassischen deutschen Literatur in Weimar,1971,Thüringen - Bibliographie 1971. Nachträge 1961 ff.,Weimar,FSU Jena Sektion Sprachwissenschaft FB Deutsch Mundartforschung,E 006 Handbibliothek Dialektologie,links das vierte Regal,6. von oben,,151,"Bibliographien, Kataloge und Bestandsverzeichnisse "
739,Nationale Forschungs- und Gedenkstätten der klassischen deutschen Literatur in Weimar,1972,Thüringen - Bibliographie 1972,Weimar,FSU Jena Sektion Sprachwissenschaft FB Deutsch Mundartforschung,E 006 Handbibliothek Dialektologie,links das vierte Regal,6. von oben,,143,"Bibliographien, Kataloge und Bestandsverzeichnisse "
740,Nationale Forschungs- und Gedenkstätten der klassischen deutschen Literatur in Weimar,1973,Thüringen - Bibliographie 1973. Nachträge 1966 ff.,Weimar,FSU Jena Sektion Sprachwissenschaft FB Deutsch Mundartforschung,E 006 Handbibliothek Dialektologie,links das vierte Regal,6. von oben,,168,"Bibliographien, Kataloge und Bestandsverzeichnisse "
741,Nationale Forschungs- und Gedenkstätten der klassischen deutschen Literatur in Weimar,1974,Thüringen - Bibliographie 1974. Nachträge 1970 ff.,Weimar,FSU Jena Sektion Sprachwissenschaft FB Deutsch Mundartforschung,E 006 Handbibliothek Dialektologie,links das vierte Regal,6. von oben,,180,"Bibliographien, Kataloge und Bestandsverzeichnisse "
742,Nationale Forschungs- und Gedenkstätten der klassischen deutschen Literatur in Weimar,1975,Thüringen - Bibliographie 1975. Nachträge 1970 ff.,Weimar,FSU Jena Sektion Sprachwissenschaft FB Deutsch Mundartforschung,E 006 Handbibliothek Dialektologie,links das vierte Regal,6. von oben,,197,"Bibliographien, Kataloge und Bestandsverzeichnisse "
743,Nationale Forschungs- und Gedenkstätten der klassischen deutschen Literatur in Weimar,1976,Thüringen - Bibliographie 1975. Nachträge 1972 ff.,Weimar,FSU Jena Sektion Sprachwissenschaft FB Deutsch Mundartforschung,E 006 Handbibliothek Dialektologie,links das vierte Regal,6. von oben,,199,"Bibliographien, Kataloge und Bestandsverzeichnisse "
744,Nationale Forschungs- und Gedenkstätten der klassischen deutschen Literatur in Weimar,1977,Thüringen - Bibliographie 1977,Weimar,FSU Jena Sektion Sprachwissenschaft Wissenschaftsbereich Deutsch Abt. Mundartforschung,E 006 Handbibliothek Dialektologie,links das vierte Regal,6. von oben,,230,"Bibliographien, Kataloge und Bestandsverzeichnisse "
745,Nationale Forschungs- und Gedenkstätten der klassischen deutschen Literatur in Weimar,1978,Thüringen - Bibliographie 1978,Weimar,FSU Jena Sektion Sprachwissenschaft Wissenschaftsbereich Deutsch Abt. Mundartforschung,E 006 Handbibliothek Dialektologie,links das vierte Regal,6. von oben,,219,"Bibliographien, Kataloge und Bestandsverzeichnisse "
746,Nationale Forschungs- und Gedenkstätten der klassischen deutschen Literatur in Weimar,1979/1980,Thüringen - Bibliographie 1979/1980,Weimar,FSU Jena Sektion Sprachwissenschaft Wissenschaftsbereich Deutsch Abt. Mundartforschung,E 006 Handbibliothek Dialektologie,links das vierte Regal,6. von oben,,354,"Bibliographien, Kataloge und Bestandsverzeichnisse "
747,Nationale Forschungs- und Gedenkstätten der klassischen deutschen Literatur in Weimar,1981/1982,Thüringen - Bibliographie 1981/1982,Weimar,FSU Jena Sektion Sprachwissenschaft Wissenschaftsbereich Deutsch Abt. Mundartforschung / Thür. Wörterbuch,E 006 Handbibliothek Dialektologie,links das vierte Regal,6. von oben,,385,"Bibliographien, Kataloge und Bestandsverzeichnisse "
748,FSU Jena,1971,Bibliographie veröffentlichter Arbeiten 1970,Jena,x,E 006 Handbibliothek Dialektologie,links das vierte Regal,6. von oben,,283,Bibliographie veröffentlichter Arbeiten
749,FSU Jena,1974,Bibliographie wissenschaftlicher Arbeiten 1971,Jena,x,E 006 Handbibliothek Dialektologie,links das vierte Regal,6. von oben,,252,Bibliographie wissenschaftlicher Arbeiten der Friedrich-Schiller-Universität Jena
750,FSU Jena,1975,Bibliographie wissenschaftlicher Arbeiten 1972,Jena,x,E 006 Handbibliothek Dialektologie,links das vierte Regal,6. von oben,,271,Bibliographie wissenschaftlicher Arbeiten der Friedrich-Schiller-Universität Jena
751,FSU Jena,1975,Bibliographie wissenschaftlicher Arbeiten 1973,Jena,Sektion Sprachwissenschaft Information  und Dokumentation,E 006 Handbibliothek Dialektologie,links das vierte Regal,6. von oben,,324,Bibliographie wissenschaftlicher Arbeiten der Friedrich-Schiller-Universität Jena
752,FSU Jena,1976,Bibliographie wissenschaftlicher Arbeiten 1974,Jena,x,E 006 Handbibliothek Dialektologie,links das vierte Regal,6. von oben,,305,Bibliographie wissenschaftlicher Arbeiten der Friedrich-Schiller-Universität Jena
753,FSU Jena,1976,Bibliographie wissenschaftlicher Arbeiten 1974,Jena,x,E 006 Handbibliothek Dialektologie,links das vierte Regal,6. von oben,,305,Bibliographie wissenschaftlicher Arbeiten der Friedrich-Schiller-Universität Jena
754,FSU Jena,1977,Bibliographie wissenschaftlicher Arbeiten 1975,Jena,x,E 006 Handbibliothek Dialektologie,links das vierte Regal,6. von oben,,310,Bibliographie wissenschaftlicher Arbeiten der Friedrich-Schiller-Universität Jena
755,FSU Jena,1978,Bibliographie wissenschaftlicher Arbeiten 1976,Jena,x,E 006 Handbibliothek Dialektologie,links das vierte Regal,6. von oben,,348,Bibliographie wissenschaftlicher Arbeiten der Friedrich-Schiller-Universität Jena
756,FSU Jena,1979,Bibliographie wissenschaftlicher Arbeiten 1977,Jena,Sektion Sprachwissenschaft Information  und Dokumentation,E 006 Handbibliothek Dialektologie,links das vierte Regal,6. von oben,,276,Bibliographie wissenschaftlicher Arbeiten der Friedrich-Schiller-Universität Jena
757,FSU Jena,1979,Bibliographie wissenschaftlicher Arbeiten 1977,Jena,x,E 006 Handbibliothek Dialektologie,links das vierte Regal,6. von oben,,276,Bibliographie wissenschaftlicher Arbeiten der Friedrich-Schiller-Universität Jena
758,FSU Jena,1979,Bibliographie wissenschaftlicher Arbeiten 1977 Register,Jena,Sektion Sprachwissenschaft Information  und Dokumentation,E 006 Handbibliothek Dialektologie,links das vierte Regal,6. von oben,,280-387,Bibliographie wissenschaftlicher Arbeiten der Friedrich-Schiller-Universität Jena
759,FSU Jena,1980,Bibliographie wissenschaftlicher Arbeiten 1978,Jena,x,E 006 Handbibliothek Dialektologie,links das vierte Regal,6. von oben,,267,Bibliographie wissenschaftlicher Arbeiten der Friedrich-Schiller-Universität Jena
760,FSU Jena,1980,Bibliographie wissenschaftlicher Arbeiten 1978,Jena,J135 Universitätsbibliothek Jena Zweigstelle Sprachwissenschaft 69 Jena Universitätshochhaus,E 006 Handbibliothek Dialektologie,links das vierte Regal,6. von oben,,267,Bibliographie wissenschaftlicher Arbeiten der Friedrich-Schiller-Universität Jena
761,FSU Jena,1980,Bibliographie wissenschaftlicher Arbeiten 1978,Jena,x,E 006 Handbibliothek Dialektologie,links das vierte Regal,6. von oben,,267,Bibliographie wissenschaftlicher Arbeiten der Friedrich-Schiller-Universität Jena
762,FSU Jena,1980,Bibliographie wissenschaftlicher Arbeiten 1978 Register,Jena,x,E 006 Handbibliothek Dialektologie,links das vierte Regal,6. von oben,,268-378,Bibliographie wissenschaftlicher Arbeiten der Friedrich-Schiller-Universität Jena
763,FSU Jena,1980,Bibliographie wissenschaftlicher Arbeiten 1978 Register,Jena,J135 Universitätsbibliothek Jena Zweigstelle Sprachwissenschaft 69 Jena Universitätshochhaus,E 006 Handbibliothek Dialektologie,links das vierte Regal,6. von oben,,268-378,Bibliographie wissenschaftlicher Arbeiten der Friedrich-Schiller-Universität Jena
764,FSU Jena,1980,Bibliographie wissenschaftlicher Arbeiten 1978 Register,Jena,x,E 006 Handbibliothek Dialektologie,links das vierte Regal,6. von oben,,268-378,Bibliographie wissenschaftlicher Arbeiten der Friedrich-Schiller-Universität Jena
765,FSU Jena,1981,Bibliographie wissenschaftlicher Arbeiten 1979,Jena,x,E 006 Handbibliothek Dialektologie,links das vierte Regal,6. von oben,,237,Bibliographie wissenschaftlicher Arbeiten der Friedrich-Schiller-Universität Jena
766,FSU Jena,1981,Bibliographie wissenschaftlicher Arbeiten 1979 ,Jena,x,E 006 Handbibliothek Dialektologie,links das vierte Regal,6. von oben,,237,Bibliographie wissenschaftlicher Arbeiten der Friedrich-Schiller-Universität Jena
767,FSU Jena,1981,Bibliographie wissenschaftlicher Arbeiten 1979 Register,Jena,x,E 006 Handbibliothek Dialektologie,links das vierte Regal,6. von oben,,238-330,Bibliographie wissenschaftlicher Arbeiten der Friedrich-Schiller-Universität Jena
768,FSU Jena,1981,Bibliographie wissenschaftlicher Arbeiten 1979 Register,Jena,x,E 006 Handbibliothek Dialektologie,links das vierte Regal,6. von oben,,238-330,Bibliographie wissenschaftlicher Arbeiten der Friedrich-Schiller-Universität Jena
769,FSU Jena,1982,Bibliographie wissenschaftlicher Arbeiten 1980,Jena,x,E 006 Handbibliothek Dialektologie,links das vierte Regal,6. von oben,,333,Bibliographie wissenschaftlicher Arbeiten der Friedrich-Schiller-Universität Jena
770,FSU Jena,1983,Bibliographie wissenschaftlicher Arbeiten 1981,Jena,Sektion Sprachwissenschaft Information  und Dokumentation,E 006 Handbibliothek Dialektologie,links das vierte Regal,6. von oben,,331,Bibliographie wissenschaftlicher Arbeiten der Friedrich-Schiller-Universität Jena
771,FSU Jena,1984,Bibliographie wissenschaftlicher Arbeiten 1982,Jena,x,E 006 Handbibliothek Dialektologie,links das vierte Regal,6. von oben,,324,Bibliographie wissenschaftlicher Arbeiten der Friedrich-Schiller-Universität Jena
772,FSU Jena,1985,Bibliographie wissenschaftlicher Arbeiten 1983,Jena,Sektion Sprachwissenschaft Information  und Dokumentation,E 006 Handbibliothek Dialektologie,links das vierte Regal,6. von oben,,387,Bibliographie wissenschaftlicher Arbeiten der Friedrich-Schiller-Universität Jena
773,FSU Jena,1986,Bibliographie wissenschaftlicher Arbeiten 1984,Jena,Sektion Sprachwissenschaft Information  und Dokumentation,E 006 Handbibliothek Dialektologie,links das vierte Regal,6. von oben,,399,Bibliographie wissenschaftlicher Arbeiten der Friedrich-Schiller-Universität Jena
774,FSU Jena,1987,Bibliographie wissenschaftlicher Arbeiten 1985,Jena,x,E 006 Handbibliothek Dialektologie,links das vierte Regal,6. von oben,,407,Bibliographie wissenschaftlicher Arbeiten der Friedrich-Schiller-Universität Jena
775,FSU Jena,1989,Bibliographie wissenschaftlicher Arbeiten 1986,Jena,x,E 006 Handbibliothek Dialektologie,links das vierte Regal,6. von oben,,348,Bibliographie wissenschaftlicher Arbeiten der Friedrich-Schiller-Universität Jena
776,FSU Jena,1989,Bibliographie wissenschaftlicher Arbeiten 1986,Jena,x,E 006 Handbibliothek Dialektologie,links das vierte Regal,6. von oben,,348,Bibliographie wissenschaftlicher Arbeiten der Friedrich-Schiller-Universität Jena
777,FSU Jena,1990,Bibliographie wissenschaftlicher Arbeiten 1987,Jena,x,E 006 Handbibliothek Dialektologie,links das vierte Regal,6. von oben,,340,Bibliographie wissenschaftlicher Arbeiten der Friedrich-Schiller-Universität Jena
778,Universitätsbibliothek Jena,1986,"Thüringen-Bibliographie 1983; Regionalbibliographie für die Bezirke Erfurt, Gera und Suhl",Jena,J85 FSU Jena Sektion Sprachwissenschaft Wissenschaftsbereich Deutsch Abt. Mundartforschung,E 006 Handbibliothek Dialektologie,links das vierte Regal,6. von oben,,160,Thüringen-Bibliographie 1983
779,Universitätsbibliothek Jena,1987,"Thüringen-Bibliographie 1984; Regionalbibliographie für die Bezirke Erfurt, Gera und Suhl",Jena,J85 FSU Jena Sektion Sprachwissenschaft Wissenschaftsbereich Deutsch Abt. Mundartforschung,E 006 Handbibliothek Dialektologie,links das vierte Regal,6. von oben,,207,Thüringen-Bibliographie 1984
780,Universitätsbibliothek Jena,1989,"Thüringen-Bibliographie 1985; Regionalbibliographie für die Bezirke Erfurt, Gera und Suhl",Jena,J85 FSU Jena Sektion Sprachwissenschaft Wissenschaftsbereich Deutsch Abt. Mundartforschung,E 006 Handbibliothek Dialektologie,links das vierte Regal,6. von oben,,223,Thüringen-Bibliographie 1985
781,Universitätsbibliothek Jena,1990,"Thüringen-Bibliographie 1986; Regionalbibliographie für die Bezirke Erfurt, Gera und Suhl",Jena,J85 FSU Jena Sektion Sprachwissenschaft Wissenschaftsbereich Deutsch Abt. Mundartforschung,E 006 Handbibliothek Dialektologie,links das vierte Regal,6. von oben,,235,Thüringen-Bibliographie 1986
782,Universitätsbibliothek Jena,1991,"Thüringen-Bibliographie 1987; Regionalbibliographie für die Bezirke Erfurt, Gera und Suhl",Jena,J85 FSU Jena Sektion Sprachwissenschaft Wissenschaftsbereich Deutsch Abt. Mundartforschung,E 006 Handbibliothek Dialektologie,links das vierte Regal,6. von oben,,214,Thüringen-Bibliographie 1987
783,Universitätsbibliothek Jena,1992,Thüringen-Bibliographie 1988; Regionalbibliographie ,Jena,J85 FSU Jena Sektion Sprachwissenschaft Wissenschaftsbereich Deutsch Abt. Mundartforschung,E 006 Handbibliothek Dialektologie,links das vierte Regal,6. von oben,,207,Thüringen-Bibliographie 1988
784,Universitätsbibliothek Jena,1993,Thüringen-Bibliographie 1989; Regionalbibliographie ,Jena,J85 Thüringer Universitäts- und Landesbibliothek Zweigbibliothek Germanistik,E 006 Handbibliothek Dialektologie,links das vierte Regal,6. von oben,,338,Thüringen-Bibliographie 1989
785,Thüringer Universitäts- und Landesbibliothek Jena,1994,Thüringen-Bibliographie 1990,Jena,J85 ,E 006 Handbibliothek Dialektologie,links das vierte Regal,6. von oben,,378,Thüringen-Bibliographie 1990
786,Thüringer Universitäts- und Landesbibliothek Jena,1995,Thüringen-Bibliographie 1991,Jena,J85  ,E 006 Handbibliothek Dialektologie,links das vierte Regal,6. von oben,,372,Thüringen-Bibliographie 1991
787,Thüringer Universitäts- und Landesbibliothek Jena,1997,Thüringen-Bibliographie 1992,Jena,Thüringer Universitäts- und Landesbibliothek Jena Zweigbibliothek Germanistik,E 006 Handbibliothek Dialektologie,links das vierte Regal,6. von oben,,561,Thüringen-Bibliographie 1992
788,Thüringer Universitäts- und Landesbibliothek Jena,1999,Thüringen-Bibliographie 1993,Jena,Arbeitsstelle Thüringisches Wörterbuch,E 006 Handbibliothek Dialektologie,links das vierte Regal,6. von oben,,633,Thüringen-Bibliographie 1993
789,Thüringer Universitäts- und Landesbibliothek Jena,1998,Thüringen-Bibliographie 1994,Jena,Thüringisches Wörterbuch Arbeitsstelle der FSU Jena und der Sächsischen Akademie der Wissenschaften zu Leipzig,E 006 Handbibliothek Dialektologie,links das vierte Regal,6. von oben,,659,Thüringen-Bibliographie 1994
790,Thüringer Universitäts- und Landesbibliothek Jena,1999,Thüringen-Bibliographie 1995,Jena,J85 ,E 006 Handbibliothek Dialektologie,links das vierte Regal,6. von oben,,712,Thüringen-Bibliographie 1995
791,Thüringer Universitäts- und Landesbibliothek Jena,2000,Thüringen-Bibliographie 1996,Jena,Thüringisches Wörterbuch Arbeitsstelle der FSU Jena und der Sächsischen Akademie der Wissenschaften zu Leipzig,E 006 Handbibliothek Dialektologie,links das vierte Regal,6. von oben,,721,Thüringen-Bibliographie 1996
792,Thüringer Universitäts- und Landesbibliothek Jena,2000,Thüringen-Bibliographie 1997,Jena,Thüringisches Wörterbuch Arbeitsstelle der FSU Jena und der Sächsischen Akademie der Wissenschaften zu Leipzig,E 006 Handbibliothek Dialektologie,links das vierte Regal,6. von oben,,580,Thüringen-Bibliographie 1997
793,Thüringer Universitäts- und Landesbibliothek Jena,2000,Thüringer-Bibliographie 1997 Register,Jena,Thüringisches Wörterbuch Arbeitsstelle der FSU Jena und der Sächsischen Akademie der Wissenschaften zu Leipzig,E 006 Handbibliothek Dialektologie,links das vierte Regal,6. von oben,,581-790,Thüringen-Bibliographie 1997
794,Thüringer Universitäts- und Landesbibliothek Jena,2000,Thüringer-Bibliographie 1998,Jena,J85,E 006 Handbibliothek Dialektologie,links das vierte Regal,6. von oben,,907,Thüringen-Bibliographie 1998
795,"Baesecke, Georg",1932,Die Sprache der Lutherbibel und wir,Halle (Saale),Institut für Mundartforschung,E 006 Handbibliothek Dialektologie,links das vierte Regal,6. von oben,,18,Hallische Universitätsreden 53
796,,,Diplomarbeiten?? Im Karton,,,E 006 Handbibliothek Dialektologie,Mitte das vordere Regal,1. von oben,,,
797,"Corbea, Andrei & Nicolae, Octavian",1986,Rumänisch-Deutsche Kulturinterferenzen,Iasi,J85 FSU Jena Sektion Sprachwissenschaft Wissenschaftsbereich Deutsch Abt. Mundartforschung,E 006 Handbibliothek Dialektologie,Mitte das vordere Regal,2. von oben,,238,
798,"Vegh, Jozsef",1955,Proben aus dem Ungarischen Sprachatlas von Orseg und Hetes,Budapest,FSU Jena Sektion Sprachwissenschaft Fachbereich Deutsch Mundartforschung,E 006 Handbibliothek Dialektologie,Mitte das vordere Regal,2. von oben,,10 + Karten,
799,"Nemeth, J.",1956,Acta Linguistica Academiae Scientiarum Hungaricae,Budapest,Institut für Mundartforschung,E 006 Handbibliothek Dialektologie,Mitte das vordere Regal,2. von oben,,341,
800,Verband für Agrarforschung und -bildung Thüringen e.V. Jena-Zwätzen,1999,Thüringer Landwirtschaft zwischen 2. Weltkrieg und Wiedervereinigung,Jena,Thüringisches Wörterbuch Arbeitsstelle der FSU Jena und der Sächsischen Akademie der Wissenschaften zu Leipzig,E 006 Handbibliothek Dialektologie,Mitte das vordere Regal,2. von oben,,214,
801,"Fröhlich, Otto",1952,"Thüringen, Kreuzweg der Blumen",Jena,Institut für Mundartforschung,E 006 Handbibliothek Dialektologie,Mitte das vordere Regal,2. von oben,,244,
802,"Grimm, Paul",1961,Stand und Aufgaben der archäologischen Pfalzenforschung in den Bezirken Halle und Magdeburg,Berlin,Institut für Mundartforschung,E 006 Handbibliothek Dialektologie,Mitte das vordere Regal,2. von oben,,48,"Deutsche Akademie der Wissenschaften zu Berlin, Vorträge und Schriften Heft 71"
803,"Hentschel, Erwin & Wagner, Günther",1984,Zoologisches Wörterbuch,Jena,J85 FSU Jena Sektion Sprachwissenschaft Wissenschaftsbereich Deutsch Abt. Mundartforschung,E 006 Handbibliothek Dialektologie,Mitte das vordere Regal,2. von oben,,672,
804,"Schloms, Irene",1966,Fachwörterbuch für Programmierer,Heidelberg,B185 Ferdinand Hestermann-Institut,E 006 Handbibliothek Dialektologie,Mitte das vordere Regal,2. von oben,,110,
805,"Klaus, Georg",1967,Wörterbuch der Kybernetik,Berlin,J135 Universitätsbibliothek Jena Zweigstelle Sprachwissenschaft 69 Jena Universitätshochhaus,E 006 Handbibliothek Dialektologie,Mitte das vordere Regal,2. von oben,,898,
806,Bibliographisches Institut Leipzig,1952,Schlag nach - Natur,Leipzig,Institut für Mundartforschung,E 006 Handbibliothek Dialektologie,Mitte das vordere Regal,2. von oben,,600,
807,"Graf von Harrach, Ernst",1953,Die Jagd im deutschen Sprachgut - Wörterbuch der Weidmannssprache,Stuttgart,Institut für Mundartforschung,E 006 Handbibliothek Dialektologie,Mitte das vordere Regal,2. von oben,,160,
808,"Stresemann, Erwin",1967,Exkursionsfauna von Deutschland - Wirbeltiere,Berlin,FSU Jena Sektion Sprachwissenschaft Fachbereich Deutsch Mundartforschung,E 006 Handbibliothek Dialektologie,Mitte das vordere Regal,2. von oben,,352,
809,"Rothmaler, Werner",1967,Exkursionsfauna von Deutschland - Gefässpflanzen,Berlin,FSU Jena Sektion Sprachwissenschaft Fachbereich Deutsch Mundartforschung,E 006 Handbibliothek Dialektologie,Mitte das vordere Regal,2. von oben,,503,
810,"Ludwig, Joachim",1960,Wörterbuch der Weidmannssprache - Ein Nachschlagewerk für jagdliche Ausdrücke,Berlin,Institut für Mundartforschung,E 006 Handbibliothek Dialektologie,Mitte das vordere Regal,2. von oben,,202,
811,"Schmidt, Julius",1827,Topographie der Pflege Reichenfels - Ein Beitrag zur Charakteristik des voigtländischen Landvolks,Leipzig,Arbeitsstelle Thüringisches Wörterbuch,E 006 Handbibliothek Dialektologie,Mitte das vordere Regal,2. von oben,,174,
812,"Enzmann, Josef; Krumbiegel, Brigitte; Zerling, Ingeborg",1960,"Kleine Enzyklopädie - Land, Forst, Garten",Leipzig,Institut für Mundartforschung,E 006 Handbibliothek Dialektologie,Mitte das vordere Regal,2. von oben,,932,
813,"Pfohl, Ernst",1952,"Warenwörterbuch für alle Industrie-, Handels- und Gewerbezweige in vier Sprachen",Leipzig,Institut für Mundartforschung,E 006 Handbibliothek Dialektologie,Mitte das vordere Regal,2. von oben,,124,
814,"Werner, Reinhardt et al",1978,Deutsche Fachsprache der Technik - Ein Ratgeber für die Sprachpraxis (2. Aufl.),Leipzig,FSU Jena Sektion Sprachwissenschaft Fachbereich Deutsch Mundartforschung,E 006 Handbibliothek Dialektologie,Mitte das vordere Regal,2. von oben,,268,
815,"Hertel, Ludwig",1893,Salzunger Wörterbuch ,Jena,"Landesstelle für thüringische Mundartenforschung Jena, Universität",E 006 Handbibliothek Dialektologie,Mitte das vordere Regal,2. von oben,,53,
816,"Volk, Max",,Botanisches aus Steinach Thürw. ,Jena,FSU Jena Sektion Sprachwissenschaft Thüringisches Wörterbuch ,E 006 Handbibliothek Dialektologie,Mitte das vordere Regal,2. von oben,,23,
817,"Zerche, M, Piehl, H.-D.",1987,Informationen Nr. 5. Termini aus der Meterologie und ihren Grenzbereich ,Potsdam,FSU Jena Sektion Sprachwissenschaft Thüringisches Wörterbuch ,E 006 Handbibliothek Dialektologie,Mitte das vordere Regal,2. von oben,,79,Meterologischer Dienst der DDR. 
818,VEB F.A. Brockhaus Verlag ,1957,Brockhaus ABC der Landwirtschaft in 2 Bänden. Band 1: A-K,Leipzig,Institut für Mundartforschung,E 006 Handbibliothek Dialektologie,Mitte das vordere Regal,2. von oben,,768,
819,VEB F.A. Brockhaus Verlag ,1958,Brockhaus ABC der Landwirtschaft in 2 Bänden. Band 2: L-Z,Leipzig,Institut für Mundartforschung,E 006 Handbibliothek Dialektologie,Mitte das vordere Regal,2. von oben,,1548,
820,VEB F.A. Brockhaus Verlag ,1960,Brockhaus ABC der Naturwissenschaft und Technik,Leipzig,Institut für Mundartforschung,E 006 Handbibliothek Dialektologie,Mitte das vordere Regal,2. von oben,,1000 + Tabellen und Tafeln,
821,VEB F.A. Brockhaus Verlag ,1974,Brockhaus abc . Landwirtschaft a-k,Leipzig,FSU Jena Sektion Sprachwissenschaft WB Deutsch Abt. Mundartforschung,E 006 Handbibliothek Dialektologie,Mitte das vordere Regal,2. von oben,,636,
822,VEB F.A. Brockhaus Verlag ,1974,Brockhaus abc . Landwirtschaft l-z,Leipzig,FSU Jena Sektion Sprachwissenschaft WB Deutsch Abt. Mundartforschung,E 006 Handbibliothek Dialektologie,Mitte das vordere Regal,2. von oben,,1273 + Tafeln,
823,"Hessler, Wolfgang",1957,Mitteldeutsche Gaue des Frühen und Hohen Mittelalters,Berlin,Institut für Mundartforschung,E 006 Handbibliothek Dialektologie,Mitte das vordere Regal,2. von oben,,162,"Abhandlungen der Sächsischen Akademie der Wissemschaften zu Leipzig. Philologisch-historische Klasse Band 49, Heft 2"
824,"Drefahl, Günther (Hrsg)",1967,Forschungen zur Geschichte Thüringens 1945-1965 (Literaturbericht),Jena,Institut für Mundartforschung,E 006 Handbibliothek Dialektologie,Mitte das vordere Regal,2. von oben,,394,Wissenschaftliche Zeitschrift der FSU Jena. Gesellschafts- und Sprachwissenschaftliche Reihe JG 16 Heft 2/3
825,"Fischer, Reinhard, Walther, Hans (Redakteure)",1971,Namenforschung heute. Ihre Aufgaben und Ergebnisse in der DDR ,Berlin,x,E 006 Handbibliothek Dialektologie,Mitte das vordere Regal,2. von oben,,116,
826,"Hermann, Eduard",1957,Die Coburger Mundart aus dem Nachlass des Verfasser,Coburg,Institut für Mundartforschung,E 006 Handbibliothek Dialektologie,Mitte das vordere Regal,3. von oben,,430,Coburger Heimatkunde und Heimatgeschichte 11. Teil Heft 20 
827,"Lasch, Agathe & Borchling, Conrad",1956,Mittelniederdeutsches Handwörterbuch. Erster Band A-F/V,Neumünster,Institut für Mundartforschung,E 006 Handbibliothek Dialektologie,Mitte das vordere Regal,3. von oben,,1115,
828,"Klatt, B.",1951,Muret - Sanders. Enzyklopädisches Englisch-Deutsches und Deutsch-Englisches Wörterbuch,Berlin - Schönefeld ,Institut für Mundartforschung,E 006 Handbibliothek Dialektologie,Mitte das vordere Regal,3. von oben,,1067,Langenscheidts Handwörterbücher
829,"Kluge, Walther",1963,Etymologisches Wörterbuch der deutschen Sprache,Berlin,Germanistisches Institut Jena,E 006 Handbibliothek Dialektologie,Mitte das vordere Regal,3. von oben,,917,
830,"Diefenbach, Lorenz & Wülcker, Ernst",1885,Hoch- und Nieder-Deutsches Wörterbuch der mittleren und neueren Zeit. Zur Ergänzung der vorhandenen Wörterbücher insbesondere des der Brüder Grimm,Basel,FSU Jena Sektion Sprachwissenschaft WB Deutsch Abt. Mundartforschung,E 006 Handbibliothek Dialektologie,Mitte das vordere Regal,3. von oben,,930,
831,"Heyne, Moritz",1890,Deutsches Wörterbuch. Erster Band: A-G,Leipzig,Institut für Mundartforschung,E 006 Handbibliothek Dialektologie,Mitte das vordere Regal,3. von oben,,1282,
832,"Heyne, Moritz",1895,Deutsches Wörterbuch. Dritter Band: K-Z,Leipzig,Institut für Mundartforschung,E 006 Handbibliothek Dialektologie,Mitte das vordere Regal,3. von oben,,1463,
833,"Karg-Gaterstädt, Elisabeth & Frings, Theodor",1968,Althochdeutsches Wörterbuch Band I: A und B,Berlin,FSU Jena Sektion Sprachwissenschaft FB Deutsch Mundartforschung,E 006 Handbibliothek Dialektologie,Mitte das vordere Regal,3. von oben,,1579,
834,"Karg-Gaterstädt, Elisabeth & Frings, Theodor",2000,Althochdeutsches Wörterbuch Band IV: G-J (verschiedene Lieferungen),Leipzig,Thüringisches Wörterbuch Arbeitsstelle der FSU Jena und der Sächsischen Akademie der Wissenschaften zu Leipzig,E 006 Handbibliothek Dialektologie,Mitte das vordere Regal,3. von oben,,77 (1462-1539),4 x vorhanden
835,"Karg-Gaterstädt, Elisabeth & Frings, Theodor",2004,Althochdeutsches Wörterbuch Band V: K und L (verschiedene Lieferungen),Leipzig,Thüringisches Wörterbuch Arbeitsstelle der FSU Jena und der Sächsischen Akademie der Wissenschaften zu Leipzig,E 006 Handbibliothek Dialektologie,Mitte das vordere Regal,3. von oben,,77 (470-547),6 x vorhanden
836,"Grimm, Jacob & Grimm, Wilhelm",1983,Deutsches Wörterbuch 1. Band: A-Affrikata,Leipzig,Universitätsbibliothek Jena Zweigstelle Literatur- und Kunstwissenschaft,E 006 Handbibliothek Dialektologie,Mitte das vordere Regal,3. von oben,,1599,
837,"Grimm, Jacob & Grimm, Wilhelm",1983,Deutsches Wörterbuch 6. Band: D-D Zug,Leipzig,FSU Jena Philosophische Fakultät Institut für Germanistische Sprachwissenschaft Fachgruppe Deutsche Dialektologie / Soziolingustik,E 006 Handbibliothek Dialektologie,Mitte das vordere Regal,3. von oben,,1834,
838,,1949,Leipziger Adressbuch,Leipzig,x,E 006 Handbibliothek Dialektologie,Mitte das vordere Regal,3. von oben,,,
839,14 Hefte mit Aufsätzen von Schülerinnen und Schülern,,,"Meiningen, Schmalkalden, Stadtroda, Eisenach, Arnstadt, Erfurt",x,E 006 Handbibliothek Dialektologie,Mitte das vordere Regal,4. von oben,,,
840,"Förstemann, Ernst",1900,Altdeutsches namenbuch. Erster Band: Personennamen,Bonn,FSU Jena Sektion Sprachwissenschaft FB Deutsch Mundartforschung,E 006 Handbibliothek Dialektologie,Mitte das vordere Regal,4. von oben,,1700,
841,"Förstemann, Ernst",1913,Altdeutsches namenbuch. Zweiter Band: Orts- und sonstige geographische namen Erste hälfte A-K,Bonn,FSU Jena Sektion Sprachwissenschaft FB Deutsch Mundartforschung,E 006 Handbibliothek Dialektologie,Mitte das vordere Regal,4. von oben,,1766,
842,"Förstemann, Ernst",1916,Altdeutsches namenbuch. Zweiter Band: Orts- und sonstige geographische namen Zweite hälfte L-Z und Register,Bonn,FSU Jena Sektion Sprachwissenschaft FB Deutsch Mundartforschung,E 006 Handbibliothek Dialektologie,Mitte das vordere Regal,4. von oben,,1842,
843,"Otto, Wolfgang",2020,Die Glashüttengewerkschaft zu Neustadt 1698 - 1866. Die erste Wirtschaftsperiode der Glasindustrie in Neustadt am Rennsteig Meininger Seite,Arnstadt,x,E 006 Handbibliothek Dialektologie,Mitte das vordere Regal,4. von oben,,75,3 x vorhanden
844,"Dobenecker, Otto (Hrsg)",1900,Regesta Diplomatica Necnon Epistolaria Historiae Thuringiae. Zweiter Band: 1152-1227,Jena,Institut für Mundartforschung,E 006 Handbibliothek Dialektologie,Mitte das vordere Regal,4. von oben,,556,
845,"Dobenecker, Otto (Hrsg)",1925,Regesta Diplomatica Necnon Epistolaria Historiae Thuringiae. Dritter Band: 1228-1266,Jena,Institut für Mundartforschung,E 006 Handbibliothek Dialektologie,Mitte das vordere Regal,4. von oben,,671,
846,"Dobenecker, Otto (Hrsg)",1939,Regesta Diplomatica Necnon Epistolaria Historiae Thuringiae. Vierter Band: 1267-1288,Jena,Institut für Mundartforschung,E 006 Handbibliothek Dialektologie,Mitte das vordere Regal,4. von oben,,510,
847,Thüringer Landesamt für Statistik ,1995,"Schlüsselverzeichnis der Städte, Gemeinden und Verwaltungsgemeinschaften Thüringens Stand: 1.1.1995",Erfurt,Thüringisches Wörterbuch Arbeitsstelle der FSU Jena und der Sächsischen Akademie der Wissenschaften zu Leipzig,E 006 Handbibliothek Dialektologie,Mitte das vordere Regal,4. von oben,,125,Schlüsselverzeichnis Thüringen
848,Thüringer Landesamt für Statistik ,1996,"Schlüsselverzeichnis der Städte, Gemeinden und Verwaltungsgemeinschaften Thüringens Stand: 1.1.1996",Erfurt,Thüringisches Wörterbuch Arbeitsstelle der FSU Jena und der Sächsischen Akademie der Wissenschaften zu Leipzig,E 006 Handbibliothek Dialektologie,Mitte das vordere Regal,4. von oben,,111,Schlüsselverzeichnis Thüringen
849,Thüringer Landesamt für Statistik ,1997,"Schlüsselverzeichnis der Städte, Gemeinden und Verwaltungsgemeinschaften Thüringens Stand: 1.1.1997",Erfurt,Thüringisches Wörterbuch Arbeitsstelle der FSU Jena und der Sächsischen Akademie der Wissenschaften zu Leipzig,E 006 Handbibliothek Dialektologie,Mitte das vordere Regal,4. von oben,,104,Schlüsselverzeichnis Thüringen
850,Thüringer Landesamt für Statistik ,1998,"Schlüsselverzeichnis der Städte, Gemeinden und Verwaltungsgemeinschaften Thüringens. Stand: 1.1.1998",Erfurt,Thüringisches Wörterbuch Arbeitsstelle der FSU Jena und der Sächsischen Akademie der Wissenschaften zu Leipzig,E 006 Handbibliothek Dialektologie,Mitte das vordere Regal,4. von oben,,93,Schlüsselverzeichnis Thüringen
851,Thüringer Landesamt für Statistik ,1999,"Schlüsselverzeichnis der Städte, Gemeinden und Verwaltungsgemeinschaften Thüringens. Stand: 1.1.1999",Erfurt,Thüringisches Wörterbuch Arbeitsstelle der FSU Jena und der Sächsischen Akademie der Wissenschaften zu Leipzig,E 006 Handbibliothek Dialektologie,Mitte das vordere Regal,4. von oben,,93,Schlüsselverzeichnis Thüringen
852,Thüringer Landesamt für Statistik ,2000,"Schlüsselverzeichnis der Städte, Gemeinden und Verwaltungsgemeinschaften Thüringens. Stand: 1.1.2000",Erfurt,Thüringisches Wörterbuch Arbeitsstelle der FSU Jena und der Sächsischen Akademie der Wissenschaften zu Leipzig,E 006 Handbibliothek Dialektologie,Mitte das vordere Regal,4. von oben,,95,Schlüsselverzeichnis Thüringen
853,Thüringer Landesamt für Statistik ,2001,"Schlüsselverzeichnis der Städte, Gemeinden und Verwaltungsgemeinschaften Thüringens. Stand: 1.1.2001",Erfurt,Thüringisches Wörterbuch Arbeitsstelle der FSU Jena und der Sächsischen Akademie der Wissenschaften zu Leipzig,E 006 Handbibliothek Dialektologie,Mitte das vordere Regal,4. von oben,,88,Schlüsselverzeichnis Thüringen
854,Thüringer Landesamt für Statistik ,2003,"Schlüsselverzeichnis der Städte, Gemeinden und Verwaltungsgemeinschaften Thüringens. Stand: 1.1.2003",Erfurt,Thüringisches Wörterbuch Arbeitsstelle der FSU Jena und der Sächsischen Akademie der Wissenschaften zu Leipzig,E 006 Handbibliothek Dialektologie,Mitte das vordere Regal,4. von oben,,88,Schlüsselverzeichnis Thüringen
855,Thüringer Landesamt für Statistik ,2005,"Schlüsselverzeichnis der Städte, Gemeinden und Verwaltungsgemeinschaften Thüringens. Stand: 1.1.2005",Erfurt,Thüringisches Wörterbuch Arbeitsstelle der FSU Jena und der Sächsischen Akademie der Wissenschaften zu Leipzig,E 006 Handbibliothek Dialektologie,Mitte das vordere Regal,4. von oben,,86,Schlüsselverzeichnis Thüringen
856,"Schäfer, M. (Redakteur)",1996,"Deutschsprachige Wörterbücher. Projekte an Akademien, Universitäten, Instituten",Göttingen,x,E 006 Handbibliothek Dialektologie,Mitte das vordere Regal,4. von oben,,105,2 x vorhanden
857,"Schläfer, M. (hrsg)",2000,"Deutschsprachige Wörterbücher. Projekte an Akademien, Universitäten, Instituten",Göttingen,x,E 006 Handbibliothek Dialektologie,Mitte das vordere Regal,4. von oben,,135,
858,"Jecht, R.",1886/87,Grenzen und innere Gliederung der Mansfelder Mundart ,Görlitz,Institut für Mundartforschung,E 006 Handbibliothek Dialektologie,Mitte das vordere Regal,5. von oben ,,20,
859,Land Thüringen,,Land Thüringen. Übersichtskarte Maßstab 1:200000. Ausgabe mit Verwaltungsgrenzen,,x,E 006 Handbibliothek Dialektologie,Mitte das vordere Regal,5. von oben ,,/,
860,"Christmann, Ernst; Krämer, Julius; Post, Rudolf",1990,Pfälzisches Wörterbuch,Stuttgart,"Sächsische Akademie der Wissenschaften zu Leipzig, Sprachwissenschaftliche Kommission, Arbeitsstelle Thüringisches Wörterbuch",E 006 Handbibliothek Dialektologie,Mitte das vordere Regal,5. von oben ,,767,Akademie der Wissenschaften und der Literatur Mainz
861,"Gadom, F.W. & Sohn",1926,Schriften des Vereins für G. - Meiningische Geschichte und Landeskunde ,Hildburghaufen,Institut für Mundartforschung,E 006 Handbibliothek Dialektologie,Mitte das vordere Regal,5. von oben ,,128,Schriften des Vereins für G. - Meiningische Geschichte und Landeskunde 84. Heft
862,"Wiesinger, Peter & Hethey, Ernst-Heinrich",1965,Kartenverzeichnis des Laut- und Formenatlasses der deutschen Mundarten ,Marburg / Lahn,Institut für Mundartforschung,E 006 Handbibliothek Dialektologie,Mitte das vordere Regal,5. von oben ,,,"Deutscher Sprachatlas,"
863,"Wrede, Ferdinand",1926,Deutscher Sprachatlas. Text zur 1. Lieferung,Marburg / Lahn,Deutsches Seminar Jena,E 006 Handbibliothek Dialektologie,Mitte das vordere Regal,5. von oben ,,16,Deutscher Sprachatlas 
864,"Wrede, Ferdinand",1929,Deutscher Sprachatlas. Text zur 3. Lieferung,Marburg / Lahn,Deutsches Seminar Jena,E 006 Handbibliothek Dialektologie,Mitte das vordere Regal,5. von oben ,,,"Deutscher Sprachatlas, Ludwig Erich Schmitt (hrsg.)"
865,"Wrede, Ferdinand",1930,Deutscher Sprachatlas. Text zur 4. Lieferung,Marburg / Lahn,Deutsches Seminar Jena,E 006 Handbibliothek Dialektologie,Mitte das vordere Regal,5. von oben ,,,Deutscher Sprachatlas
866,"Wrede, Ferdinand & Martin, Bernhard (hrsg.)",1931,Deutscher Sprachatlas. Text zur 5. Lieferung,Marburg / Lahn,x,E 006 Handbibliothek Dialektologie,Mitte das vordere Regal,5. von oben ,,,Deutscher Sprachatlas
867,"Wrede, Ferdinand & Martin, Bernhard (hrsg.)",1932,Deutscher Sprachatlas. Text zur 6. Lieferung,Marburg / Lahn,x,E 006 Handbibliothek Dialektologie,Mitte das vordere Regal,5. von oben ,,,Deutscher Sprachatlas
868,"Mitzka, Walther & Martin, Bernhard ",1935,Deutscher Sprachatlas. Text zur 8. Lieferung,Marburg / Lahn,x,E 006 Handbibliothek Dialektologie,Mitte das vordere Regal,5. von oben ,,,
869,"Mitzka, Walther  ",1951,Deutscher Wortatlas. Band 1 (3x vorhanden),Gießen,Institut für Mundartforschung,E 006 Handbibliothek Dialektologie,Mitte das vordere Regal,5. von oben ,,36 + Karten,Deutscher Sprachatlas
870,"Mitzka, Walther  ",1953,Deutscher Wortatlas. Band 2 (2x vorhanden),Gießen,x,E 006 Handbibliothek Dialektologie,Mitte das vordere Regal,5. von oben ,,39 + Karten,Deutscher Sprachatlas
871,"Mitzka, Walther  ",1954,Deutscher Wortatlas. Band 3 (2x vorhanden),Gießen,Institut für Mundartforschung,E 006 Handbibliothek Dialektologie,Mitte das vordere Regal,5. von oben ,,40 + Karten,Deutscher Sprachatlas
872,"Mitzka, Walther  ",1955,Deutscher Wortatlas. Band 4 (2x vorhanden),Gießen,Institut für Mundartforschung,E 006 Handbibliothek Dialektologie,Mitte das vordere Regal,5. von oben ,,43 + Karten,Deutscher Sprachatlas
873,"Mitzka, Walther  ",1957,Deutscher Wortatlas. Band 5 ,Gießen,Institut für Mundartforschung,E 006 Handbibliothek Dialektologie,Mitte das vordere Regal,5. von oben ,,41 + Karten,Deutscher Sprachatlas
874,"Spangenberg, Karl",1969,Thüringisches Wörterbuch IV. Band 5. Lieferung Mann-Melkter,Berlin,x,E 006 Handbibliothek Dialektologie,Mitte das vordere Regal,5. von oben ,,474-599,
875,"Spangenberg, Karl",1967,Thüringisches Wörterbuch IV. Band 3. Lieferung Leikauf-Luder,Berlin,x,E 006 Handbibliothek Dialektologie,Mitte das vordere Regal,5. von oben ,,217-600,
876,"Spangenberg, Karl",1966,Thüringisches Wörterbuch IV. Band 1. und 2. Lieferung I-Leikauf,Berlin,x,E 006 Handbibliothek Dialektologie,Mitte das vordere Regal,5. von oben ,,I-216,
877,"Spangenberg, Karl",1976,Thüringisches Wörterbuch V. Band 2. und 3. Lieferung Reisigagen-Sauerampfer,Berlin,x,E 006 Handbibliothek Dialektologie,Mitte das vordere Regal,5. von oben ,,129-384,
878,"Spangenberg, Karl",1984,Thüringisches Wörterbuch VI. Band 3. Lieferung Tröckelhudel-umschlagen,Berlin,x,E 006 Handbibliothek Dialektologie,Mitte das vordere Regal,5. von oben ,,257-384,
879,"Spangenberg, Karl",1983,Thüringisches Wörterbuch VI. Band 1. und 2. Lieferung t-Tröckelhadich,Berlin,x,E 006 Handbibliothek Dialektologie,Mitte das vordere Regal,5. von oben ,,I-256,
880,"Spangenberg, Karl",1985,Thüringisches Wörterbuch VI. Band 4. und 5. Lieferung Umschlagetuch-vorkommen,Berlin,Universitätsbibliothek Jena Zweigstelle Literatur- und Kunstwissenschaft,E 006 Handbibliothek Dialektologie,Mitte das vordere Regal,5. von oben ,,385-640,
881,"Spangenberg, Karl",1986,Thüringisches Wörterbuch VI. Band 6. Lieferung vorkrakeln-Wasen,Berlin,Kreisbibliothek Saalfeld,E 006 Handbibliothek Dialektologie,Mitte das vordere Regal,5. von oben ,,641-768,
882,"Spangenberg, Karl",1988,Thüringisches Wörterbuch VI. Band 8. Lieferung weitergehen-Winterapfel,Berlin,Kreisbibliothek Saalfeld,E 006 Handbibliothek Dialektologie,Mitte das vordere Regal,5. von oben ,,897-1024,
883,"Lösch, Wolfgang",1999,Thüringisches Wörterbuch I. Band 12. Lieferung Drescher-D-Zug,Berlin,x,E 006 Handbibliothek Dialektologie,Mitte das vordere Regal,5. von oben ,,1359-1474,
884,"Spangenberg, Karl",1980,Thüringisches Wörterbuch V. Band 8. und 9. Lieferung Schnuppe-Seichtgalle (ohne Deckblatt),Berlin,x,E 006 Handbibliothek Dialektologie,Mitte das vordere Regal,5. von oben ,,897-1152,
885,"Spangenberg, Karl",1970,Thüringisches Wörterbuch IV. Band 6. Lieferung Melktiegel-muffeln,Berlin,x,E 006 Handbibliothek Dialektologie,Mitte das vordere Regal,5. von oben ,,601-728,
886,"Spangenberg, Karl",1971,Thüringisches Wörterbuch IV. Band 7. Lieferung muffeln-Nesthocker,Berlin,x,E 006 Handbibliothek Dialektologie,Mitte das vordere Regal,5. von oben ,,729-856,
887,"Spangenberg, Karl",1972,Thüringisches Wörterbuch IV. Band 8. Lieferung Nesthökel-Oxycroceuspflaster,Berlin,x,E 006 Handbibliothek Dialektologie,Mitte das vordere Regal,5. von oben ,,857-984,
888,"Spangenberg, Karl",1978,Thüringisches Wörterbuch V. Band 4. und 5. Lieferung Sauerampfer-Schlangenspritze,Berlin,x,E 006 Handbibliothek Dialektologie,Mitte das vordere Regal,5. von oben ,,385-640,
889,"Spangenberg, Karl",1973,Thüringisches Wörterbuch IV. Band 9. Lieferung p-Pfingstmaie,Berlin,x,E 006 Handbibliothek Dialektologie,Mitte das vordere Regal,5. von oben ,,987-1112,
890,"Spangenberg, Karl",1976,Thüringisches Wörterbuch V. Band 1. Lieferung r-Reisig,Berlin,x,E 006 Handbibliothek Dialektologie,Mitte das vordere Regal,5. von oben ,,3-127,
891,"Spangenberg, Karl",1975,Thüringisches Wörterbuch IV. Band 11. Lieferung plispern-quutschern,Berlin,x,E 006 Handbibliothek Dialektologie,Mitte das vordere Regal,5. von oben ,,1241-1388,
892,"Spangenberg, Karl",1974,Thüringisches Wörterbuch IV. Band 10. Lieferung Pfingstmaien-plispeln,Berlin,x,E 006 Handbibliothek Dialektologie,Mitte das vordere Regal,5. von oben ,,1113-1240,
893,"Lösch, Wolfgang",1995,Thüringisches Wörterbuch I. Band 5. und 6. Lieferung außenwendigs-beterig,Berlin,x,E 006 Handbibliothek Dialektologie,Mitte das vordere Regal,5. von oben ,,463-718,
894,"Lösch, Wolfgang",1995,Thüringisches Wörterbuch I. Band 5. und 6. Lieferung außenwendigs-beterig,Berlin,x,E 006 Handbibliothek Dialektologie,Mitte das vordere Regal,5. von oben ,,463-718,
895,"Lösch, Wolfgang",1995,Thüringisches Wörterbuch I. Band 5. und 6. Lieferung außenwendigs-beterig,Berlin,x,E 006 Handbibliothek Dialektologie,Mitte das vordere Regal,5. von oben ,,463-718,
896,"Lösch, Wolfgang",1992,Thüringisches Wörterbuch I. Band 2. Lieferung abwamsen-anlegen,Berlin,x,E 006 Handbibliothek Dialektologie,Mitte das vordere Regal,5. von oben ,,79-206,
897,"Lösch, Wolfgang",1991,Thüringisches Wörterbuch I. Band 1. Lieferung A-abwalmen,Berlin,x,E 006 Handbibliothek Dialektologie,Mitte das vordere Regal,5. von oben ,,I-78,
898,"Lösch, Wolfgang",1993,Thüringisches Wörterbuch I. Band 3. Lieferung Anlegepinsel-aufherin,Berlin,x,E 006 Handbibliothek Dialektologie,Mitte das vordere Regal,5. von oben ,,207-334,
899,"Spangenberg, Karl",1968,Thüringisches Wörterbuch IV. Band 4. Lieferung Luderbein-Mann,Berlin,x,E 006 Handbibliothek Dialektologie,Mitte das vordere Regal,5. von oben ,,345-472,
900,"Spangenberg, Karl",1981,Thüringisches Wörterbuch V. Band 10. und 11. Lieferung Seichtier-spritzen,Berlin,x,E 006 Handbibliothek Dialektologie,Mitte das vordere Regal,5. von oben ,,1153-1408,
901,"Lösch, Wolfgang",1995,Thüringisches Wörterbuch I. Band 5. und 6. Lieferung außenwendigs-beterig,Berlin,x,E 006 Handbibliothek Dialektologie,Mitte das vordere Regal,5. von oben ,,463-718,
902,"Lösch, Wolfgang",1995,Thüringisches Wörterbuch I. Band 5. und 6. Lieferung außenwendigs-beterig,Berlin,x,E 006 Handbibliothek Dialektologie,Mitte das vordere Regal,5. von oben ,,463-718,
903,"Lösch, Wolfgang",1997,Thüringisches Wörterbuch I. Band 8. Lieferung Blumenkohlsalat-Bremse,Berlin,x,E 006 Handbibliothek Dialektologie,Mitte das vordere Regal,5. von oben ,,847-974,
904,"Lösch, Wolfgang",1994,Thüringisches Wörterbuch I. Band 4. Lieferung aufherinan-außenwendig,Berlin,x,E 006 Handbibliothek Dialektologie,Mitte das vordere Regal,5. von oben ,,335-462,
905,"Lösch, Wolfgang",1998,Thüringisches Wörterbuch I. Band 9. Lieferung Bremsel-Butterhöke,Berlin,x,E 006 Handbibliothek Dialektologie,Mitte das vordere Regal,5. von oben ,,eingepackt,
906,"Lösch, Wolfgang",1996,Thüringisches Wörterbuch I. Band 7. Lieferung betestelt-Blumenkohl,Berlin,x,E 006 Handbibliothek Dialektologie,Mitte das vordere Regal,5. von oben ,,719-846,
907,"Lösch, Wolfgang",1995,Thüringisches Wörterbuch I. Band 5. und 6. Lieferung außenwendigs-beterig,Berlin,x,E 006 Handbibliothek Dialektologie,Mitte das vordere Regal,5. von oben ,,463-718,
908,"Apel, Klaus",1957,Die Fachsprache der Glasbläser von Lauscha,Lauscha,FSU Jena Sektion Sprachwissenschaft Fachbereich Deutsch Mundartforschung,E 006 Handbibliothek Dialektologie,Mitte das linke Regal,1. von oben,,39,
909,"Aljoschin, Dimitri",1990,Empirische Untersuchungen zum gesprochenen Deutsch in der Stadt Jena,Jena,x,E 006 Handbibliothek Dialektologie,Mitte das linke Regal,1. von oben,,65,
910,"Adam, Alfred",1965/66,Die Besonderheiten der Mundart von Pausa im Bereich der vogtländischen Mundart,Erfurt,x,E 006 Handbibliothek Dialektologie,Mitte das linke Regal,1. von oben,,21 + Fragebögen,
911,"Adam, Alfred",1965/66,Probleme der Pausaer Mundart,Erfurt,FSU Jena Sektion Sprachwissenschaft Fachbereich Deutsch Mundartforschung,E 006 Handbibliothek Dialektologie,Mitte das linke Regal,1. von oben,,45,
912,"Acker, Ingeborg",1967,Zur Fachsprache und zur sprachlichen Allgemeinsituation im VEB Maxhütte,Erfurt/Jena,FSU Jena Sektion Sprachwissenschaft Fachbereich Deutsch Mundartforschung,E 006 Handbibliothek Dialektologie,Mitte das linke Regal,1. von oben,,39 + Anhang,
913,"Bernhardt, Karin",1974,Zum Laut- und Wortschatz der Hainaer Mundart und zu sprachlichen Neuerungen der Gegenwart,Jena,FSU Jena Sektion Sprachwissenschaft Fachbereich Deutsch Mundartforschung,E 006 Handbibliothek Dialektologie,Mitte das linke Regal,1. von oben,,91,
914,"Berlit, Gerd",1967,Der Wortschatz des Korbmacherhandwerks von Kleinschmalkalden/Pappenheim,Pappenheim,x,E 006 Handbibliothek Dialektologie,Mitte das linke Regal,1. von oben,,48,
915,"Berlit, Gerd",1968,Der Wortschatz des Korbmacherhandwerks von Kleinschmalkalden/Pappenheim,Pappenheim,x,E 006 Handbibliothek Dialektologie,Mitte das linke Regal,1. von oben,,100,
916,"Borth, Michaela",1995,Untersuchungen zur Dialektsituation in Luisenthal (Landkreis Gotha),Jena,,E 006 Handbibliothek Dialektologie,Mitte das linke Regal,1. von oben,,93,
917,"Bratschedl, Heinz",1967,Der Lautstand der Herpfer Ortsmundart Beitrag zur Erforschung des Hennebergischen,Leipzig,FSU Jena Sektion Sprachwissenschaft Fachbereich Deutsch Mundartforschung,E 006 Handbibliothek Dialektologie,Mitte das linke Regal,1. von oben,,91,
918,"Baumann, Eva ",1982,Die Umgangssprache in Steinbach-Hallenberg und ihre Auswirkungen auf die Leistungen der Schüler im Muttersprachunterricht,Jena,FSU Jena Sektion Sprachwissenschaft Fachbereich Deutsch Mundartforschung,E 006 Handbibliothek Dialektologie,Mitte das linke Regal,1. von oben,,108,
919,"Baugarten, Ulla",1987,"Sprachwandel in der Gegenwart am Beispiel der Sonneberger Mundart, nachgewiesen an Lexik für den Zeitraum von 1969 bis 1987",Erfurt/Mühlhausen,x,E 006 Handbibliothek Dialektologie,Mitte das linke Regal,1. von oben,,80,
920,"Bretschneider, Renate",1967,Vergleich der Mundart und Umgangssprache von Unterbreizbach im Vokalismus,Erfurt,FSU Jena Sektion Sprachwissenschaft Fachbereich Deutsch Mundartforschung,E 006 Handbibliothek Dialektologie,Mitte das linke Regal,1. von oben,,57,
921,"Budajewa, Sojelma",1982,Der zeitliche Verlauf gesprochener Sprache in standardnaher und dialektaler Codeform bei Sprechern der fränkisch-hennebergischen Mundart,Jena,Universitätsarchiv Jena,E 006 Handbibliothek Dialektologie,Mitte das linke Regal,1. von oben,,65 +18 Anhang,
922,"Bitter, Kerstin",1982,Die Umgangssprache in Tabarz und ihre Auswirkungen auf die Leistungen der Schüler im Muttersprachunterricht,Jena,FSU Jena Sektion Sprachwissenschaft Fachbereich Deutsch Mundartforschung,E 006 Handbibliothek Dialektologie,Mitte das linke Regal,1. von oben,,81,
923,"Borngässer, Rosemarie und Schnappauf, Birgit",1979,Diachronische Beschreibung der Rudolstädter Stadtsprache sowie deren Einfluss auf Rechtschreibleistung von Schülern,Jena,J85 FSU Jena Sektion Sprachwissenschaft Wissenschaftsbereich Deutsch Abt. Mundartforschung,E 006 Handbibliothek Dialektologie,Mitte das linke Regal,1. von oben,,149,
924,"Both, Ilona",x,"Berufe, gesellschaftliche Klassen und Schichten sowie deren Geltung und Arbeitswelt im Spiegel von Sprichwörtern, Redensarten und Vergleichen, dargestellt nach Band IV des Thüringischen Wörterbuches",Jena,x,E 006 Handbibliothek Dialektologie,Mitte das linke Regal,1. von oben,,99,
925,"Both, Ilona",x,"Berufe, gesellschaftliche Klassen und Schichten sowie deren Geltung und Arbeitswelt im Spiegel von Sprichwörtern, Redensarten und Vergleichen, dargestellt nach Band IV des Thüringischen Wörterbuches",Jena,x,E 006 Handbibliothek Dialektologie,Mitte das linke Regal,1. von oben,,99,
926,"Fahning, Wolfgang",1979,Das Lautinventar der Mundart von Königsee/Kr. Rudolstadt und die Fachsprache der ansässigen Brauereiarbeiter,Jena,FSU Jena Sektion Sprachwissenschaft Fachbereich Deutsch Mundartforschung,E 006 Handbibliothek Dialektologie,Mitte das linke Regal,1. von oben,,88,
927,"Fahning, Wolfgang",1979,Das Lautinventar der Mundart von Königsee/Kr. Rudolstadt und die Fachsprache der ansässigen Brauereiarbeiter,Jena,J85 FSU Jena Sektion Sprachwissenschaft Wissenschaftsbereich Deutsch Abt. Mundartforschung,E 006 Handbibliothek Dialektologie,Mitte das linke Regal,1. von oben,,88,
928,"Bracke, Herbert",1964,"Verzeichnis der laut- und wortgeographischen Einzelkarten zum Unternehmen ""Der hennebergische Sprachraum""",Jena,x,E 006 Handbibliothek Dialektologie,Mitte das linke Regal,1. von oben,,45,
929,"Bracke, Herbert und Bracke, Margarethe",x,Die Dillstädter Mundart - Stammsilbenvokale und Konsonanten; Untergegangenes und untergehendes Wortgut,x,Institut für Mundartforschung,E 006 Handbibliothek Dialektologie,Mitte das linke Regal,1. von oben,,85,
930,"Döhrer, Evelyn und Reinhardt, Kati",1990,Untersuchungen zur Mundart von Mittelsdorf und Sünna,Zwickau,J85 FSU Jena Sektion Sprachwissenschaft Wissenschaftsbereich Deutsch Abt. Mundartforschung,E 006 Handbibliothek Dialektologie,Mitte das linke Regal,1. von oben,,136,
931,"Eichelroth, Jana",1995,Untersuchungen zur Dialektsituation in Gräfenroda (Ilmkreis),Jena,x,E 006 Handbibliothek Dialektologie,Mitte das linke Regal,1. von oben,,87,
932,"Eichhorn, Monika",1979,Darstellung der Ortsdialekte von Böhlen und Groszbreitenbach sowie der generationellen Sprachschichtung in Groszbreitenbach anhand von Tonbandaufnahmen,Jena,FSU Jena Sektion Sprachwissenschaft Wissenschaftsbereich Deutsch Abteilung Mundartforschung,E 006 Handbibliothek Dialektologie,Mitte das linke Regal,1. von oben,,98,
933,"Eichhorn, Monika",1979,Darstellung der Ortsdialekte von Böhlen und Groszbreitenbach sowie der generationellen Sprachschichtung in Groszbreitenbach anhand von Tonbandaufnahmen,Jena,FSU Jena Sektion Sprachwissenschaft Fachbereich Deutsch Mundartforschung,E 006 Handbibliothek Dialektologie,Mitte das linke Regal,1. von oben,,98,
934,"Frickmann, Annerose",1970,"Lokale und generationsmäßige Überlieferung alten Sprachgutes und sprachliche Neuerungen in der sozialistischen Landwirtschaft in Kospoda, Weira, Neunhofen, Lichtenau, Schmieritz und Dreitzsch (Kreis Pößneck)",Zwickau,x,E 006 Handbibliothek Dialektologie,Mitte das linke Regal,1. von oben,,56,
935,"Fiedler, Gudrun",1980,Volkskundliche Untersuchungen zu Arbeits- und Lebensbedingungen im Thüringer Schieferbergbau (Raum Lehesten) unter Berücksichtigung sprachlicher Aspekte,Jena,x,E 006 Handbibliothek Dialektologie,Mitte das linke Regal,1. von oben,,84 + Anhang,
936,"Fischer, Gabriele",1978,Kontrastive Beschreibung idiolektaler Differenzierungen innerhalb einer Familie,Jena,FSU Jena Sektion Sprachwissenschaft Fachbereich Deutsch Mundartforschung,E 006 Handbibliothek Dialektologie,Mitte das linke Regal,1. von oben,,119,
937,"Fischer, Gabriele",1978,Kontrastive Beschreibung idiolektaler Differenzierungen innerhalb einer Familie,Jena,x,E 006 Handbibliothek Dialektologie,Mitte das linke Regal,1. von oben,,119,
938,"Fischer, Sylvia",1981,"Sprichwörter und Redensarten, die den menschlichen Körper, menschliche Eigenschaften, Kleidung, Speisen, Wohnung und Lebensgewohnheiten betreffen, dargestellt nach Band 4 des Thüringer Wörterbuches",Jena,FSU Jena Sektion Sprachwissenschaft Fachbereich Deutsch Mundartforschung,E 006 Handbibliothek Dialektologie,Mitte das linke Regal,1. von oben,,335,
939,"Fischer, Sylvia",1981,"Sprichwörter und Redensarten, die den menschlichen Körper, menschliche Eigenschaften, Kleidung, Speisen, Wohnung und Lebensgewohnheiten betreffen, dargestellt nach Band 4 des Thüringer Wörterbuches",Jena,FSU Jena Sektion Sprachwissenschaft Fachbereich Deutsch Mundartforschung,E 006 Handbibliothek Dialektologie,Mitte das linke Regal,1. von oben,,336,
940,"Carl, Thomas",1982,"Phonetisch-Phonologische Studien zum betonten Vokalismus der Mundart des Lautertales (Kreis Coburg, Oberfranken) - Mit einem Abriß der Entstehungs- und Entwicklungsbedingungen sowie Überlegungen zur Dialektgeographie",Würzburg,x,E 006 Handbibliothek Dialektologie,Mitte das linke Regal,1. von oben,,250,
941,"Glänzer, Heidemarie",1963,Beobachtungen zur Mundart in Pferdsdorf (Rhön),Leipzig,Institut für Mundartforschung,E 006 Handbibliothek Dialektologie,Mitte das linke Regal,2. von oben,,64,
942,"Frank, Helga",1975,"Mundart und Umgangssprache in ihrer gesellschaftlichen Verflechtung, dargestellt am Beispiel des Dorfes Eicha/Kreis Hildburghausen",Jena,FSU Jena Sektion Sprachwissenschaft Fachbereich Deutsch Mundartforschung,E 006 Handbibliothek Dialektologie,Mitte das linke Regal,2. von oben,,136,
943,"Francke, Cornelia",1982,Anton Sommer und seine Mundartdichtung - ein Beitrag zur Geschichte der deutschen Mundartliteratur,Jena,Arbeitsstelle Thüringisches Wörterbuch,E 006 Handbibliothek Dialektologie,Mitte das linke Regal,2. von oben,,40,
944,"Gebhardt, Vera",1964,Pflug und pflügen in Thüringen im 19. Jahrhundert (Jahresarbeit),Berlin,FSU Jena Sektion Sprachwissenschaft Fachbereich Deutsch Mundartforschung,E 006 Handbibliothek Dialektologie,Mitte das linke Regal,2. von oben,,56,
945,"Gröger, Helga",1970,"Die Überlieferung alten Sprachgutes anhand von Flurnamen in Mattstedt, Zottelstedt und Niederrossla",Jena,FSU Jena Sektion Sprachwissenschaft Fachbereich Deutsch Mundartforschung,E 006 Handbibliothek Dialektologie,Mitte das linke Regal,2. von oben,,111,
946,"Heidelberger, Karla",1976,Fehlerursachen im Umgangssprachlichen des Jenaer Sprachraums,Jena,x,E 006 Handbibliothek Dialektologie,Mitte das linke Regal,2. von oben,,72,
947,"Hannemann, Martina",1980,Das Lautinventar der Mundart von Rittersdorf/Kr. Weimar und die Arbeitswelt der Bäuerin im Spiegel ihres Wortschatzes,Jena,FSU Jena Sektion Sprachwissenschaft Fachbereich Deutsch Mundartforschung,E 006 Handbibliothek Dialektologie,Mitte das linke Regal,2. von oben,,91,
948,"Hannemann, Martina",1980,Das Lautinventar der Mundart von Rittersdorf/Kr. Weimar und die Arbeitswelt der Bäuerin im Spiegel ihres Wortschatzes,Jena,J85 FSU Jena Sektion Sprachwissenschaft Wissenschaftsbereich Deutsch Abt. Mundartforschung,E 006 Handbibliothek Dialektologie,Mitte das linke Regal,2. von oben,,91,
949,"Großmann, Karl-Heinz",1968,"Mundartlicher Fachwortschatz aus der Porzellanindustrie von Köppelsdorf, Hüttensteinach und Steinbach",Sonneberg,x,E 006 Handbibliothek Dialektologie,Mitte das linke Regal,2. von oben,,99,
950,"Heymann, Silke",1993,Untersuchungen zur Dialektsituation in Gräfenthal/Thüringen,Jena,x,E 006 Handbibliothek Dialektologie,Mitte das linke Regal,2. von oben,,158,
951,"Heusinger, Dorothea",x,Fachsprachlicher Wortschatz im Feldbau der Gemeinde Oepfershausen,Oepfershausen,FSU Jena Sektion Sprachwissenschaft Fachbereich Deutsch Mundartforschung,E 006 Handbibliothek Dialektologie,Mitte das linke Regal,2. von oben,,28,
952,"Hellmann, Heidrun",1977,Darstellung der Schmerbacher Mundart und des Fachwortschatzes der holzverarbeitenden Handwerker,Jena,FSU Jena Sektion Sprachwissenschaft Wissenschaftsbereich Deutsch Abt. Mundartforschung,E 006 Handbibliothek Dialektologie,Mitte das linke Regal,2. von oben,,93,
953,"Heinz (Bock), Gudrun",1955,Die Mundart von Waldau ehemals Kreis Schleusingen,Leipzig,Institut für Mundartforschung,E 006 Handbibliothek Dialektologie,Mitte das linke Regal,2. von oben,,103,
954,"Korb, Tatjana",1981,Der Fachwortschatz der Puppenhersteller von Waltershausen/ Kreis Gotha,Jena,FSU Jena Sektion Sprachwissenschaft Wissenschaftsbereich Deutsch Abt. Mundartforschung,E 006 Handbibliothek Dialektologie,Mitte das linke Regal,2. von oben,,62,
955,"Korb, Tatjana",1981,Der Fachwortschatz der Puppenhersteller von Waltershausen/ Kreis Gotha,Jena,FSU Jena Sektion Sprachwissenschaft Wissenschaftsbereich Deutsch Abt. Mundartforschung,E 006 Handbibliothek Dialektologie,Mitte das linke Regal,2. von oben,,62,
956,"Koch, Silke",1995,Untersuchung zum regionalen Sprachgebrauch bei Schulkindern im Itzgründischen,Jena,x,E 006 Handbibliothek Dialektologie,Mitte das linke Regal,2. von oben,,75,
957,"Koch, Lore",1953,Grundstimmungen in neuen Jugendbüchern und für Jugendliche lesbaren Büchern,Jena,Institut für Mundartforschung,E 006 Handbibliothek Dialektologie,Mitte das linke Regal,2. von oben,,73,
958,"Kirsch, Ute",1982,"Die Umgangssprache von Haynrode, Kreis Worbis, und deren Einfluss auf schriftliche Schülerleistungen",Jena,x,E 006 Handbibliothek Dialektologie,Mitte das linke Regal,2. von oben,,56 + Tabellen,
959,"Keller, Katrin",1992,Untersuchungen zur Ortssprache von Spitzkunnersdorf/Oberlausitz,Jena,x,E 006 Handbibliothek Dialektologie,Mitte das linke Regal,2. von oben,,108,
960,"Jurzok, Steffi",1981,Neustädter Gerber - Volkskundliche Untersuchungen zu einem alten Thüringer Handwerk,Jena,x,E 006 Handbibliothek Dialektologie,Mitte das linke Regal,2. von oben,,118,
961,"Meuche, Michael",1969,Grammatische und sprachsoziologische Untersuchungen zur Mundart von Steinbrücken/Kreis Gera,Jena,FSU Jena Sektion Sprachwissenschaft Fachbereich Deutsch Mundartforschung,E 006 Handbibliothek Dialektologie,Mitte das linke Regal,2. von oben,,117,
962,"Meuche, Michael",1969,Grammatische und sprachsoziologische Untersuchungen zur Mundart von Steinbrücken/Kreis Gera,Jena,x,E 006 Handbibliothek Dialektologie,Mitte das linke Regal,2. von oben,,117,
963,"Mäusezahl, Ulrike",1992,Umgangssprachliche Lexik in Jena,Jena,x,E 006 Handbibliothek Dialektologie,Mitte das linke Regal,2. von oben,,20,
964,"Marx, Barbara",1981,"Verwandtschaft, Freundschaft und Geselligkeit im Spiegel von Sprichwörtern und Redensarten, dargestellt nach Band IV des Thüringischen Wörterbuches",Jena,x,E 006 Handbibliothek Dialektologie,Mitte das linke Regal,2. von oben,,83,
965,"Marx, Barbara",1981,"Verwandtschaft, Freundschaft und Geselligkeit im Spiegel von Sprichwörtern und Redensarten, dargestellt nach Band IV des Thüringischen Wörterbuches",Jena,x,E 006 Handbibliothek Dialektologie,Mitte das linke Regal,2. von oben,,83,
966,"Luthardt, Ingeborg",1975,Der Fachwortschatz der Steinacher Griffelmacher unter Berücksichtigung volkskundlicher Aspekte,Jena,x,E 006 Handbibliothek Dialektologie,Mitte das linke Regal,2. von oben,,130,
967,"Lösch, Wolfgang",1967,Grammatische und sprachsoziologische Untersuchungen zur Mundart von Biberschlag bei Eisfeld,Jena,FSU Jena Sektion Sprachwissenschaft Fachbereich Deutsch Mundartforschung,E 006 Handbibliothek Dialektologie,Mitte das linke Regal,2. von oben,,102,
968,"Lötsch, Katrin",1996,Untersuchungen zum regionalen Sprachgebrauch im westlichen Erzgebirge,Jena,x,E 006 Handbibliothek Dialektologie,Mitte das linke Regal,2. von oben,,38 + Anhang,
969,"Lehmann, Oskar",1922,Zur Abgrenzung und Gliederung des Nordthüringischen,Jena,Arbeitsstelle Thüringisches Wörterbuch,E 006 Handbibliothek Dialektologie,Mitte das linke Regal,2. von oben,,112,
970,"Nikolov, Gudrun",1977,Die Mundart von Steinbach Geschichte und Fachsprache des Steinbacher Messerschmiedehandwerks,Jena,x,E 006 Handbibliothek Dialektologie,Mitte das linke Regal,2. von oben,,57 + 13 Anhang,
971,"Reuter, Dieter",1987,Sprachvarianz in Truckenthal/Krs. Sonneberg,Jena,J85 FSU Jena Sektion Sprachwissenschaft Wissenschaftsbereich Deutsch Abt. Mundartforschung,E 006 Handbibliothek Dialektologie,Mitte das linke Regal,2. von oben,,96,
972,"Müller, Hans-Dieter",1961,Der Vokalismus der Mundart von Mengersgereuth-Hämmern,Jena,FSU Jena Sektion Sprachwissenschaft Fachbereich Deutsch Mundartforschung,E 006 Handbibliothek Dialektologie,Mitte das linke Regal,2. von oben,,70,
973,"Müller, Bettina",1982,Zur Umgangssprache von Meiningen und deren Einfluß auf die Rechtschreibung der Schüler,Jena,x,E 006 Handbibliothek Dialektologie,Mitte das linke Regal,2. von oben,,44,
974,"Müller, Bettina",1982,Zur Umgangssprache von Meiningen und deren Einfluß auf die Rechtschreibung der Schüler,Jena,x,E 006 Handbibliothek Dialektologie,Mitte das linke Regal,2. von oben,,44,
975,"Mummert, Susanne",1981,"Das Lautinventar der Mundart von Urnshausen sowie der Einfluß von Mundart und Umgangssprache auf die Rechtschreibung der Schüler von Urnshausen, Kreis Bad Salzungen",Jena,FSU Jena Sektion Sprachwissenschaft Fachbereich Deutsch Mundartforschung,E 006 Handbibliothek Dialektologie,Mitte das linke Regal,2. von oben,,87,
976,"Näder, Gerhard",1967,Die Mundarten im mittleren Kreisgebiet Rudolstadt,Jena,Institut für Mundartforschung,E 006 Handbibliothek Dialektologie,Mitte das linke Regal,2. von oben,,61,
977,"Scheibe, Marion",1981,"Tiere, Pflanzen, Naturerscheinungen und Witterungsverhältnisse im Spiegel von Sprichwörtern und Redensarten, dargestellt nach Band IV des Thüringischen Wörterbuches (2x vorhanden)",Jena,FSU Jena Sektion Sprachwissenschaft Fachbereich Deutsch Mundartforschung,E 006 Handbibliothek Dialektologie,Mitte das linke Regal,3. von oben,,184,
978,"Schad, Jutta",1980,"Soziolinguistische Untersuchungen zu den Existenzformen der Sprache und den Einflüssen der Mundart auf die Rechtschreibung der Schüler von Behrungen, Kreis Meiningen (2x vorhanden)",Jena,FSU Jena Sektion Sprachwissenschaft Fachbereich Deutsch Mundartforschung,E 006 Handbibliothek Dialektologie,Mitte das linke Regal,3. von oben,,61,
979,"Rotteck, Gaby",1979,Die Mikrotoponyme im Bereich der Stadtflur von Rudolstadt,Jena,FSU Jena Sektion Sprachwissenschaft Fachbereich Deutsch Mundartforschung,E 006 Handbibliothek Dialektologie,Mitte das linke Regal,3. von oben,,90,
980,"Schott, Birgit",1982,Zur Umgangssprache von Sonneberg und deren Einfluß auf die Rechtschreibung der Schüler (2x vorhanden),Jena,x,E 006 Handbibliothek Dialektologie,Mitte das linke Regal,3. von oben,,54 + Tabellen + Beispiele,
981,"Schuster, Marlen",1977,Die Fachsprache des Bergmannes,Jena,FSU Jena Sektion Sprachwissenschaft Fachbereich Deutsch Mundartforschung,E 006 Handbibliothek Dialektologie,Mitte das linke Regal,3. von oben,,92 + Zeichnungen,
982,"Trutanow, Igor",1984,"Untersuchungen zum Dialekt der Sowjetdeutschen Bevölkerung und zur Sprachsituation in Karbyschewka, Gebiet Karaganda (Kasachische SSR) (2x vorhanden)",Jena,x,E 006 Handbibliothek Dialektologie,Mitte das linke Regal,3. von oben,,57,
983,"Teschner, Elvira",1964,"Das Verhältnis von Mundart, Umgangssprache und Schriftsprache in Beesenstedt, Saalekreis (Schlußfolgerungen für die Schulpraxis)",Leipzig,Institut für Mundartforschung,E 006 Handbibliothek Dialektologie,Mitte das linke Regal,3. von oben,,65 + ,
984,"Stahlhut, Gabriela",1990,Untersuchungen zur regionalen Umgangssprache von Hettstedt im Mansfelder Sprachraum,Jena,x,E 006 Handbibliothek Dialektologie,Mitte das linke Regal,3. von oben,,102 +41,
985,"Stößel, Susanne",1994,Untersuchungen zur Dialektsituation an der ehemaligen deutsch-deutschen Grenze in Almerswind / Krs. Sonneberg und Weißenbrunn vorm Wald / Krs. Coburg,,x,E 006 Handbibliothek Dialektologie,Mitte das linke Regal,3. von oben,,78,
986,"Spangenberg, Karl",1961,Sprachliches Leben in Unterellen,Halle (Saale),x,E 006 Handbibliothek Dialektologie,Mitte das linke Regal,3. von oben,,72,
987,"Sömmer, Ingrid",1979,Das Lautinventar der Mundart von Truckenthal/Krs. Sonneberg und die Fachsprache der ansässigen Waldarbeiter (2x vorhanden),Jena,FSU Jena Sektion Sprachwissenschaft Fachbereich Deutsch Mundartforschung,E 006 Handbibliothek Dialektologie,Mitte das linke Regal,3. von oben,,95 + Literaturverzeichnis,
988,"Vetter, Walter",,Die persönlichen Fürwörter im thüringischen Sprachraum,Weimar,FSU Jena Sektion Sprachwissenschaft Fachbereich Deutsch Mundartforschung,E 006 Handbibliothek Dialektologie,Mitte das linke Regal,3. von oben,,61,
989,"Walter, Ferdinand",1965,"Veränderung in der sprachlichen Situation in Droßdorf, Kreis Zeitz, und Umgebung",Leipzig,FSU Jena Sektion Sprachwissenschaft Fachbereich Deutsch Mundartforschung,E 006 Handbibliothek Dialektologie,Mitte das linke Regal,3. von oben,,60,
990,"Wellmann, Andrea",2004,Untersuchungen zum Einfluss von regionaler Sprache auf schriftliche Schülerleistungen in Heilbad Heiligenstadt,Jena,x,E 006 Handbibliothek Dialektologie,Mitte das linke Regal,3. von oben,,113,
991,"Walter, Gabriele",1979,Zur Geschichte der Rufnamen des thüringischen Dorfes Pferdsdorf-Spichra von 1636 bis zur Gegenwart,Jena,FSU Jena Sektion Sprachwissenschaft Fachbereich Deutsch Mundartforschung,E 006 Handbibliothek Dialektologie,Mitte das linke Regal,3. von oben,,49 + Anhang,
992,"Werther, Elvira",1980,Das Lautinventar der Mundart Dippach und der Fachwortschatz des Dorfschmiedes (2x vorhanden),Jena,x,E 006 Handbibliothek Dialektologie,Mitte das linke Regal,3. von oben,,71,
993,"Wiegand, Ingrid",1967,Fachsprache des Kalibergmannes (2x vorhanden),Erfurt,FSU Jena Sektion Sprachwissenschaft Fachbereich Deutsch Mundartforschung,E 006 Handbibliothek Dialektologie,Mitte das linke Regal,3. von oben,,28,
994,"Wiegand, Ingrid",1968,Fachsprache des Kalibergmannes,Erfurt,FSU Jena Sektion Sprachwissenschaft Fachbereich Deutsch Mundartforschung,E 006 Handbibliothek Dialektologie,Mitte das linke Regal,3. von oben,,58 + Literaturverzeichnis,
995,"Wilhelm, Elvira",1958,"Die lautlichen und morphologischen Besonderheiten in der Sprache der Dörfer Dörnfeld, Pennewitz und Herschdorf",,x,E 006 Handbibliothek Dialektologie,Mitte das linke Regal,3. von oben,,43,
996,"Wolff, Hartwig",1977,Forschungen zur Lautlehre der Mundart von Seligenthal und zum Fachwortschatz der Waldarbeiter und Köhler (2x vorhanden),Jena,FSU Jena Sektion Sprachwissenschaft Fachbereich Deutsch Mundartforschung,E 006 Handbibliothek Dialektologie,Mitte das linke Regal,3. von oben,,72,
997,"Fahning, Wolfgang",1985,Soziolinguistische Aspekte von Fachsprachen - dargestellt am Beispiel der Fachsprache des Brauereiwesens nach empirischen Unterschungen in Thüringen,Jena,x,E 006 Handbibliothek Dialektologie,Mitte das linke Regal,4. von oben,,162,
998,"Fahning, Wolfgang",1985,Anhang zur Dissertation A: Soziolinguistische Aspekte von Fachsprachen - dargestellt am Beispiel der Fachsprache des Brauereiwesens nach empirischen Unterschungen in Thüringen,Jena,x,E 006 Handbibliothek Dialektologie,Mitte das linke Regal,4. von oben,,37,
999,"Langner, Helmut",1970,Untersuchungen zur Mundart und zur Umgangssprache im Raum um Wittenberg,Potsdam,FSU Jena Sektion Sprachwissenschaft Fachbereich Deutsch Mundartforschung,E 006 Handbibliothek Dialektologie,Mitte das linke Regal,4. von oben,,290,
1000,"Langner, Helmut",1970,Untersuchungen zur Mundart und zur Umgangssprache im Raum um Wittenberg (Fortsetzung),Potsdam,FSU Jena Sektion Sprachwissenschaft Fachbereich Deutsch Mundartforschung,E 006 Handbibliothek Dialektologie,Mitte das linke Regal,4. von oben,,291-594 + Karten,
1001,"Schäftlein, Rolf",1962,Zur ostthüringischen Sprachgeschichte: Dialektgeographische und sprachhistorische Untersuchungen mit 20 Karten und 3 Hilfskarten Teil 1,Jena,Institut für Mundartforschung,E 006 Handbibliothek Dialektologie,Mitte das linke Regal,4. von oben,,234,
1002,"Schäftlein, Rolf",1962,Zur ostthüringischen Sprachgeschichte: Dialektgeographische und sprachhistorische Untersuchungen mit 20 Karten und 3 Hilfskarten Teil 2,Jena,Institut für Mundartforschung,E 006 Handbibliothek Dialektologie,Mitte das linke Regal,4. von oben,,235-500,
1003,"Lösch, Wolfgang",1979,Untersuchungen zur sprachlichen Kommunikation in einer landwirtschaftlichen Produktionsgenossenschaft des Bezirks Suhl (2x vorhanden),Jena,FSU Jena Sektion Sprachwissenschaft Fachbereich Deutsch Mundartforschung,E 006 Handbibliothek Dialektologie,Mitte das linke Regal,4. von oben,,400,
1004,"Luthardt, Emil",1963,"Mundart und Volkstümliches aus Steinach, Thüringerwald und dialektgeographische Untersuchungen im Landkreis Sonneberg, im Amtsgerichtsbezirk Eisfeld, Landkreis Hildburghausen und in Schreibe im Amtsgerichtsbezirk Oberweißbach, Landkreis Rudolstadt",Hamburg,Institut für Mundartforschung,E 006 Handbibliothek Dialektologie,Mitte das linke Regal,4. von oben,,682,
1005,"Heinrich, Solveig",1994,Das Leben und Werk August Ludwigs,,x,E 006 Handbibliothek Dialektologie,Mitte das linke Regal,4. von oben,,11,
1006,"Orságová, Emília",1988,Soziolinguistische Untersuchungen zum deutschen Dialekt von Stós (Ostslowakai),Jena,FSU Jena Sektion Sprachwissenschaft Fachbereich Deutsch Mundartforschung,E 006 Handbibliothek Dialektologie,Mitte das linke Regal,4. von oben,,151 + Anhang,
1007,"Schlegel, Jürgen",,Zur Urkundensprache Nordthüringens - ein Beitrag zur sprachhistorischen Erschließung des Landes zwischen Unstrut und Harz unter besonderer Berücksichtigung der Stadt Sangerhausen,Jena,x,E 006 Handbibliothek Dialektologie,Mitte das linke Regal,4. von oben,,323,
1008,"Sperschneider, Heinz",1958,Studien zur Syntax der Mundarten des südöstlichen Thüringer Waldes (3x vorhanden),Jena,x,E 006 Handbibliothek Dialektologie,Mitte das linke Regal,4. von oben,,59 + Karten,
1009,"Seifart, ",1922,kann ich nicht lesen,Jena,FSU Jena Sektion Sprachwissenschaft Fachbereich Deutsch Mundartforschung,E 006 Handbibliothek Dialektologie,Mitte das linke Regal,4. von oben,,300,
1010,"Spangenberg, Karl",1956,Dialektgeographie der westthüringischen Randgebieten zwischen Röhn und Eichsfeld,Jena,Institut für Mundartforschung,E 006 Handbibliothek Dialektologie,Mitte das linke Regal,4. von oben,,192,
1011,"Weinhold, Thorsten",2002,Glossar Hundeshagener Kochum,,Thüringisches Wörterbuch Arbeitsstelle der FSU Jena und der Sächsischen Akademie der Wissenschaften zu Leipzig,E 006 Handbibliothek Dialektologie,Mitte das linke Regal,5. von oben ,,485,
1012,Thüringer Landesamt für Statistik ,1996-2005,Diverse Dokumente,Erfurt,x,E 006 Handbibliothek Dialektologie,Mitte das linke Regal,5. von oben ,,,
1013,"Enkelmann, Hans Walter",2001,"Die Pößnecker Flurnamen, Teil 1",Pössneck,x,E 006 Handbibliothek Dialektologie,Mitte das linke Regal,5. von oben ,,26-35,Pößnecker Heimatblätter Heft 1/2001 7. JG
1014,"Enkelmann, Hans Walter",2001,"Die Pößnecker Flurnamen, Teil 2 (2x vorhanden)",Pössneck,x,E 006 Handbibliothek Dialektologie,Mitte das linke Regal,5. von oben ,,16-27,Pößnecker Heimatblätter Heft 2/2001 7. JG
1015,"Enkelmann, Hans Walter",2001,Die Jüdeweiner Flurnamen,Pössneck,x,E 006 Handbibliothek Dialektologie,Mitte das linke Regal,5. von oben ,,22-25,Pößnecker Heimatblätter Heft 3/2001 7. JG
1016,"Enkelmann, Hans Walter",2002,"Die Pößnecker Flurnamen, Teil4",Pössneck,x,E 006 Handbibliothek Dialektologie,Mitte das linke Regal,5. von oben ,,19-23,Pößnecker Heimatblätter Heft 2/2002 8. JG
1017,"Enkelmann, Hans Walter",2002,"Die Pößnecker Flurnamen, Teil 5",Pössneck,x,E 006 Handbibliothek Dialektologie,Mitte das linke Regal,5. von oben ,,25-31,Pößnecker Heimatblätter Heft 1/2002 8. JG
1018,"Enkelmann, Hans Walter",2002,"Die Pößnecker Flurnamen, Teil 6",Pössneck,x,E 006 Handbibliothek Dialektologie,Mitte das linke Regal,5. von oben ,,22-27,Pößnecker Heimatblätter Heft 1/2002 8. JG
1019,"Enkelmann, Hans Walter",2002,"Die Pößnecker Flurnamen, Teil 7",Pössneck,x,E 006 Handbibliothek Dialektologie,Mitte das linke Regal,5. von oben ,,18-23,Pößnecker Heimatblätter Heft 3/2002 8. JG
1020,"Enkelmann, Hans Walter",2003,"Die Pößnecker Flurnamen, Teil 9",Pössneck,x,E 006 Handbibliothek Dialektologie,Mitte das linke Regal,5. von oben ,,17-23,Pößnecker Heimatblätter Heft 2/2003 9. JG
1021,"Enkelmann, Hans Walter",2003,"Die Pößnecker Flurnamen, Teil 10",Pössneck,x,E 006 Handbibliothek Dialektologie,Mitte das linke Regal,5. von oben ,,17-33,Pößnecker Heimatblätter Heft 2/2003 9. JG
1022,"Enkelmann, Hans Walter",2004,"Die Pößnecker Flurnamen, Teil 11",Pössneck,x,E 006 Handbibliothek Dialektologie,Mitte das linke Regal,5. von oben ,,21-31,Pößnecker Heimatblätter Heft 1/2004 10. JG
1023,"Enkelmann, Hans Walter",2004,"Die Pößnecker Flurnamen, Teil 12",Pössneck,x,E 006 Handbibliothek Dialektologie,Mitte das linke Regal,5. von oben ,,16-23,Pößnecker Heimatblätter Heft 2/2004 10. JG
1024,Hülsen. Richard,2003,"Zeitschrift des Vereins für Heimatkunde, Geschichte und Schutz von Artern e.V. Aratora Band 13",,,E 006 Handbibliothek Dialektologie,Mitte das linke Regal,5. von oben ,,,
1025,,1928,Gedenkbuch zur Erinnerung an das hundertjährige Bestehen der Pößnecker Zeitung,Pössneck,x,E 006 Handbibliothek Dialektologie,Mitte das linke Regal,5. von oben ,,53-58,
1026,"Märtin, Boto",2003,Die Geschichte des Instituts für Acker- und Pflanzenbau der FSU Jena,Erfurt,x,E 006 Handbibliothek Dialektologie,Mitte das linke Regal,5. von oben ,,156-192,Schriftenreihe der TLL 10/2003
1027,"Schnetz, Joseph (hrsg.)",1971,Zeitschrift für Ortsnamenforschung Band IX,Nedeln/Liechtenstein,Arbeitsstelle Thüringisches Wörterbuch,E 006 Handbibliothek Dialektologie,Mitte das linke Regal,5. von oben ,,68-99,Zeitschrift für Ortsnamenforschung
1028,"Koerner, Fritz ",,"Die Wüstungen in den Amtsgerichtsbezirken Apolda, Buttstädt, Großrudestedt, Vieselbach und Weimar 1. Teil",,x,E 006 Handbibliothek Dialektologie,Mitte das linke Regal,5. von oben ,,165-189,
1029,"Koerner, Fritz ",,"Die Wüstungen in den Amtsgerichtsbezirken Apolda, Buttstädt, Großrudestedt, Vieselbach und Weimar 2. Teil",,x,E 006 Handbibliothek Dialektologie,Mitte das linke Regal,5. von oben ,,292-306,
1030,"Beyer, Carl",1897,Urkundenbuch der Stadt Erfurt Zweiter Theil.,Halle (Saale),x,E 006 Handbibliothek Dialektologie,Mitte das linke Regal,5. von oben ,,30-33,Geschichtsquellen der Provinz Sachsen und angrenzender Gebiete Hrsg. Historische Commission der Provinz Sachsen
1031,"Bergmann, Rolf et al",1997,Beiträge zur Namenforschung Band 32 Heft 2,Heidelberg,x,E 006 Handbibliothek Dialektologie,Mitte das linke Regal,5. von oben ,,210-213,
1032,"Reissmann, Harry",1956,Die Geschichte des Wurzelberges - Eine geschichtliche Abhandlung,x,online Text ausgedruckt,E 006 Handbibliothek Dialektologie,Mitte das linke Regal,5. von oben ,,5,
1033,"Jacob, G.",1894,Die Ortsnamen des Herzogthums Meiningen,Hildburghausen,x,E 006 Handbibliothek Dialektologie,Mitte das linke Regal,5. von oben ,,nur S. 94,
1034,"Töppe, Hermann",x,Schnurren und Schtimmen aus Nord-Thüringen,Weimar,Institut für Mundartforschung,E 006 Handbibliothek Dialektologie,Mitte das linke Regal,5. von oben ,,56,
1035,Vorstand des Heimatvereins Aratora Artern e.V.,2003,"Zeitschrift des Vereins für Heimatkunde, Geschichte und Schutz von Artern e.V. Aratora Band 13",Artern,x,E 006 Handbibliothek Dialektologie,Mitte das linke Regal,5. von oben ,,86-95,
1036,Berlepsch,1860,Die Biene und die Bienenzucht mit honigarmen Gebieten,x,x,E 006 Handbibliothek Dialektologie,Mitte das linke Regal,5. von oben ,,222-245,angehangen ist eine kopierter Auszug aus dem Thüringer Wörterbuch S.82-85
1037,"Mühlner, Waldemar",x,De richtje Kur,x,x,E 006 Handbibliothek Dialektologie,Mitte das linke Regal,5. von oben ,,,
1038,"Schwarz, Friedemann",1988,Festlegung der Zonengrenzen - Zuordnung des Landkreises Blankenburg und des Bereiches Bad Sachsa/Tettenborn,Hohegeiß,x,E 006 Handbibliothek Dialektologie,Mitte das linke Regal,5. von oben ,,,
1039,"Kieser, Ottto",x, Zur Mundart von Halle an der Saale,x,x,E 006 Handbibliothek Dialektologie,Mitte das linke Regal,5. von oben ,,verschiedene Auszüge in grüner Mappe,
1040,"Lemser, Linda; Weinholz, Luise; Pfünder, Lysann; Deubner, Sina; Käßler, Stefanie",2004,Wie sprech'mern heite - Untersuchungen zur regionalen Sprechweise in ausgewählten ilmthüringischen Orten,Mellingen,x,E 006 Handbibliothek Dialektologie,Mitte das linke Regal,5. von oben ,,,
1041,"Krug, Berthold",x,"Auszug aus ""Die aus Obermaßfeld stammenden Lehrkräfte""",Obermaßfeld,x,E 006 Handbibliothek Dialektologie,Mitte das linke Regal,5. von oben ,,Auszüge in Klarsichtfolie,
1042,"Müller, Hans-Dieter",1988,Die Mundart von Mengersgereuth-Hämmern (handschriftlicher Diss.-Entwurf),x,x,E 006 Handbibliothek Dialektologie,Mitte das linke Regal,5. von oben ,,,
1043,"Bracke, Herbert",1966,Der Hennebergische Sprachraum - Untersuchungen zur Laut- und Wortgeographie (Textteil),Jena,Germanistisches Institut Jena,E 006 Handbibliothek Dialektologie,Mitte das linke Regal,5. von oben ,,333,
1044,"Bracke, Herbert und Bracke, Margarethe",1969,"Forschungsbericht zum Forschungsauftrag ""hennebergische Wortgeographie""",Arnstadt,x,E 006 Handbibliothek Dialektologie,Mitte das linke Regal,5. von oben ,,16,
1045,"Petzler, Wilhelm",x,Handbuch der Deutschen Volkskunde 2. Band,Leipzig,Arbeitsstelle Thüringisches Wörterbuch,E 006 Handbibliothek Dialektologie,Mitte das hintere Regal,1. von oben ,,487,
1046,"Spamer, Adolf",1935,Die Deutsche Volkskunde,Leipzig,Deutsches Seminar Jena,E 006 Handbibliothek Dialektologie,Mitte das hintere Regal,1. von oben ,,506 + 85 Anhang,
1047,"Weinhold, Rudolf",1973,"Winzerarbeit an Elbe, Saale und Unstrut",Berlin,"Sächsische Akademie der Wissenschaften zu Leipzig, Sprachwissenschaftliche Kommission, Arbeitsstelle Thüringisches Wörterbuch",E 006 Handbibliothek Dialektologie,Mitte das hintere Regal,1. von oben ,,419,
1048,"Kirchner, Annerose",1999,Der Rausspeller - Begegnungen mit Thüringer Handwerkern,Jena,Thüringisches Wörterbuch Arbeitsstelle der FSU Jena und der Sächsischen Akademie der Wissenschaften zu Leipzig,E 006 Handbibliothek Dialektologie,Mitte das hintere Regal,1. von oben ,,175,
1049,"Roth, Jürgen",1999,Bier! Das neue Lexikon,Leipzig,Thüringisches Wörterbuch Arbeitsstelle der FSU Jena und der Sächsischen Akademie der Wissenschaften zu Leipzig,E 006 Handbibliothek Dialektologie,Mitte das hintere Regal,1. von oben ,,316,
1050,Landesheimatbund Sachsen-Anhalt e.V. ,1995,Zur Kultur- und Sozialgeschichte Sachsen-Anhalts - Protokoll der Wissenschaftlichen Konferenz am 8. und 9. Oktober 1994 in Quedlinburg,Halle (Saale),Thüringisches Wörterbuch Arbeitsstelle der FSU Jena und der Sächsischen Akademie der Wissenschaften zu Leipzig,E 006 Handbibliothek Dialektologie,Mitte das hintere Regal,1. von oben ,,224,Beiträge zur Regional- und Landeskultur Sachsen-Anhalts Heft 1
1051,Heimatverein Allstedt e.V.,1998,Lindenblatt für Allstedt und Umgebung 1998,Allstedt,x,E 006 Handbibliothek Dialektologie,Mitte das hintere Regal,1. von oben ,,32,
1052,"Borde, Karl",1998,"Hopfen und Bier in der Geschichte in Literatur und Sprache, sowie Meinungen bekannter Persönlichkeiten",Leipzig,x,E 006 Handbibliothek Dialektologie,Mitte das hintere Regal,1. von oben ,,97,
1053,"Borde, Karl",1999,Hopfenbau unter besonderer Berücksichtigung der Zeit 1750-1950 Teil 1,Leipzig,x,E 006 Handbibliothek Dialektologie,Mitte das hintere Regal,1. von oben ,,99,
1054,"Borde, Karl",1999,Hopfenbau unter besonderer Berücksichtigung der Zeit 1750-1950 Teil 2,Leipzig,x,E 006 Handbibliothek Dialektologie,Mitte das hintere Regal,1. von oben ,,100-134,
1055,Heimatverein Allstedt e.V.,1996,Allstedter Lindenblatt 1996,Allstedt,x,E 006 Handbibliothek Dialektologie,Mitte das hintere Regal,1. von oben ,,23,
1056,Heimatverein Allstedt e.V.,1995,Allstedter Lindenblatt 1995,Allstedt,x,E 006 Handbibliothek Dialektologie,Mitte das hintere Regal,1. von oben ,,20,
1057,Vorbereitungskomitee für das Heimatfest 1974,1974,25 Jahre Deutsche Demokratische Republik - 1100 Jahre Burgtonna,Burgtonna,x,E 006 Handbibliothek Dialektologie,Mitte das hintere Regal,1. von oben ,,39,
1058,"Schemm-Müller, Christa",2004,Tabarz und Umgebung - Rückblick 100 Jahre - Nachrichten von 1904,Tabarz,x,E 006 Handbibliothek Dialektologie,Mitte das hintere Regal,1. von oben ,,111,
1059,"Schlesinger, Walter",1964,Die Entstehung der Landesherrschaft - Untersuchungen vorwiegend nach mitteldeutschen Quellen mit einer Vorbemerkung zum Neudruck,Jena,Dr. Heinz Rosenkranz,E 006 Handbibliothek Dialektologie,Mitte das hintere Regal,1. von oben ,,265,
1060,"Bahner, Werner",1984,Sprache und Kulturentwicklung im Blickfeld der Deutschen Spätaufklärung,Berlin,"Sächsische Akademie der Wissenschaften zu Leipzig, Sprachwissenschaftliche Kommission, Arbeitsstelle Thüringisches Wörterbuch",E 006 Handbibliothek Dialektologie,Mitte das hintere Regal,1. von oben ,,267,"Abhandlungen der Sächsischen Akademie der Wissemschaften zu Leipzig. Philologisch-historische Klasse Band 70, Heft 4"
1061,Stadtverwaltung Saalfeld,2002,Saalfelder Weihnachtsbüchlein - Beiträge zur Saalfelder Geschichte,Saalfeld,Arbeitsstelle Thüringisches Wörterbuch,E 006 Handbibliothek Dialektologie,Mitte das hintere Regal,1. von oben ,,56,
1062,Stadtverwaltung Saalfeld,2001,Saalfelder Weihnachtsbüchlein - Beiträge zur Saalfelder Geschichte,Saalfeld,Arbeitsstelle Thüringisches Wörterbuch,E 006 Handbibliothek Dialektologie,Mitte das hintere Regal,1. von oben ,,48,
1063,Stadtverwaltung Saalfeld,2000,Saalfelder Weihnachtsbüchlein - Beiträge zur Saalfelder Geschichte,Saalfeld,Arbeitsstelle Thüringisches Wörterbuch,E 006 Handbibliothek Dialektologie,Mitte das hintere Regal,1. von oben ,,48,
1064,Stadtverwaltung Saalfeld,1999,Saalfelder Weihnachtsbüchlein - Beiträge zur Saalfelder Geschichte,Saalfeld,Arbeitsstelle Thüringisches Wörterbuch,E 006 Handbibliothek Dialektologie,Mitte das hintere Regal,1. von oben ,,48,
1065,Stadtverwaltung Saalfeld,1998,Saalfelder Weihnachtsbüchlein - Beiträge zur Saalfelder Geschichte,Saalfeld,Arbeitsstelle Thüringisches Wörterbuch,E 006 Handbibliothek Dialektologie,Mitte das hintere Regal,1. von oben ,,48,
1066,Stadtverwaltung Saalfeld,1997,Saalfelder Weihnachtsbüchlein - Beiträge zur Saalfelder Geschichte,Saalfeld,Arbeitsstelle Thüringisches Wörterbuch,E 006 Handbibliothek Dialektologie,Mitte das hintere Regal,1. von oben ,,52,
1067,Stadtverwaltung Saalfeld,1996,Saalfelder Weihnachtsbüchlein - Beiträge zur Saalfelder Geschichte,Saalfeld,Arbeitsstelle Thüringisches Wörterbuch,E 006 Handbibliothek Dialektologie,Mitte das hintere Regal,1. von oben ,,56,
1068,Stadtverwaltung Saalfeld,1995,Saalfelder Weihnachtsbüchlein - Beiträge zur Saalfelder Geschichte,Saalfeld,Arbeitsstelle Thüringisches Wörterbuch,E 006 Handbibliothek Dialektologie,Mitte das hintere Regal,1. von oben ,,56,
1069,Stadtverwaltung Saalfeld,1994,Saalfelder Weihnachtsbüchlein - Beiträge zur Saalfelder Geschichte,Saalfeld,Arbeitsstelle Thüringisches Wörterbuch,E 006 Handbibliothek Dialektologie,Mitte das hintere Regal,1. von oben ,,44,
1070,Stadtverwaltung Saalfeld,1993,Saalfelder Weihnachtsbüchlein - Beiträge zur Saalfelder Geschichte,Saalfeld,Arbeitsstelle Thüringisches Wörterbuch,E 006 Handbibliothek Dialektologie,Mitte das hintere Regal,1. von oben ,,55,
1071,Stadtverwaltung Saalfeld,1992,Saalfelder Weihnachtsbüchlein - Beiträge zur Saalfelder Geschichte,Saalfeld,Arbeitsstelle Thüringisches Wörterbuch,E 006 Handbibliothek Dialektologie,Mitte das hintere Regal,1. von oben ,,48,
1072,Stadtverwaltung Saalfeld,1991,Saalfelder Weihnachtsbüchlein - Beiträge zur Saalfelder Geschichte,Saalfeld,Arbeitsstelle Thüringisches Wörterbuch,E 006 Handbibliothek Dialektologie,Mitte das hintere Regal,1. von oben ,,52,
1073,,1993,125 Jahre Landkreis Saalfeld,Saalfeld,Arbeitsstelle Thüringisches Wörterbuch,E 006 Handbibliothek Dialektologie,Mitte das hintere Regal,1. von oben ,,16,
1074,Museum für Thüringer Volkskunde Erfurt,1994,Korbmacherhandwerk in Thüringen,Erfurt,x,E 006 Handbibliothek Dialektologie,Mitte das hintere Regal,1. von oben ,,45,
1075,Frankenbund e.V.,2003,Die Säkularisation in Franken im Jahre 1803,Würzburg,x,E 006 Handbibliothek Dialektologie,Mitte das hintere Regal,1. von oben ,,85,Frankenland - Zeitschrift für Fränkische Landeskunde und Kulturpflege Heft 1 Februar 2003
1076,"Sauer, Bruno",1936,Vogtländischer Schriftenweiser für 1935,Plauen,x,E 006 Handbibliothek Dialektologie,Mitte das hintere Regal,1. von oben ,,48,
1077,"Schwarz, Ernst",1962,Sudetendeutsche Sprachräume,München,x,E 006 Handbibliothek Dialektologie,Mitte das hintere Regal,1. von oben ,,386,Handbuch der Sudetendeutschen Kulturgeschichte 2. Band Hrsg. Collegium Carolinum
1078,Thüringer Landesanstalt für Landwirtschaft,1995,Landwirtschaft und Landschaftspflege in Thüringen,Jena,x,E 006 Handbibliothek Dialektologie,Mitte das hintere Regal,1. von oben ,,131,Landwirtschaft und Landschaftspflege in Thüringen 2. Geschichtsheft
1079,Thüringer Landesanstalt für Landwirtschaft,2000,Landwirtschaft und Landschaftspflege in Thüringen,Jena,x,E 006 Handbibliothek Dialektologie,Mitte das hintere Regal,1. von oben ,,170,Landwirtschaft und Landschaftspflege in Thüringen 6. Geschichtsheft
1080,"Traut, Horst",1997,Steig ich hoch auf deine Berge - Lieder aus Lauscha und Ernstthal,x,Thüringisches Wörterbuch Arbeitsstelle der FSU Jena und der Sächsischen Akademie der Wissenschaften zu Leipzig,E 006 Handbibliothek Dialektologie,Mitte das hintere Regal,1. von oben ,,95,
1081,"Firmenich, Johannes Matthias",x,"Germaniens Völkerstimmen, Sammlung der deutschen Mundarten in Dichtungen, Sagen, Mährchen, Volksliedern u.f.w. Band 1",Berlin,Institut für Mundartforschung,E 006 Handbibliothek Dialektologie,Mitte das hintere Regal,1. von oben ,,544,
1082,"Firmenich, Johannes Matthias",x,"Germaniens Völkerstimmen, Sammlung der deutschen Mundarten in Dichtungen, Sagen, Mährchen, Volksliedern u.f.w. Band 2",Berlin,Institut für Mundartforschung,E 006 Handbibliothek Dialektologie,Mitte das hintere Regal,1. von oben ,,832,
1083,"Firmenich, Johannes Matthias",x,"Germaniens Völkerstimmen, Sammlung der deutschen Mundarten in Dichtungen, Sagen, Mährchen, Volksliedern u.f.w. Band 3",Berlin,Institut für Mundartforschung,E 006 Handbibliothek Dialektologie,Mitte das hintere Regal,1. von oben ,,960,
1084,"Werlen, Benno",1995,Sozialgeographie alltäglicher Regionalisierungen Band 1 Zur Ontologie von Gesellschaft und Raum,Stuttgart,x,E 006 Handbibliothek Dialektologie,Mitte das hintere Regal,1. von oben ,,262,Erdkundliches Wissen 116
1085,"Werlen, Benno",1997,"Sozialgeographie alltäglicher Regionalisierungen Band 2 Globalisierung, Region und Regionalisierung",Stuttgart,x,E 006 Handbibliothek Dialektologie,Mitte das hintere Regal,1. von oben ,,464,Erdkundliches wissen 119
1086,"Post, Bernhard und Wahl, Volker",1999,"Thüringen-Handbuch Territorium, Verfassung, Parlament, Regierung und Verwaltung in Thüringen 1920-1995",Weimar,Thüringisches Wörterbuch Arbeitsstelle der FSU Jena und der Sächsischen Akademie der Wissenschaften zu Leipzig,E 006 Handbibliothek Dialektologie,Mitte das hintere Regal,1. von oben ,,747,Veröffentlichungen aus Thüringischen Staatsarchiven 1
1087,"Wölfing, Günther",1992,"Geschichte des Henneberger Landes zwischen Grabfeld, Rennsteig und Rhön - Ein Überblick",Hildburghausen,Arbeitsstelle Thüringisches Wörterbuch,E 006 Handbibliothek Dialektologie,Mitte das hintere Regal,1. von oben ,,175,
1088,"Barthel, Rolf",1964,Zwischenspiel in Bischofstein -Beziehungen des Menschen Käthe Kollwitz zum Eichsfeld,Eichsfeld,x,E 006 Handbibliothek Dialektologie,Mitte das hintere Regal,1. von oben ,,58,Eichsfelder Heimathefte sonderausgabe 1964
1089,"Fick, A.",1952,Das Dorf entlang - Beiträge zur Volkskunde eines Eichsfeldischen Dorfes,Marburg,Dr. Heinz Rosenkranz,E 006 Handbibliothek Dialektologie,Mitte das hintere Regal,1. von oben ,,74,
1090,"Leidenfroft, Hermann",1928,Aus Ammerbachs Geschichte - Gedenkschrift zur 700 Jahrfeier der Kirche zu Ammerbach,Jena,Eigentum der Stadtbücherei Jena,E 006 Handbibliothek Dialektologie,Mitte das hintere Regal,1. von oben ,,76,
1091,"Döring, Heinrich",1842,Der Thüringer Chronik,Jena,Institut für Mundartforschung,E 006 Handbibliothek Dialektologie,Mitte das hintere Regal,1. von oben ,,878,
1092,"Kulturbund zur denokratischen Erneuerung Deutschlands, Kreisleitung Pößneck",1957,Zwischen Saale und Orla. Heimatbuch des Kreises Pößneck,Pössneck,Institut für Mundartforschung,E 006 Handbibliothek Dialektologie,Mitte das hintere Regal,2. von oben,,300,
1093,Gemeindeverwaltung Tabarz,,"Festschrift 600 Jahre Tabarz, 725 Jahre Mönchhof",Tabarz,Arbeitsstelle Thüringisches Wörterbuch,E 006 Handbibliothek Dialektologie,Mitte das hintere Regal,2. von oben,,130,Tabarz im Thüringer Wald 
1094,Tabarzer Kneipp-Verein Tabarz,2003,Rückblick 100 Jahre. Nachrichten von 1902/1903,,Arbeitsstelle Thüringisches Wörterbuch,E 006 Handbibliothek Dialektologie,Mitte das hintere Regal,2. von oben,,54,Tabarz im Thüringer Wald 
1095,Volkskundliche Beratungs- und Dokumentationsstelle für Thüringen im Museum für Thüringer Volkskunde Erfurt,1999,Waschen. Volkskundliche Materialien,Erfurt,Arbeitsstelle Thüringisches Wörterbuch,E 006 Handbibliothek Dialektologie,Mitte das hintere Regal,2. von oben,,33,
1096,"Schmidt, Günter",1989,Beiträge zur älteren Geschichte und zur Mundart von Brotterode (2x vorhanden),Brotterode,FSU Jena Sektion Sprachwissenschaft Wissenschaftsbereich Deutsch Abt. Mundartforschung / Thür. Wörterbuch,E 006 Handbibliothek Dialektologie,Mitte das hintere Regal,2. von oben,,81 + Karten,
1097,,1999,Ida Zschach (1888-1969) Volksliedsammlerin aus Möschlitz,,Thüringisches Wörterbuch Arbeitsstelle der FSU Jena und der Sächsischen Akademie der Wissenschaften zu Leipzig,E 006 Handbibliothek Dialektologie,Mitte das hintere Regal,2. von oben,,20,
1098,"Weigel, Heinrich",1988,"Monographie der Hörselberge Teil II ""Zur Geschichte der Hörselberge""",Eisenach,FSU Jena Sektion Sprachwissenschaft Wissenschaftsbereich Deutsch Abt. Mundartforschung / Thür. Wörterbuch,E 006 Handbibliothek Dialektologie,Mitte das hintere Regal,2. von oben,,104,Eisenacher Schriften zur Heimatkunde Heft 38
1099,Deutscher Kulturbund Jena,1964,Du mein Jena. Ein heimat-Alamanach aus dem mittleren Saaletal,Jena,"Sächsische Akademie der Wissenschaften zu Leipzig, Sprachwissenschaftliche Kommission, Arbeitsstelle Thüringisches Wörterbuch",E 006 Handbibliothek Dialektologie,Mitte das hintere Regal,2. von oben,,112,
1100,"Sterzik, Torsten; Traut, Horst (hrsg.)",1995,Wo die tiefen Täler und die Waldeshöhn. Heimatlieder und Lieder zu besonderen Anlässen aus der Bergbahnregion um Oberweißbach,Oberweißbach,Thüringisches Wörterbuch Arbeitsstelle der FSU Jena und der Sächsischen Akademie der Wissenschaften zu Leipzig,E 006 Handbibliothek Dialektologie,Mitte das hintere Regal,2. von oben,,39,Lieder aus Thüringer Regionen und Ortschaften Heft 1
1101,"Bauer, Yvonne; Heerlein, Gerd; Traut, Horst (hrsg.)",1997,Liegt da ein Dorf im Abendsonnenstrahl. Heimatlieder und Wirtshauslieder aus dem Oberen Waldgebiet des Kreises Hildburghausen zwischen Schleusegrund und Werratal,Cursdorf,Thüringisches Wörterbuch Arbeitsstelle der FSU Jena und der Sächsischen Akademie der Wissenschaften zu Leipzig,E 006 Handbibliothek Dialektologie,Mitte das hintere Regal,2. von oben,,47,Lieder aus Thüringer Regionen und Ortschaften Heft 2
1102,"Kulturbund zur demokratischen Erneuerung Deutschlands, Kreissekretariat Gotha",1955,Der Friedenstein Oktober 1955,Gotha,x,E 006 Handbibliothek Dialektologie,Mitte das hintere Regal,2. von oben,,23,"Monatsblätter des Kulturbundes zur Demokratischen Erneuerung Deutschlands, Kreisverband Gotha Oktober 1955"
1103,"Kulturbund zur demokratischen Erneuerung Deutschlands, Kreissekretariat Gotha",1957,Der Friedenstein April 1957,Gotha,x,E 006 Handbibliothek Dialektologie,Mitte das hintere Regal,2. von oben,,54-74 + Monatsprogramm,"Monatsblätter des Kulturbundes zur Demokratischen Erneuerung Deutschlands, Kreisverband Gotha April 1957"
1104,"Kulturbund zur demokratischen Erneuerung Deutschlands, Kreissekretariat Gotha",1957,Der Friedenstein Mai 1957,Gotha,x,E 006 Handbibliothek Dialektologie,Mitte das hintere Regal,2. von oben,,76-96 + Monatsprogramm,"Monatsblätter des Kulturbundes zur Demokratischen Erneuerung Deutschlands, Kreisverband Gotha Mai 1957"
1105,"Kulturbund zur demokratischen Erneuerung Deutschlands, Kreissekretariat Gotha",1957,Der Friedenstein Juni 1957,Gotha,x,E 006 Handbibliothek Dialektologie,Mitte das hintere Regal,2. von oben,,97-120 + Monatsprogramm,"Monatsblätter des Kulturbundes zur Demokratischen Erneuerung Deutschlands, Kreisverband Gotha Juni 1957"
1106,"Kulturbund zur demokratischen Erneuerung Deutschlands, Kreissekretariat Gotha",1957,Der Friedenstein Juli 1957,Gotha,x,E 006 Handbibliothek Dialektologie,Mitte das hintere Regal,2. von oben,,122-143 + Monatsprogramm,"Monatsblätter des Kulturbundes zur Demokratischen Erneuerung Deutschlands, Kreisverband Gotha Juli 1957"
1107,"Kulturbund zur demokratischen Erneuerung Deutschlands, Kreissekretariat Gotha",1957,Der Friedenstein Oktober 1957,Gotha,x,E 006 Handbibliothek Dialektologie,Mitte das hintere Regal,2. von oben,,191-211 + Monatsprogramm,"Monatsblätter des Kulturbundes zur Demokratischen Erneuerung Deutschlands, Kreisverband Gotha Oktober 1957"
1108,"Deutscher Kulturbund, Kreis Gotha",1960,Der Friedenstein April 1960,Gotha,x,E 006 Handbibliothek Dialektologie,Mitte das hintere Regal,2. von oben,,75-94 + Monatsprogramm,"Monatsblätter des Kulturbundes zur Demokratischen Erneuerung Deutschlands, Kreisverband Gotha April 1960"
1109,"Deutscher Kulturbund, Kreis Gotha",1960,Der Friedenstein Mai 1960,Gotha,x,E 006 Handbibliothek Dialektologie,Mitte das hintere Regal,2. von oben,,95-117 + Monatsprogramm,"Monatsblätter des Kulturbundes zur Demokratischen Erneuerung Deutschlands, Kreisverband Gotha Mai 1960"
1110,"Deutscher Kulturbund, Kreis Gotha",1960,Der Friedenstein Juni 1960,Gotha,x,E 006 Handbibliothek Dialektologie,Mitte das hintere Regal,2. von oben,,119 - 167 + Monatsprogramm,"Monatsblätter des Kulturbundes zur Demokratischen Erneuerung Deutschlands, Kreisverband Gotha Juni 1960"
1111,"Deutscher Kulturbund, Kreis Gotha",1961,Der Friedenstein Februar 1961,Gotha,Institut für Mundartforschung,E 006 Handbibliothek Dialektologie,Mitte das hintere Regal,2. von oben,,25-48,"Monatsblätter des Deutschen Kulrubundes, Kreisleitung Gotha Februar 1961"
1112,"Deutscher Kulturbund, Kreis Gotha",1961,Der Friedenstein März 1961,Gotha,Institut für Mundartforschung,E 006 Handbibliothek Dialektologie,Mitte das hintere Regal,2. von oben,,49-71,"Monatsblätter des Deutschen Kulrubundes, Kreisleitung Gotha März 1961"
1113,"Deutscher Kulturbund, Kreis Gotha",1961,Der Friedenstein April 1961,Gotha,Institut für Mundartforschung,E 006 Handbibliothek Dialektologie,Mitte das hintere Regal,2. von oben,,81-109,"Monatsblätter des Deutschen Kulrubundes, Kreisleitung Gotha April 1961"
1114,"Steiner, Johann Martin",1926,Die Steinersgasse in früherer Zeit. Aus Johann Martin Steiners Chronik von Sonneberg 1757-1802,Sonneberg,"Land Thüringen, Hämmern",E 006 Handbibliothek Dialektologie,Mitte das hintere Regal,2. von oben,, 7-72,
1115,,1993,70 Jahre Oberweissbacher Bergbahn 1923-1993,,"Sächsische Akademie der Wissenschaften zu Leipzig, Sprachwissenschaftliche Kommission, Arbeitsstelle Thüringisches Wörterbuch",E 006 Handbibliothek Dialektologie,Mitte das hintere Regal,2. von oben,,3-56,
1116,"Rat des Kreises, Abt. Kultur",1960,Weißenfelser Heimatbote April 1960,Weißenfels,x,E 006 Handbibliothek Dialektologie,Mitte das hintere Regal,2. von oben,,73-96,Weißenfelser Heimatbote April 1960 6. JG
1117,,1955,Großbreitenbach 1150-1955. Das Werden einer Thüringer Waldgemeinde,Großbreitenbach,Institut für Mundartforschung,E 006 Handbibliothek Dialektologie,Mitte das hintere Regal,2. von oben,,5-76,
1118,"Sigismund, Berthold",1862,Landeskunde des Fürstenthums Schwarzburg-Rudolstadt Teil I: Allgemeine Landeskunde der Oberherrschaft,Rudolstadt,"Arbeitsstelle Thüringisches Wörterbuch, Sächsische Akademie der Wissenschaften zu Leipzig",E 006 Handbibliothek Dialektologie,Mitte das hintere Regal,2. von oben,,226,
1119,"Sigismund, Berthold",1863,Landeskunde des Fürstenthums Schwarzburg-Rudolstadt Teil II: Ortskunde der Oberherrschaft,Rudolstadt,"Arbeitsstelle Thüringisches Wörterbuch, Sächsische Akademie der Wissenschaften zu Leipzig",E 006 Handbibliothek Dialektologie,Mitte das hintere Regal,2. von oben,,215,
1120,"Tschernik, E.",1954,Die Entwicklung der sorbischen Bevölkerung von 1832-1945,Berlin,Institut für Mundartforschung,E 006 Handbibliothek Dialektologie,Mitte das hintere Regal,2. von oben,,157,Deutsche Akademie der Wissenschaften zu Berlin. Veröffentlichungen des Instututs für Slawistik Nr. 4 
1121,"Fraenger, Wilhelm",1955,Deutsches Jahrbuch für Volkskunde Erster Band Heft 1/2,Berlin,Institut für Mundartforschung,E 006 Handbibliothek Dialektologie,Mitte das hintere Regal,2. von oben,,499 + Tafeln,0
1122,"Fraenger, Wilhelm",1956,Deutsches Jahrbuch für Volkskunde Zweiter Band,Berlin,Institut für Mundartforschung,E 006 Handbibliothek Dialektologie,Mitte das hintere Regal,2. von oben,,488 + Tafeln,Deutsches Jahrbuch für Volkskunde
1123,"Fraenger, Wilhelm",1957,Deutsches Jahrbuch für Volkskunde Dritter Band Teil 1,Berlin,Institut für Mundartforschung,E 006 Handbibliothek Dialektologie,Mitte das hintere Regal,2. von oben,,576 + Tafeln,Deutsches Jahrbuch für Volkskunde
1124,"Fraenger, Wilhelm",1958,Deutsches Jahrbuch für Volkskunde Vierter Band Teil 1,Berlin,Institut für Mundartforschung,E 006 Handbibliothek Dialektologie,Mitte das hintere Regal,2. von oben,,601,Deutsches Jahrbuch für Volkskunde
1125,"Fraenger, Wilhelm",1959,Deutsches Jahrbuch für Volkskunde Fünfter Band,Berlin,Institut für Mundartforschung,E 006 Handbibliothek Dialektologie,Mitte das hintere Regal,2. von oben,,548 + Tafeln,Deutsches Jahrbuch für Volkskunde
1126,Deutsche Akademie die Wissenschaften zu Berlin,1960,Deutsches Jahrbuch für Volkskunde Sechster Band,Berlin,Institut für Mundartforschung,E 006 Handbibliothek Dialektologie,Mitte das hintere Regal,2. von oben,,531,Deutsches Jahrbuch für Volkskunde
1127,"Fraenger, Wilhelm",1961,Deutsches Jahrbuch für Volkskunde Siebter Band,Berlin,Institut für Mundartforschung,E 006 Handbibliothek Dialektologie,Mitte das hintere Regal,2. von oben,,386,Deutsches Jahrbuch für Volkskunde
1128,"Fraenger, Wilhelm",1962,Deutsches Jahrbuch für Volkskunde Achter Band,Berlin,Institut für Mundartforschung,E 006 Handbibliothek Dialektologie,Mitte das hintere Regal,2. von oben,,488,Deutsches Jahrbuch für Volkskunde
1129,"Fraenger, Wilhelm",1963,Deutsches Jahrbuch für Volkskunde Neunter Band,Berlin,Institut für Mundartforschung,E 006 Handbibliothek Dialektologie,Mitte das hintere Regal,2. von oben,,468 + Tafeln,Deutsches Jahrbuch für Volkskunde
1130,"Fraenger, Wilhelm",1964,Deutsches Jahrbuch für Volkskunde Zehnter Band,Berlin,Institut für Mundartforschung,E 006 Handbibliothek Dialektologie,Mitte das hintere Regal,2. von oben,,444,Deutsches Jahrbuch für Volkskunde
1131,Deutsche Akademie die Wissenschaften zu Berlin,1965,Deutsches Jahrbuch für Volkskunde Elfter Band,Berlin,Institut für Mundartforschung,E 006 Handbibliothek Dialektologie,Mitte das hintere Regal,2. von oben,,486,Deutsches Jahrbuch für Volkskunde
1132,Deutsche Akademie die Wissenschaften zu Berlin,1966,Deutsches Jahrbuch für Volkskunde Zwölfter Band,Berlin,FSU Jena Sektion Sprachwissenschaft Fachbereich Deutsch Mundartforschung,E 006 Handbibliothek Dialektologie,Mitte das hintere Regal,2. von oben,,430,Deutsches Jahrbuch für Volkskunde
1133,Deutsche Akademie die Wissenschaften zu Berlin,1968,Deutsches Jahrbuch für Volkskunde Vierzehnter Band,Berlin,FSU Jena Sektion Sprachwissenschaft Fachbereich Deutsch Mundartforschung,E 006 Handbibliothek Dialektologie,Mitte das hintere Regal,2. von oben,,436,Deutsches Jahrbuch für Volkskunde
1134,Deutsche Akademie die Wissenschaften zu Berlin,1967,Deutsches Jahrbuch für Volkskunde Dreizehnter Band Teil 1,Berlin,Institut für Mundartforschung,E 006 Handbibliothek Dialektologie,Mitte das hintere Regal,2. von oben,,212,Deutsches Jahrbuch für Volkskunde
1135,"Helbig, Herbert (hrsg.)",1952,Quellen zur älteren Wirtschaftsgeschichte Mitteldeutschlands 1. Teil,Weimar,Institut für Mundartforschung,E 006 Handbibliothek Dialektologie,Mitte das hintere Regal,2. von oben,,127,Studienbücherei Heft 9
1136,"Helbig, Herbert (hrsg.)",1952,Quellen zur älteren Wirtschaftsgeschichte Mitteldeutschlands 2. Teil,Weimar,Institut für Mundartforschung,E 006 Handbibliothek Dialektologie,Mitte das hintere Regal,2. von oben,,211,Studienbücherei Heft 10
1137,"Helbig, Herbert (hrsg.)",1953,Quellen zur älteren Wirtschaftsgeschichte Mitteldeutschlands 3. Teil,Weimar,Institut für Mundartforschung,E 006 Handbibliothek Dialektologie,Mitte das hintere Regal,2. von oben,,168,Studienbücherei Heft 11
1138,"Helbig, Herbert (hrsg.)",1953,Quellen zur älteren Wirtschaftsgeschichte Mitteldeutschlands 4. Teil,Weimar,Institut für Mundartforschung,E 006 Handbibliothek Dialektologie,Mitte das hintere Regal,2. von oben,,166,Studienbücherei Heft 12
1139,"Helbig, Herbert (hrsg.)",1953,Quellen zur älteren Wirtschaftsgeschichte Mitteldeutschlands 5. Teil,Weimar,Institut für Mundartforschung,E 006 Handbibliothek Dialektologie,Mitte das hintere Regal,2. von oben,,205,Studienbücherei Heft 13
1140,Bezirkskabinett für Kulturarbeit Gera,1987,Die Fundgrube. Folklore im Wechsel der Jahreszeiten zum Anschauen und Nachmachen,Rudolstadt,"Sächsische Akademie der Wissenschaften zu Leipzig, Sprachwissenschaftliche Kommission, Arbeitsstelle Thüringisches Wörterbuch",E 006 Handbibliothek Dialektologie,Mitte das hintere Regal,2. von oben,,80,Folklore im Wechsel 1. JG
1141,Bezirkskabinett für Kulturarbeit Gera,1988,Die Fundgrube. Folklore im Wechsel der Jahreszeiten zum Anschauen und Nachmachen Nr. 2,Rudolstadt,"Sächsische Akademie der Wissenschaften zu Leipzig, Sprachwissenschaftliche Kommission, Arbeitsstelle Thüringisches Wörterbuch",E 006 Handbibliothek Dialektologie,Mitte das hintere Regal,2. von oben,,84,
1142,,,Aus dem reimfrohen Thüringer Volksmund,,x,E 006 Handbibliothek Dialektologie,Mitte das hintere Regal,2. von oben,,15,
1143,"Wille, Louis",1937,Harzer Volkskunde Teil 1. Doppelheft 6/7. Die Volkstracht. Sitte und Brauch im Sippenverband ,Magdeburg,FSU Jena Sektion Sprachwissenschaft Fachbereich Deutsch Mundartforschung,E 006 Handbibliothek Dialektologie,Mitte das hintere Regal,2. von oben,,68,Harzer Volkskunde Teil 1: Volkskunde des niederdeutschen Harzes und Harzvorlandes
1144,"Apel, Hans",1935,Geschichte der Klosters Kapellendorf bei Weimar,Weimar,Landesstelle für Thüringische ,E 006 Handbibliothek Dialektologie,Mitte das hintere Regal,2. von oben,,121,Mitteilungen der Burggemeinde Kapellendorf Band 2
1145,"Kulturbund zur demokratischen Erneuerung Deutschlands, Kreissekretariat Pößneck",,Kultur- und Heimatspiegel. Neustadt an er Orla in Wort und Bild,Neustadt an der Orla,x,E 006 Handbibliothek Dialektologie,Mitte das hintere Regal,2. von oben,,22,
1146,"Schramm, Rudolf",1980,Das Liebschmitzer Ranzenmännchen,Greiz,"Sächsische Akademie der Wissenschaften zu Leipzig, Sprachwissenschaftliche Kommission, Arbeitsstelle Thüringisches Wörterbuch",E 006 Handbibliothek Dialektologie,Mitte das hintere Regal,2. von oben,,96,Sagen aus dem Gerarer Land 
1147,Thüringer Ministerium für Landwirtschaft und Forsten,1993,Mitteilungen der Thüringer Forsteinrichtungen- und Versuchsanstalt Gotha,Gotha,"Sächsische Akademie der Wissenschaften zu Leipzig, Sprachwissenschaftliche Kommission, Arbeitsstelle Thüringisches Wörterbuch",E 006 Handbibliothek Dialektologie,Mitte das hintere Regal,2. von oben,,,
1148,Rat der Stadt Greiz,1988,Die Wunderblumen vom Röschnitzgrund. Sagen und sagenhafte Erzählungen des mittleren Elstertals. Band 1,Greiz,Arbeitsstelle Thüringisches Wörterbuch,E 006 Handbibliothek Dialektologie,Mitte das hintere Regal,2. von oben,,89,
1149,Landtag Mecklenburg-Vorpommern,1994,Vorläufige Verfassung des Landes Mecklenburg-Vorpommern (2x vorhanden),Schwerin,Arbeitsstelle Thüringisches Wörterbuch,E 006 Handbibliothek Dialektologie,Mitte das hintere Regal,2. von oben,,68,
1150,Landtag Mecklenburg-Vorpommern,,Vörlöpige Verfatung von Dat Land Mäkelborg-Vörpommern (2x vorhanden),Schwerin,Arbeitsstelle Thüringisches Wörterbuch,E 006 Handbibliothek Dialektologie,Mitte das hintere Regal,2. von oben,,67,
1151,Land Hessen,1992,Hessen und Thüringen. Von den Anfängen bis zur Reformation. Eine Ausstellung des Landes Hessen,"Marburg, Eisenach",Arbeitsstelle Thüringisches Wörterbuch,E 006 Handbibliothek Dialektologie,Mitte das hintere Regal,3. von oben,,359,
1152,"Moritz, Marina; Seim, Andreas",2001,erfahren. Verändern. Behaaren. Dorfleben im 19. Jahrhundert,Erfurt,Arbeitsstelle Thüringisches Wörterbuch,E 006 Handbibliothek Dialektologie,Mitte das hintere Regal,3. von oben,,237,"Schriften des Museums für Thüringer Volkskunde Erfurt, Band 18"
1153,"Grundmann, Luise (hrsg.)",1998,Rudolstadt und das mittlere Saaletal,Weimar,Thüringisches Wörterbuch Arbeitsstelle der FSU Jena und der Sächsischen Akademie der Wissenschaften zu Leipzig,E 006 Handbibliothek Dialektologie,Mitte das hintere Regal,3. von oben,,246,Werte der deutschen Heimat Band 58
1154,"Bickert, Hans Günther; Nail, Norbert",1989,Marburger Karzer-Buch. 15 Kapitel zum Universitätsgefängnis und zum historischen Studententum,Hitzeroth,FSU Jena Sprachwissenschaft Thüringisches Wörterbuch,E 006 Handbibliothek Dialektologie,Mitte das hintere Regal,3. von oben,,112,
1155,"Rohland, Steffi; Noack, Heinz",1999,"Ein Heimatbuch. Aus der Geschichte von Berga, Bösenrode % Rosperwenda",Berga,Thüringisches Wörterbuch Arbeitsstelle der FSU Jena und der Sächsischen Akademie der Wissenschaften zu Leipzig,E 006 Handbibliothek Dialektologie,Mitte das hintere Regal,3. von oben,,777,
1156,"Männergesangsverein ""Liedertafel"" Gemeinde Schloßvippach",1993,Festschrift 1200 Jahre Schloßvippach,Schloßvippach,"Sächsische Akademie der Wissenschaften zu Leipzig, Sprachwissenschaftliche Kommission, Arbeitsstelle Thüringisches Wörterbuch",E 006 Handbibliothek Dialektologie,Mitte das hintere Regal,3. von oben,,184,
1157,"Großmann, Karl-Heinz (hrsg.)",1990,"650 Jahre Jagdshof, Eine Ortsgeschichte",Sonneberg,"Sächsische Akademie der Wissenschaften zu Leipzig, Sprachwissenschaftliche Kommission, Arbeitsstelle Thüringisches Wörterbuch",E 006 Handbibliothek Dialektologie,Mitte das hintere Regal,3. von oben,,88 + Bilder,
1158,"Regel, Erik",1895,Thüringen. Ein geographisches Handbuch. Zweiter Teil: Biogeographie. Zweites Buch: Die Bewohner ,Jena,"Sächsische Akademie der Wissenschaften zu Leipzig, Sprachwissenschaftliche Kommission, Arbeitsstelle Thüringisches Wörterbuch",E 006 Handbibliothek Dialektologie,Mitte das hintere Regal,3. von oben,,840,
1159,"Regel, Fritz",1897,Thüringen. Ein landeskundlicher Grundriss,Jena,"Sächsische Akademie der Wissenschaften zu Leipzig, Sprachwissenschaftliche Kommission, Arbeitsstelle Thüringisches Wörterbuch",E 006 Handbibliothek Dialektologie,Mitte das hintere Regal,3. von oben,,223,
1160,Volkskundliche Kommision für Thüringen e.V.,1998,Öffentlich feiern. Zur Festkultur in Thüringen (1). Tagungen in Erfurt 1996 und Kammerforst 1997,Erfurt,x,E 006 Handbibliothek Dialektologie,Mitte das hintere Regal,3. von oben,,192,Thüringer Hefte für Volkskunde Band 6
1161,"Gerbing, Luise",1936,Die Thüringer Trachten in Wort und Bild dargestellt und erläuert ,Berlin,Institut für Mundartforschung,E 006 Handbibliothek Dialektologie,Mitte das hintere Regal,3. von oben,,136,
1162,"Frenzel, Walter; Karg, Fritz; Spamer, Adolf",1932,Grundriss der Sächsischen Volkskunde ,Leipzig,FSU Jena Sektion Sprachwissenschaft Fachbereich Deutsch Mundartforschung,E 006 Handbibliothek Dialektologie,Mitte das hintere Regal,3. von oben,,368,
1163,"Frenzel, Walter; Karg, Fritz; Spamer, Adolf",1933,Grundriss der Sächsischen Volkskunde. 2. Band (2x vorhanden),Leipzig,FSU Jena Sektion Sprachwissenschaft Fachbereich Deutsch Mundartforschung,E 006 Handbibliothek Dialektologie,Mitte das hintere Regal,3. von oben,,142,
1164,"Schneider, Friedrich; Tille, Armin",1931,Einführung in die Thüringische Geschichte,Jena,Institut für Mundartforschung,E 006 Handbibliothek Dialektologie,Mitte das hintere Regal,3. von oben,,128,
1165,"Wuttke, Robert (hrsg.)",1901,Sächsische Volkskunde ,Dresden,Institut für Mundartforschung,E 006 Handbibliothek Dialektologie,Mitte das hintere Regal,3. von oben,,578,
1166,"Raiser, Ernst",1933,Landeskunde von Thüringen,,FSU Jena Sektion Sprachwissenschaft Fachbereich Deutsch Mundartforschung,E 006 Handbibliothek Dialektologie,Mitte das hintere Regal,3. von oben,,478,
1167,"Müller, Ernst",1960,Übersicht über die Bestände des Landesarchivs Meiningen,Weimar,Institut für Mundartforschung,E 006 Handbibliothek Dialektologie,Mitte das hintere Regal,3. von oben,,130,
1168,"Thomae, Walter",1951,Thüringische Kunstgeschichte,Jena,Institut für Mundartforschung,E 006 Handbibliothek Dialektologie,Mitte das hintere Regal,3. von oben,,142,"Beiträge zur mittelalterlichen und neueren Geschichte Band 21, Hrsg. Friedrich Schneider"
1169,"Kronfeld, J.C.",1861,Heimathskunde in Thüringen und dessen nächster Umgebung,Jena,Institut für Mundartforschung,E 006 Handbibliothek Dialektologie,Mitte das hintere Regal,3. von oben,,597,
1170,"Reitel, Wilhelm",1939,Die Gründung von Kirchen und Pfarreien im Bistum Zeitz-Naumburg zur Zeit der Christianisierung,Jena,Institut für Mundartforschung,E 006 Handbibliothek Dialektologie,Mitte das hintere Regal,3. von oben,,122,Arbeiten zur Landes- und Volksforschung Band 5 
1171,"Schmolitzky, Oskar",1964,Volkskunst in Thüringen vom 16. bis zum 19. Jahrhundert,Weimar,Institut für Mundartforschung,E 006 Handbibliothek Dialektologie,Mitte das hintere Regal,3. von oben,,118 + Tafeln,
1172,"Kuczynski, Jürgen",1983,Geschichte des Alltags des deutschen Volkes 2. 1650-1810,Berlin,FSU Jena Sektion Sprachwissenschaft Fachbereich Deutsch Mundartforschung,E 006 Handbibliothek Dialektologie,Mitte das hintere Regal,3. von oben,,379,Geschichte des Alltags des deutschen Volkes
1173,"Kuczynski, Jürgen",1983,Geschichte des Alltags des deutschen Volkes 3. 1810-1870,Berlin,FSU Jena Sektion Sprachwissenschaft Fachbereich Deutsch Mundartforschung,E 006 Handbibliothek Dialektologie,Mitte das hintere Regal,3. von oben,,389,Geschichte des Alltags des deutschen Volkes
1174,"Kuczynski, Jürgen",1983,Geschichte des Alltags des deutschen Volkes 4. 1971-1918,Berlin,FSU Jena Sektion Sprachwissenschaft Fachbereich Deutsch Mundartforschung,E 006 Handbibliothek Dialektologie,Mitte das hintere Regal,3. von oben,,471,Geschichte des Alltags des deutschen Volkes
1175,"Kuczynski, Jürgen",1983,Geschichte des Alltags des deutschen Volkes 5. 1918-1945,Berlin,FSU Jena Sektion Sprachwissenschaft Fachbereich Deutsch Mundartforschung,E 006 Handbibliothek Dialektologie,Mitte das hintere Regal,3. von oben,,396,Geschichte des Alltags des deutschen Volkes
1176,"Werner, Gerhard",1994,Saalfeld im Spiegel der bildenden Kunst,Bamberg,x,E 006 Handbibliothek Dialektologie,Mitte das hintere Regal,3. von oben,,76,
1177,"Schulte, Frank",2003,Freienbessingen 2003. Zweiter Historischer Kalender,Freienbessingen,x,E 006 Handbibliothek Dialektologie,Mitte das hintere Regal,3. von oben,,13,
1178,"Walther, Klaus; Große, Gerald",1983,Zwiebelmarkt und Lichterfest,"Halle, Leipzig",x,E 006 Handbibliothek Dialektologie,Mitte das hintere Regal,3. von oben,,169,
1179,"Steffens, Heiko; Ollrogge, Birger; Kabanek, Gabriela",1990,Lebensjahre im Schatten der deutschen Grenze. Selbstzeugnisse vom leben an der innerdeutschen Grenze seit 1945,Hemsbach,Arbeitsstelle Thüringisches Wörterbuch,E 006 Handbibliothek Dialektologie,Mitte das hintere Regal,3. von oben,,194,
1180,"Fiedler, A.; Weinhold, R.",1956,"Das schöne Fachwerkhaus Südthüringens (Alt-Henneberg, Grabfeldgau und Werraland)",Leipzig,Institut für Mundartforschung,E 006 Handbibliothek Dialektologie,Mitte das hintere Regal,3. von oben,,80,Veröffentlichungen des Instituts für Volkskunstforschung beim Zentralhaus für Volkskunst
1181,"Schütt, Hans-Dieter; Kroh, Peter",1993,Der große Kloß im Wannenbad. Das ausgefallene Thüringen: Außenseiter und Spitzenreiter zwischen Rhön und Rennsteig,Erfurt,"Sächsische Akademie der Wissenschaften zu Leipzig, Sprachwissenschaftliche Kommission, Arbeitsstelle Thüringisches Wörterbuch",E 006 Handbibliothek Dialektologie,Mitte das hintere Regal,3. von oben,,107,
1182,"Braungart, Margarete",1998,Mein Haus Thüringen. Eine Einladung,Erfurt,Thüringisches Wörterbuch Arbeitsstelle der FSU Jena und der Sächsischen Akademie der Wissenschaften zu Leipzig,E 006 Handbibliothek Dialektologie,Mitte das hintere Regal,3. von oben,,135,
1183,,1941-1943,Unser Eichsfeld (Verschiedene Hefte),Eichsfeld,FSU Jena Sektion Sprachwissenschaft Fachbereich Deutsch Mundartforschung,E 006 Handbibliothek Dialektologie,Mitte das hintere Regal,3. von oben,,,Unser Eichsfeld
1184,"Bindmann, Magdalena",1993,Thüringer Volkstrachten. Eine Gesamtdarstellung der Volkstrachten in Thüringen in 16 Trachtengebieten von der Goldenen Aue bis zum Schiefergebirge und von der Röhn bis zum Altenburger Land,"Leipzig, Weimar","Sächsische Akademie der Wissenschaften zu Leipzig, Sprachwissenschaftliche Kommission, Arbeitsstelle Thüringisches Wörterbuch",E 006 Handbibliothek Dialektologie,Mitte das hintere Regal,3. von oben,,120,
1185,CVJM Rockstedt e.V.,2008-2012,Der Geschmack von Allmenhausen. Rezepte zum Weihnachtsfest,Rockstedt,x,E 006 Handbibliothek Dialektologie,Mitte das hintere Regal,3. von oben,,88,
1186,CVJM Rockstedt e.V.,2008,Der Geschmack von Allmanhausen. Rezepte aus der Trasition,Rockstedt,x,E 006 Handbibliothek Dialektologie,Mitte das hintere Regal,3. von oben,,112,
1187,"Schlenger, Herbert",1934,Methodische und technische Grundlagen des Atlas der deutschen Volkskunde,Berlin,Institut für Mundartforschung,E 006 Handbibliothek Dialektologie,Mitte das hintere Regal,4. von oben,,180 + Karten,Deutsche Forschung. Aus der Arbeit der Notgemeinschaft der Deutschen Wissenschaft Heft 27
1188,,1930,Atlas der Deutschen Volkskunde ,,Institut für Mundartforschung,E 006 Handbibliothek Dialektologie,Mitte das hintere Regal,4. von oben,,80,Rotgemeinschaft der Deutschen Wissenschaft. Mitteilungen der Volkskundekommission Heft 1
1189,"Dietrich, Albrecht; Usener, hermann",1902,Über Wesen und Ziele der Volkskunde; Über vergleichende Sitten- und Rechtsgeschichte,Leipzig,Institut für Mundartforschung,E 006 Handbibliothek Dialektologie,Mitte das hintere Regal,4. von oben,,67,Hessische Blätter für Volksunde Band 1 Heft 3
1190,,,Vorschläge für 150 Fragen zum Abschluss des Frageplanes des Atlas der Deutschen Volkskunde,Berlin,Institut für Mundartforschung,E 006 Handbibliothek Dialektologie,Mitte das hintere Regal,4. von oben,,179,Deutsche Forschung. Aus der Arbeit der Notgemeinschaft der Deutschen Wissenschaft Heft 19
1191,"Boehm, Fritz",,Volkskunde. Dem Atlas der deutschen Volkskunde zum Geleit,,Institut für Mundartforschung,E 006 Handbibliothek Dialektologie,Mitte das hintere Regal,4. von oben,,48,
1192,"Müller, R-H. Walther",1953,Die Merwigslindenfage in Nordhausen,Nordhausen,Institut für Mundartforschung,E 006 Handbibliothek Dialektologie,Mitte das hintere Regal,4. von oben,,40,Schriftenreihe Heimatgeschichtlicher Forschungen des Stadtarchivs Nordhausen/Harz Nr. 1
1193,"Sommer, Emil",1846,Sagen Märchen und Gebräiche aus Sachsen und Thüringen,Halle ,FSU Jena Sektion Sprachwissenschaft Fachbereich Deutsch Mundartforschung,E 006 Handbibliothek Dialektologie,Mitte das hintere Regal,4. von oben,,182,
1194,"Bechstein, Ludwig",1839,Erzählungen,Leipzig,Institut für Mundartforschung,E 006 Handbibliothek Dialektologie,Mitte das hintere Regal,4. von oben,,332,Aus Heimath und Fremde. Erster Band
1195,"Bechstein, Ludwig",1839,Erzählungen,Leipzig,Institut für Mundartforschung,E 006 Handbibliothek Dialektologie,Mitte das hintere Regal,4. von oben,,328,Aus Heimath und Fremde. Zweiter Band
1196,"Richter-Heimbach, Arthur (hrsg.)",1919,"Thüringens Sagenschak. Dritter Band: Sagen von den drei Gleichen, dem Schneekopf und dem thüringischen Henneberg, Beim Ilmtal und Erfurt",Quedlinburg,Institut für Mundartforschung,E 006 Handbibliothek Dialektologie,Mitte das hintere Regal,4. von oben,,206,
1197,Baron von Schultze-Ballera,1922,Die Sagen der Stadt Halle und des Saalekreises,Halle,Institut für Mundartforschung,E 006 Handbibliothek Dialektologie,Mitte das hintere Regal,4. von oben,,291,
1198,"Bechstein, Ludwig",1862,Der Sagenschatz des Thüringerlandes Dritter Teil,Hildeburghausen,Universitätsbibliothek Jena,E 006 Handbibliothek Dialektologie,Mitte das hintere Regal,4. von oben,,239,Der Sagenschatz des Thüringerlandes
1199,"Curtze, L.",1860,Volksüberlieferungen aus dem fünften Waldeck,Wrolsen,Landesstelle für Thüringische ,E 006 Handbibliothek Dialektologie,Mitte das hintere Regal,4. von oben,,518,
1200,"Nachtigall, Walter; Werner, Dietmar (hrgs)",1987,Der pfiffige Bauer und andere Volkssagen um Stände und Berufe aus dem Thüringischen,Berlin,FSU Jena Sektion Sprachwissenschaft Fachbereich Deutsch Mundartforschung,E 006 Handbibliothek Dialektologie,Mitte das hintere Regal,4. von oben,,311,
1201,"Lessmann, Heinrich",1922,Der deutsche Volksmund im Lichte der Sage,"Berlin, leipzig",Institut für Mundartforschung,E 006 Handbibliothek Dialektologie,Mitte das hintere Regal,4. von oben,,423,
1202,"Schmidt, Franz",1863,"Sitten und Gebräuche bei Hochzeiten, Taufen und Begräbnissen in Thüringen",Weimar,Landesstelle für Thüringische ,E 006 Handbibliothek Dialektologie,Mitte das hintere Regal,4. von oben,,115,
1203,Eberhard Freiheer von Künsberg,1936,Rechtliche Volkskunde ,Halle,Institut für Mundartforschung,E 006 Handbibliothek Dialektologie,Mitte das hintere Regal,4. von oben,,194 + Tafeln,Volk. Grundriss der deutschen Volkskunde in Einzeldarstellungen Band 3
1204,"Hahne, Hans",,Von deutschen Jahreslauf im Brauch,Jena,Institut für Mundartforschung,E 006 Handbibliothek Dialektologie,Mitte das hintere Regal,4. von oben,,79,
1205,"Höppner, A.",,Die Ganerblachschaft Treffurt nach dem Jurisdistional-Buch vom Jahre 1773,Treffurt,Landesstelle für Thüringische ,E 006 Handbibliothek Dialektologie,Mitte das hintere Regal,4. von oben,,24,
1206,"Frischbier, H.",1870,Hexensprich und Zauberbann. Ein Beitrag zur Geschichte des Aberglaubens in der Provinz Preußen,Berlin,Landesstelle für Thüringische ,E 006 Handbibliothek Dialektologie,Mitte das hintere Regal,4. von oben,,167,
1207,"Kuhn, Adalbert",1859,"Sagen, Gebräuche und Märchen aus Westfalen und einigen anderen besonders in den angrenzenden Gegenden Norddeutschlands. Zweiter Band: Gebräuche und Märchen",Leipzig,Landesstelle für Thüringische ,E 006 Handbibliothek Dialektologie,Mitte das hintere Regal,4. von oben,,315,
1208,"Bartsch, Karl",1880,"Sagen, Märchen und Gebräuche aus Meklenburg. Zweiter Band: Gebräuche und Aberglaube",Wien,Landesstelle für Thüringische ,E 006 Handbibliothek Dialektologie,Mitte das hintere Regal,4. von oben,,507,
1209,"Nowottnick, Georg",,"Geburt, Hochzeit, Tod in Sitte, Brauch und Volksdichtung",Berlin,Institut für Mundartforschung,E 006 Handbibliothek Dialektologie,Mitte das hintere Regal,4. von oben,,63,
1210,"Cornely, Cornelius ",1929,Der Verkehrsraum Leipzig-Leutra. Eine Materialsammlung ohne Tendenz,Leipzig,Institut für Mundartforschung,E 006 Handbibliothek Dialektologie,Mitte das hintere Regal,4. von oben,,92,"Leipziger Verkehr und Verkehrspolitik. Schriftenreihe des Rats-Verkehrsamts Leipzig, Neues Rathaus Nr. 15"
1211,"Kirchhoff, Alfred (hrsg.)",1893,Archiv für Landes- und Volkskunde der Provinz Sachsen nebst angrenzenden Landesteilen,Halle,Landesstelle für Thüringische ,E 006 Handbibliothek Dialektologie,Mitte das hintere Regal,4. von oben,,207,
1212,"Wünscher, Siegfried",1931,Geschichte des Kupferschieferbergbaues und seines Hüttenwesen im Fürstentum Eisenach,Eisenach,Landesstelle für Thüringische ,E 006 Handbibliothek Dialektologie,Mitte das hintere Regal,4. von oben,,159,
1213,"Winkler, Gustav",1925,Die Sagen des Mansfelder Landes ,Eisleben,Institut für Mundartforschung,E 006 Handbibliothek Dialektologie,Mitte das hintere Regal,4. von oben,,328,
1214,"Bandelmann, Heinrich",1862,"Volks- und Kinderspiele der Herzogtümer Schleswig, Holstein und Lauenburg",Kiel,Landesstelle für Thüringische ,E 006 Handbibliothek Dialektologie,Mitte das hintere Regal,4. von oben,,108,
1215,"Kriwitzk, Patricia",,"Auf einer Wiese meck, meck, meck. Kinderspiele aus Thüringen",Erfurt,FSU Jena Sektion Sprachwissenschaft Fachbereich Deutsch Mundartforschung,E 006 Handbibliothek Dialektologie,Mitte das hintere Regal,4. von oben,,75,
1216,Bezirkskabinett für Kulturarbeit Suhl,1981,Zum Hirtenwesen im Thüringer Wald. Beiträge,Suhl,FSU Jena Sektion Sprachwissenschaft Fachbereich Deutsch Mundartforschung,E 006 Handbibliothek Dialektologie,Mitte das hintere Regal,4. von oben,,52,
1217,"Kallsen, Herbert",1932,Die Wirtschaftsgeschichte von Zella-Mehlos (bis zur Mitte des 19. Jahrhunderts),Zella-Mehlis,FSU Jena Sektion Sprachwissenschaft Fachbereich Deutsch Mundartforschung,E 006 Handbibliothek Dialektologie,Mitte das hintere Regal,4. von oben,,216,
1218,"Stahl, Ernst",1985,Bergleute in Thüringen. Ethnographische Studien zur Kultur und Lebensweise,Suhl,FSU Jena Sektion Sprachwissenschaft Fachbereich Deutsch Mundartforschung,E 006 Handbibliothek Dialektologie,Mitte das hintere Regal,4. von oben,,86,
1219,"Mohr, Anneliese",1929,Die Industrie in Zella-Mehlis unter besonderer Berücksichtigung der Büromaschinen-Industrie,Jena,Landesstelle für Thüringische ,E 006 Handbibliothek Dialektologie,Mitte das hintere Regal,4. von oben,,49,
1220,"Schollmeyer, Paul",1932,Die landwirtschaftlichen Verhältnisse im Kreise Mühlhausen in Thüringen,Borna-Leipzig,Landesstelle für Thüringische ,E 006 Handbibliothek Dialektologie,Mitte das hintere Regal,4. von oben,,96 + Anhang,
1221,"Pröhle, Heinrich",1855,Harzbilder. Sitten und Gebräuche aus dem Harzgebirge,Leipzig,Landesstelle für Thüringische ,E 006 Handbibliothek Dialektologie,Mitte das hintere Regal,4. von oben,,182,
1222,"Einert, E.",1892,Aus den Papieren eines Rathauses. Beiträge zur deutschen Sittengeschichte,Arnstadt,Landesstelle für Thüringische ,E 006 Handbibliothek Dialektologie,Mitte das hintere Regal,4. von oben,,196,
1223,"Mühlmann, Ottogerd",1937,"Untersuchungen zum ""Geschoßbuch"" der Stadt Jena vom Jahre 1406",Jena,FSU Jena Sektion Sprachwissenschaft Fachbereich Deutsch Mundartforschung,E 006 Handbibliothek Dialektologie,Mitte das hintere Regal,4. von oben,,38,
1224,"Pessler, Wilhelm",1931,Volkstumsgeographisches aus Niedersachsen auf Grund der Erhebungen des Volkskunde-Atlasses I. II.,Bremen,Landesstelle für Thüringische ,E 006 Handbibliothek Dialektologie,Mitte das hintere Regal,4. von oben,,108 + Kartem,Niederdeutsche Zeitschrift für Volkskunde 9. JG Heft 1/2
1225,"Scheidt, Walter",1929,Volkstumskundliche Forschungen in deutschen Landgemeinden,München,Institut für Mundartforschung,E 006 Handbibliothek Dialektologie,Mitte das hintere Regal,4. von oben,,191,"Archiv für Rassen- und Gesellschaftsbiologie Band 21, Heft 2"
1226,Eberhard Freiheer von Künsberg,1920,Rechtsbrauch und Kinderspiel. Untersuchungen zur deutschen Rechtsgeschichte und Volkskunde,Heidelberg,Institut für Mundartforschung,E 006 Handbibliothek Dialektologie,Mitte das hintere Regal,4. von oben,,64,
1227,"Beess, K. D.",1931,Der Bauer und sein Volkstum im Lebenslauf und Jahresring,Osterwieck,Institut für Mundartforschung,E 006 Handbibliothek Dialektologie,Mitte das hintere Regal,4. von oben,,48,
1228,"Straub, Karl",1925,"Die Rhön im Wandel der Monate. Kulturgeschichtliche Erzählungen, Stimmungsbilder, Sagen und Geschichten aus der Rhön",Würzburg,Institut für Mundartforschung,E 006 Handbibliothek Dialektologie,Mitte das hintere Regal,4. von oben,,156,
1229,"Einert, E.",1893,Ein Thüringer Landpfarrer im 30jährigen Kriege,Arnstadt,Institut für Mundartforschung,E 006 Handbibliothek Dialektologie,Mitte das hintere Regal,4. von oben,,95,
1230,"Rotschky, Paul",1933,"Die Waffenindustrie in Suhl, ihre Entwicklung und Lage ",Jena,Landesstelle für Thüringische ,E 006 Handbibliothek Dialektologie,Mitte das hintere Regal,4. von oben,,86,
1231,"Wagner, Johann",1894,Zur Volkskunde aus Draas,Hermannstadt,Institut für Mundartforschung,E 006 Handbibliothek Dialektologie,Mitte das hintere Regal,4. von oben,,,
1232,"Reichhardt, Rudolf",1911,Die deutschen Feste in Sitte und Brauch. Zweite Auflage,Jena,Institut für Mundartforschung,E 006 Handbibliothek Dialektologie,Mitte das hintere Regal,4. von oben,,200,
1233,"Rollberg, Fritz ",1937,Das westthüringische Bauernhaus,Kaltennordheim,Institut für Mundartforschung,E 006 Handbibliothek Dialektologie,Mitte das hintere Regal,4. von oben,,58,
1234,"Preßler, Wilhelm",,Grundbegriffe volkstümlicher Landarten,Hannover,Landesstelle für Thüringische ,E 006 Handbibliothek Dialektologie,Mitte das hintere Regal,4. von oben,,11,
1235,"Zedler, Gottfried",1936,Die Sibyllenweissagung. Eine in Thüringen entstandene Dichtung aus dem Jahre 1361,,x,E 006 Handbibliothek Dialektologie,Mitte das hintere Regal,4. von oben,,42,
1236,"Neupert, Alwin",1908,"Uebersicht über erschienene Schriften und Aufträge zur Geschichte, Landes- und Volkskunde des Vogtlandes",Plauen,Mundartenforschung Jena,E 006 Handbibliothek Dialektologie,Mitte das hintere Regal,4. von oben,,96,
1237,Deutscher Kulturbund der AG Stadtgeschichte,1968,Wasunger Geschichtsblätter. Mitteilungsblatt der AG Stattgeschichte,Wasungen,FSU Jena Sektion Sprachwissenschaft Fachbereich Deutsch Mundartforschung,E 006 Handbibliothek Dialektologie,Mitte das hintere Regal,4. von oben,,61-92,
1238,"Hofmann, Jürgen",2001,"Pfarrers Kinder, Müllers Vieh. Kindheit in einem unterfränkischen Dorf",Berlin,Arbeitsstelle Thüringisches Wörterbuch,E 006 Handbibliothek Dialektologie,Mitte das hintere Regal,4. von oben,,176,
1239,"Frenzel, Walter; Karg, Fritz; Spamer, Adolf",1932,Grundriss der Sächsischen Volkskunde,Leipzig,x,E 006 Handbibliothek Dialektologie,Mitte das hintere Regal,4. von oben,,368,
1240,Vorstand des heimensteiner Krimesvereins ,1996,Die Heimensteiner Krimes,Heimenstein,Arbeitsstelle Thüringisches Wörterbuch,E 006 Handbibliothek Dialektologie,Mitte das hintere Regal,4. von oben,,40,
1241,"Horny, Frank; Reinhardt, Holger",1999,Holzstuben in Thüringen. Volkskundliche Beratungs- und Dokumentationsstelle für Thüringen im Museum für Thüringer Volkskunde Erfurt,Erfurt,Thüringisches Wörterbuch Arbeitsstelle der FSU Jena und der Sächsischen Akademie der Wissenschaften zu Leipzig,E 006 Handbibliothek Dialektologie,Mitte das hintere Regal,4. von oben,,36,Volkskundliche Materialien
1242,"Mohring, Brigitte",1998,Kinderzeit - Spielzeit. Spielanleitungen Textsammlung,Erfurt,Thüringisches Wörterbuch Arbeitsstelle der FSU Jena und der Sächsischen Akademie der Wissenschaften zu Leipzig,E 006 Handbibliothek Dialektologie,Mitte das hintere Regal,4. von oben,,55,Volkskundliche Materialien
1243,Deutscher Kulturbund,1960,Aus der Arbeit der Natur- und Heimatfreunde im deutschen Kulturbund,Berlin,Institut für Mundartforschung,E 006 Handbibliothek Dialektologie,Mitte das hintere Regal,4. von oben,,98-127,
1244,Verlag Manfred Becker (hrsg.),,180 Jahre Landkreis Sangerhausen,Berga,Arbeitsstelle Thüringisches Wörterbuch,E 006 Handbibliothek Dialektologie,Mitte das hintere Regal,4. von oben,,146,
1245,Rat des Kreises Eisenberg. Abt. Kultur ,1961,Zwischen Saale und Elster Mai 1961,Eisenberg,x,E 006 Handbibliothek Dialektologie,Mitte das hintere Regal,4. von oben,,65-81,Kulturspiegel für den Kreis Eisenberg Heft 5 6. JG. Mai 1961
1246,Rat des Kreises Eisenberg. Abt. Kultur ,1961,Zwischen Saale und Elster Juli 1961,Eisenberg,Institut für Mundartforschung,E 006 Handbibliothek Dialektologie,Mitte das hintere Regal,4. von oben,,97-113,Kulturspiegel für den Kreis Eisenberg Heft 5 6. JG. Juli 1961
1247,Rat des Kreises Eisenberg. Abt. Kultur ,1961,Zwischen Saale und Elster August 1961,Eisenberg,Institut für Mundartforschung,E 006 Handbibliothek Dialektologie,Mitte das hintere Regal,4. von oben,,113-129,Kulturspiegel für den Kreis Eisenberg Heft 5 6. JG. August 1981
1248,Rat des Kreises Eisenberg. Abt. Kultur ,1961,Zwischen Saale und Elster September 1961,Eisenberg,Institut für Mundartforschung,E 006 Handbibliothek Dialektologie,Mitte das hintere Regal,4. von oben,,129-145,Kulturspiegel für den Kreis Eisenberg Heft 5 6. JG. Septmeber 1961
1249,Bezirksleitungen Erfurt und Gera et. al. (hrsg.),,Thüringer Heimat,"Erfurt, Gera, Suhl",Institut für Mundartforschung,E 006 Handbibliothek Dialektologie,Mitte das hintere Regal,4. von oben,,65-128,
1250,Abteilung Kultur beim Rat des Kreises Lobstein et. al. (hrsg.),,Oberlandgeschichten,Lobenstein,FSU Jena Sektion Sprachwissenschaft Fachbereich Deutsch Mundartforschung,E 006 Handbibliothek Dialektologie,Mitte das hintere Regal,4. von oben,,32,
1251,,1989,Sommergewinn 1989. Volksfest in der Wartburgstadt Eisenach,Eisenach,"Sächsische Akademie der Wissenschaften zu Leipzig, Sprachwissenschaftliche Kommission, Arbeitsstelle Thüringisches Wörterbuch",E 006 Handbibliothek Dialektologie,Mitte das hintere Regal,4. von oben,,40,Sommergewinn Eisenach
1252,,1993,Sommergewinn 1993.Traditionelles Frühlingsfest in der Wartburgsatdt Eisenach ,Eisenach,Arbeitsstelle Thüringisches Wörterbuch,E 006 Handbibliothek Dialektologie,Mitte das hintere Regal,4. von oben,,46,Sommergewinn Eisenach
1253,"Rat des Kreises, Abt. Kultur",1960,Weißenfelder Heimatbote März 1960,Weißenfels,x,E 006 Handbibliothek Dialektologie,Mitte das hintere Regal,4. von oben,,49-72,Weißenfelser Heimatbote 6. JG März 1960
1254,Kulturbund zur demokratischen Erneuerung Deutschlands; Kreisverband Ilmenau,1956,Ilmenauer Blätter für Kultur und Geschichte des Kreises ,Ilmenau,Institut für Mundartforschung,E 006 Handbibliothek Dialektologie,Mitte das hintere Regal,4. von oben,,28,Ilmenauer Blätter November 1956
1255,Kreisverband des Kulturbundes zur demokratischen Erneuerung Deutschlands,1956,Unsere Heimt aus dem Kulturleben und der Geschichte des Kreises Ilmenau,Ilmenau,Institut für Mundartforschung,E 006 Handbibliothek Dialektologie,Mitte das hintere Regal,4. von oben,,26,Unsere Heimat Juni 1956
1256,"Deutscher Kulturbund, Kreisverband Jena",1959,Kultur und Heimat. Monatsschrift für Stadt und Land April 1959,Jena,Institut für Mundartforschung,E 006 Handbibliothek Dialektologie,Mitte das hintere Regal,4. von oben,,48,Kultur und Heimat. Monatsschrift für Stadt und Land April 1959
1257,"DeutscherKulturbund, Bezirkskommission Natur- und Heimatfreunde Dresden",1961,Sächsische Heimatblätter,Dresden,Institut für Mundartforschung,E 006 Handbibliothek Dialektologie,Mitte das hintere Regal,4. von oben,,129-193,Sächsische Heimatblätter 7. JG 
1258,Kreisheimatmuseum Bad Frankenhausen,1983,Historische Beiträge zur Kyffhäuserlandschaft,Bad Frankenhausen,Arbeitsstelle Thüringisches Wörterbuch,E 006 Handbibliothek Dialektologie,Mitte das hintere Regal,4. von oben,,43,Veröffentlichungen des Kreisheimatmuseums Bad Frankenhausen
1259,FSU Jena,1955,Statut der Friedrich-Schiller-Universität Jena,Jena,Institut für Mundartforschung,E 006 Handbibliothek Dialektologie,Mitte das hintere Regal,4. von oben,,13,
1260,Thüringer Wandervögel,1914,Springinsfeld. Baublatt der Thüringer Wandervögel,Hornung,x,E 006 Handbibliothek Dialektologie,Mitte das hintere Regal,4. von oben,,,Springinsfeld 4. JG. 2. Heft
1261,"Wiegand, Susanne",2006,Thüringisches Wörterbuch III. Band: Kohlsack-kutzeln (mehrfach vorhanden),Jena,x,E 006 Handbibliothek Dialektologie,Mitte das hintere Regal,5. von oben,,,Thüringisches Wörterbuch
1262,,,mehrere CDs zu diversen Themen,,x,E 006 Handbibliothek Dialektologie,Mitte das hintere Regal,5. von oben,,,
1263,"Grober-Glück, Gerda",1974,"Motive und Motivationen in Redensarten und Meinungen. Aberglaube, Volks-Charakterlogie, Umgangsformeln, Berufsspott in Verbreitung und Lebensformen. Textband (2x vorhanden)",Marburg,x,E 006 Handbibliothek Dialektologie,Mitte das hintere Regal,5. von oben,,561,Atlas der Deutschen Volkskunde N. F.
1264,"Grober-Glück, Gerda",1974,"Motive und Motivationen in Redensarten und Meinungen. Aberglaube, Volks-Charakterlogie, Umgangsformeln, Berufsspott in Verbreitung und Lebensformen. Kartenband (2x vorhanden)",Marburg,x,E 006 Handbibliothek Dialektologie,Mitte das hintere Regal,5. von oben,,49,Atlas der Deutschen Volkskunde N. F.
1265,"Schneger, Johannes",1891,Gedichte in Hildburghäuser Mundart ,Hildeburghausen,Institut für Mundartforschung,E 006 Handbibliothek Dialektologie,Mitte das hintere Regal,5. von oben,,72,
1266,"Roth, Gotthold",,Blietenhunig. Siebetnes Bändchen der lustigen Gedichten in vogtländischer Mundart ,Greiz,Institut für Mundartforschung,E 006 Handbibliothek Dialektologie,Mitte das hintere Regal,5. von oben,,80,
1267,"Daube, Ernst",,Daerheeme. Gedichte in alteburger Mundart,Altenburg,Landesstelle für Thüringische ,E 006 Handbibliothek Dialektologie,Mitte das hintere Regal,5. von oben,,115,
1268,"Rabe, August",,Schnärzchen. Heitere Geschichten in Thüringer Mundart,Erfurt,Institut für Mundartforschung,E 006 Handbibliothek Dialektologie,Mitte das hintere Regal,5. von oben,,56,
1269,"Schneider, Lilli",1991,Mei Heimat is de Schnett,,x,E 006 Handbibliothek Dialektologie,Mitte das hintere Regal,5. von oben,,56,
1270,"Klinghammer, Waldemar",1915,Mei Rudelschtadt. Gesammelte Dichtungen in heimlischer Mundart mit einem hochdeutschen Anhang,Rudolstadt,FSU Jena Sektion Sprachwissenschaft Fachbereich Deutsch Mundartforschung,E 006 Handbibliothek Dialektologie,Mitte das hintere Regal,5. von oben,,192,
1271,"Klinghammer, Waldemar",1919,Mei Rudelschtadt. Gesammelte Dichtungen in heimlischer Mundart. II. Band,Rudolstadt,FSU Jena Sektion Sprachwissenschaft Fachbereich Deutsch Mundartforschung,E 006 Handbibliothek Dialektologie,Mitte das hintere Regal,5. von oben,,137,
1272,"Reupert, Franz (hrsg.)",1920,Das lustige Heideitel-Buch. Weihnachten 1920,Plauen,x,E 006 Handbibliothek Dialektologie,Mitte das hintere Regal,5. von oben,,127,
1273,"Reupert, Franz (hrsg.)",1927,Das lustige Reideitel-Buch.  8. Bändchen,Plauen,Arbeitsstelle Thüringisches Wörterbuch,E 006 Handbibliothek Dialektologie,Mitte das hintere Regal,5. von oben,,96,
1274,"Rürsen, Otto",1937,Bunte Heimatflur der Thüringer Mundarten. Proben aus allen Teilen der Thüringer Sprachgebiets,"Langensalze, Berlin, Leipzg",FSU Jena Sektion Sprachwissenschaft Fachbereich Deutsch Mundartforschung,E 006 Handbibliothek Dialektologie,Mitte das hintere Regal,5. von oben,,130,
1275,Kulturbund der DDR; Bezirksleitung Suhl,1978,A Stückla Bruet. Erbe und Gegenwart in der Mundartdischtung zwischen Rennsteig und Rhön,Suhl,FSU Jena Sektion Sprachwissenschaft Fachbereich Deutsch Mundartforschung,E 006 Handbibliothek Dialektologie,Mitte das hintere Regal,5. von oben,,87,
1276,"Sommer, Anton",1893,Bilder und Klänge aus Rudolstadt in Volksmundart,Rudolstadt,x,E 006 Handbibliothek Dialektologie,Mitte das hintere Regal,5. von oben,,436,
1277,"Rieseldt, Hermann",1940,Erfurter Rapunzeln. Lustige Heimatklänge aus Erfurt on Thüringen ,Erfurt,Institut für Mundartforschung,E 006 Handbibliothek Dialektologie,Mitte das hintere Regal,5. von oben,,96,
1278,Bezrikskabinett für Kulturarbeit Erfurt,1983,Thüringer Koch- und Backrezepte,Erfurt,FSU Jena Sektion Sprachwissenschaft Fachbereich Deutsch Mundartforschung,E 006 Handbibliothek Dialektologie,Mitte das hintere Regal,5. von oben,,52,
1279,Verlag für die Frau (hrsg.),,Unser Kochbuch. Über 1000 Rezepte,Leipzig,x,E 006 Handbibliothek Dialektologie,Mitte das hintere Regal,5. von oben,,320,
1280,"Riedel, L.",,A Pfännel Eigeschniettne. Gedichte und Erzählungen in vogtländischer Mundart,Plauen,Arbeitsstelle Thüringisches Wörterbuch,E 006 Handbibliothek Dialektologie,Mitte das hintere Regal,5. von oben,,119,
1281,"Ammer, Karl et. al. (hrsg.)",1958,Zeitschrift für Phonetik und Allgemeine Sprachwissenschaft 11. JG ,Berlin,Institut für Mundartforschung,E 006 Handbibliothek Dialektologie,Mitte das hintere Regal,6. von oben,,384,Zeitschrift für Phonetik und Allgemeine Sprachwissenschaft 11. JG 1958
1282,"Feyer, Ursula & Martens, Peter (hrsg.)",1959/1960,Zeitschrift für Phonetik und Allgemeine Sprachwissenschaft 12. JG. Festgabe für Giulio Panconcelli-Calzia zum 80. Geburtstag  + Zeitschrift für Phonetik und Allgemeine Sprachwissenschaft 13. JG. 1960,Berlin,Institut für Mundartforschung,E 006 Handbibliothek Dialektologie,Mitte das hintere Regal,6. von oben,,350+368,Zeitschrift für Phonetik und Allgemeine Sprachwissenschaft 12. JG 1959 + 13. JG 1960
1283,Karl Ammer et. al. (hrsg.),1961/1962,"Zeitschrift für Phonetik, Sprachwissenschaft und Kommunikationsforschung 14. JG. 1961  + Zeitschrift für Phonetik, Sprachwissenschaft und Kommunikationsforschung 15. JG. 1962",Berlin,FSU Jena Sektion Sprachwissenschaft Fachbereich Deutsch Mundartforschung,E 006 Handbibliothek Dialektologie,Mitte das hintere Regal,6. von oben,,375 + 395,"Zeitschrift für Phonetik, Sprachwissenschaft und Kommunikationsforschung 14. JG. 1961 + 15. JG. 1962"
1284,Karl Ammer et. al. (hrsg.),1963,"Zeitschrift für Phonetik, Sprachwissenschaft und Kommunikationsforschung 16. JG. 1963",Berlin,FSU Jena Sektion Sprachwissenschaft Fachbereich Deutsch Mundartforschung,E 006 Handbibliothek Dialektologie,Mitte das hintere Regal,6. von oben,,392,"Zeitschrift für Phonetik, Sprachwissenschaft und Kommunikationsforschung 16. JG. 1963"
1285,Karl Ammer et. al. (hrsg.),1964,"Zeitschrift für Phonetik, Sprachwissenschaft und Kommunikationsforschung 17. JG. 1964",Berlin,Institut für Mundartforschung,E 006 Handbibliothek Dialektologie,Mitte das hintere Regal,6. von oben,,642,"Zeitschrift für Phonetik, Sprachwissenschaft und Kommunikationsforschung 17. JG. 1964"
1286,Karl Ammer et. al. (hrsg.),1965,"Zeitschrift für Phonetik, Sprachwissenschaft und Kommunikationsforschung 18. JG. 1965",Berlin,x,E 006 Handbibliothek Dialektologie,Mitte das hintere Regal,6. von oben,,612,"Zeitschrift für Phonetik, Sprachwissenschaft und Kommunikationsforschung 18. JG. 1965"
1287,Karl Ammer et. al. (hrsg.),1966,"Zeitschrift für Phonetik, Sprachwissenschaft und Kommunikationsforschung 19. JG. 1966",Berlin,Institut für Mundartforschung,E 006 Handbibliothek Dialektologie,Mitte das hintere Regal,6. von oben,,585,"Zeitschrift für Phonetik, Sprachwissenschaft und Kommunikationsforschung 19. JG. 1966"
1288,Karl Ammer et. al. (hrsg.),1967,"Zeitschrift für Phonetik, Sprachwissenschaft und Kommunikationsforschung 20. JG. 1967",Berlin,Institut für Mundartforschung,E 006 Handbibliothek Dialektologie,Mitte das hintere Regal,6. von oben,,577,"Zeitschrift für Phonetik, Sprachwissenschaft und Kommunikationsforschung 20. JG. 1967"
1289,Karl Ammer et. al. (hrsg.),1968,"Zeitschrift für Phonetik, Sprachwissenschaft und Kommunikationsforschung 21. JG. 1968",Berlin,x,E 006 Handbibliothek Dialektologie,Mitte das hintere Regal,6. von oben,,571,"Zeitschrift für Phonetik, Sprachwissenschaft und Kommunikationsforschung 21. JG. 1968"
1290,Karl Ammer et. al. (hrsg.),1969,"Zeitschrift für Phonetik, Sprachwissenschaft und Kommunikationsforschung 22. JG. 1969",Berlin,FSU Jena Sektion Sprachwissenschaft Fachbereich Deutsch Mundartforschung,E 006 Handbibliothek Dialektologie,Mitte das hintere Regal,6. von oben,,628,"Zeitschrift für Phonetik, Sprachwissenschaft und Kommunikationsforschung 22. JG. 1969"
1291,Rat für Sprachwissenschaft bei der Akademie der Wissenschaften der DDR,1970,"Zeitschrift für Phonetik, Sprachwissenschaft und Kommunikationsforschung 23. JG. 1970",Berlin,FSU Jena Sektion Sprachwissenschaft Fachbereich Deutsch Mundartforschung,E 006 Handbibliothek Dialektologie,Mitte das hintere Regal,6. von oben,,647,"Zeitschrift für Phonetik, Sprachwissenschaft und Kommunikationsforschung 23. JG. 1970"
1292,Rat für Sprachwissenschaft bei der Akademie der Wissenschaften der DDR,1971,"Zeitschrift für Phonetik, Sprachwissenschaft und Kommunikationsforschung 24. JG. 1971",Berlin,x,E 006 Handbibliothek Dialektologie,Mitte das hintere Regal,6. von oben,,549,"Zeitschrift für Phonetik, Sprachwissenschaft und Kommunikationsforschung 24. JG. 1971"
1293,Rat für Sprachwissenschaft bei der Akademie der Wissenschaften der DDR,1972,"Zeitschrift für Phonetik, Sprachwissenschaft und Kommunikationsforschung 25. JG. 1972",Berlin,FSU Jena Sektion Sprachwissenschaft Fachbereich Deutsch Mundartforschung,E 006 Handbibliothek Dialektologie,Mitte das hintere Regal,6. von oben,,555,"Zeitschrift für Phonetik, Sprachwissenschaft und Kommunikationsforschung 25. JG. 1972"
1294,Rat für Sprachwissenschaft bei der Akademie der Wissenschaften der DDR,1973,"Zeitschrift für Phonetik, Sprachwissenschaft und Kommunikationsforschung 26. JG. 1973",Berlin,FSU Jena Sektion Sprachwissenschaft Fachbereich Deutsch Mundartforschung,E 006 Handbibliothek Dialektologie,Mitte das hintere Regal,6. von oben,,742,"Zeitschrift für Phonetik, Sprachwissenschaft und Kommunikationsforschung 26. JG. 1973"
1295,Rat für Sprachwissenschaft bei der Akademie der Wissenschaften der DDR,1974,"Zeitschrift für Phonetik, Sprachwissenschaft und Kommunikationsforschung 27. JG. 1974",Berlin,FSU Jena Sektion Sprachwissenschaft Fachbereich Deutsch Mundartforschung,E 006 Handbibliothek Dialektologie,Mitte das hintere Regal,6. von oben,,569,"Zeitschrift für Phonetik, Sprachwissenschaft und Kommunikationsforschung 27. JG. 1974"
1296,Rat für Sprachwissenschaft bei der Akademie der Wissenschaften der DDR,1975,"Zeitschrift für Phonetik, Sprachwissenschaft und Kommunikationsforschung 28. JG. 1975",Berlin,FSU Jena Sektion Sprachwissenschaft Fachbereich Deutsch Mundartforschung,E 006 Handbibliothek Dialektologie,Mitte das hintere Regal,6. von oben,,652,"Zeitschrift für Phonetik, Sprachwissenschaft und Kommunikationsforschung 28. JG. 1975"
1297,Rat für Sprachwissenschaft bei der Akademie der Wissenschaften der DDR,1976,"Zeitschrift für Phonetik, Sprachwissenschaft und Kommunikationsforschung 29. JG. 1976",Berlin,FSU Jena Sektion Sprachwissenschaft Fachbereich Deutsch Mundartforschung,E 006 Handbibliothek Dialektologie,Mitte das hintere Regal,6. von oben,,658,"Zeitschrift für Phonetik, Sprachwissenschaft und Kommunikationsforschung 29. JG. 1976"
1298,Rat für Sprachwissenschaft bei der Akademie der Wissenschaften der DDR,1977,"Zeitschrift für Phonetik, Sprachwissenschaft und Kommunikationsforschung 30. JG. 1977",Berlin,FSU Jena Sektion Sprachwissenschaft Fachbereich Deutsch Mundartforschung,E 006 Handbibliothek Dialektologie,Mitte das hintere Regal,6. von oben,,686,"Zeitschrift für Phonetik, Sprachwissenschaft und Kommunikationsforschung 30. JG. 1977"
1299,Rat für Sprachwissenschaft bei der Akademie der Wissenschaften der DDR,1978,"Zeitschrift für Phonetik, Sprachwissenschaft und Kommunikationsforschung 31. JG. 1978",Berlin,FSU Jena Sektion Sprachwissenschaft Fachbereich Deutsch Mundartforschung,E 006 Handbibliothek Dialektologie,Mitte das hintere Regal,6. von oben,,672,"Zeitschrift für Phonetik, Sprachwissenschaft und Kommunikationsforschung 31. JG. 1978"
1300,Rat für Sprachwissenschaft bei der Akademie der Wissenschaften der DDR,1979,"Zeitschrift für Phonetik, Sprachwissenschaft und Kommunikationsforschung 32. JG. 1979",Berlin,FSU Jena Sektion Sprachwissenschaft Fachbereich Deutsch Mundartforschung,E 006 Handbibliothek Dialektologie,Mitte das hintere Regal,6. von oben,,655,"Zeitschrift für Phonetik, Sprachwissenschaft und Kommunikationsforschung 32. JG. 1979"
1301,Rat für Sprachwissenschaft bei der Akademie der Wissenschaften der DDR,1980,"Zeitschrift für Phonetik, Sprachwissenschaft und Kommunikationsforschung 33. JG. 1980",Berlin,FSU Jena Sektion Sprachwissenschaft Fachbereich Deutsch Mundartforschung,E 006 Handbibliothek Dialektologie,Mitte das hintere Regal,6. von oben,,784,"Zeitschrift für Phonetik, Sprachwissenschaft und Kommunikationsforschung 33. JG. 1980"
1302,Rat für Sprachwissenschaft bei der Akademie der Wissenschaften der DDR,1981,"Zeitschrift für Phonetik, Sprachwissenschaft und Kommunikationsforschung 34. JG. 1981",Berlin,FSU Jena Sektion Sprachwissenschaft Fachbereich Deutsch Mundartforschung,E 006 Handbibliothek Dialektologie,Mitte das hintere Regal,6. von oben,,780,"Zeitschrift für Phonetik, Sprachwissenschaft und Kommunikationsforschung 34. JG. 1981"
1303,Rat für Sprachwissenschaft bei der Akademie der Wissenschaften der DDR,1982,"Zeitschrift für Phonetik, Sprachwissenschaft und Kommunikationsforschung Bd. 35. JG. 1982",Berlin,J85 FSU Jena Sektion Sprachwissenschaft Wissenschaftsbereich Deutsch Abt. Mundartforschung,E 006 Handbibliothek Dialektologie,Mitte das hintere Regal,6. von oben,,747,"Zeitschrift für Phonetik, Sprachwissenschaft und Kommunikationsforschung Bd. 35. JG. 1982"
1304,Rat für Sprachwissenschaft bei der Akademie der Wissenschaften der DDR,1983,"Zeitschrift für Phonetik, Sprachwissenschaft und Kommunikationsforschung Bd. 36. JG. 1983",Berlin,x,E 006 Handbibliothek Dialektologie,Mitte das hintere Regal,6. von oben,,768,"Zeitschrift für Phonetik, Sprachwissenschaft und Kommunikationsforschung Bd. 36. JG. 1983"
1305,Rat für Sprachwissenschaft bei der Akademie der Wissenschaften der DDR,1984,"Zeitschrift für Phonetik, Sprachwissenschaft und Kommunikationsforschung Bd. 37. JG. 1984",Berlin,x,E 006 Handbibliothek Dialektologie,Mitte das hintere Regal,6. von oben,,752,"Zeitschrift für Phonetik, Sprachwissenschaft und Kommunikationsforschung Bd. 37. JG. 1984"
1306,Rat für Sprachwissenschaft bei der Akademie der Wissenschaften der DDR,1985,"Zeitschrift für Phonetik, Sprachwissenschaft und Kommunikationsforschung Bd. 38. JG. 1985",Berlin,J85 FSU Jena Sektion Sprachwissenschaft Wissenschaftsbereich Deutsch Abt. Mundartforschung,E 006 Handbibliothek Dialektologie,Mitte das hintere Regal,6. von oben,,782,"Zeitschrift für Phonetik, Sprachwissenschaft und Kommunikationsforschung Bd. 38. JG. 1985"
1307,Rat für Sprachwissenschaft bei der Akademie der Wissenschaften der DDR,1986,"Zeitschrift für Phonetik, Sprachwissenschaft und Kommunikationsforschung Bd. 39. JG. 1986",Berlin,x,E 006 Handbibliothek Dialektologie,Mitte das hintere Regal,6. von oben,,742,"Zeitschrift für Phonetik, Sprachwissenschaft und Kommunikationsforschung Bd. 39. JG. 1986"
1308,Rat für Sprachwissenschaft bei der Akademie der Wissenschaften der DDR,1987,"Zeitschrift für Phonetik, Sprachwissenschaft und Kommunikationsforschung Bd. 40. JG. 1987",Berlin,Universitätsbibliothek Jena Zweigstelle Sprachwissenschaft Universitätshochhaus,E 006 Handbibliothek Dialektologie,Mitte das hintere Regal,6. von oben,,860,"Zeitschrift für Phonetik, Sprachwissenschaft und Kommunikationsforschung Bd. 40. JG. 1987"
1309,Rat für Sprachwissenschaft bei der Akademie der Wissenschaften der DDR,1988,"Zeitschrift für Phonetik, Sprachwissenschaft und Kommunikationsforschung Bd. 41. JG. 1988",Berlin,Universitätsbibliothek Jena Zweigstelle Sprachwissenschaft Universitätshochhaus,E 006 Handbibliothek Dialektologie,Mitte das hintere Regal,6. von oben,,836,"Zeitschrift für Phonetik, Sprachwissenschaft und Kommunikationsforschung Bd. 41. JG. 1988"
1310,Rat für Sprachwissenschaft bei der Akademie der Wissenschaften der DDR,1989,"Zeitschrift für Phonetik, Sprachwissenschaft und Kommunikationsforschung Bd. 42. JG. 1989",Berlin,J85 FSU Jena Sektion Sprachwissenschaft Wissenschaftsbereich Deutsch Abt. Mundartforschung,E 006 Handbibliothek Dialektologie,Mitte das hintere Regal,6. von oben,,872,"Zeitschrift für Phonetik, Sprachwissenschaft und Kommunikationsforschung Bd. 42. JG. 1989"
1311,"Töppe, Hermann",x,"Trietsch biep mät an'ren Riemen un Faren, gefung'n un verzahlt, wie'n dr Schnabel gewachsen",Weimar,x,E 006 Handbibliothek Dialektologie,Mitte das hintere Regal,6. von oben,,56,Schnurren und Schtimmen us Nord-Thüringen von Hermann Töppe 1. Bändchen
1312,"Töppe, Hermann",x,"Rostwörschtchen. Geschtoppt, gebrot't un aangegabbelt un zu ""guten App'tite"" hie ufgetabbelt",Weimar,x,E 006 Handbibliothek Dialektologie,Mitte das hintere Regal,6. von oben,,64,Schnurren und Schtimmen us Nord-Thüringen von Hermann Töppe 6. Bändchen
1313,"Töppe, Hermann",x,"Wipper-Treime. Wu' als Soldate marschiert un als Schüler geschlaen'rt, Wolt hie hän - daß me fieht, wie sich manches geaen'rt",Weimar,x,E 006 Handbibliothek Dialektologie,Mitte das hintere Regal,6. von oben,,64,Schnurren und Schtimmen us Nord-Thüringen von Hermann Töppe 4. Bändchen
1314,"Töppe, Hermann",x,"Zwischen Harz und Thüringer Wald. Daen Schtückchen Aeren, baen e alles verdanft, bät zur Erinn'rung bis Heftchen geschanft",Weimar,x,E 006 Handbibliothek Dialektologie,Mitte das hintere Regal,6. von oben,,64,Schnurren und Schtimmen us Nord-Thüringen von Hermann Töppe 5. Bändchen
1315,"Töppe, Hermann",x,Schaerrplötze - daß d' Schtücker an dr Nasen rim schpringen un Jubeltöne därch d' Ohren flingen - iengesammelt un usgegaen,Weimar,x,E 006 Handbibliothek Dialektologie,Mitte das hintere Regal,6. von oben,,63,Schnurren und Schtimmen us Nord-Thüringen von Hermann Töppe 8. Bändchen
1316,"Töppe, Hermann",x,Das grosse Los. Thüringer Dorfstück in 3 Aufzügen,Schlotheim,x,E 006 Handbibliothek Dialektologie,Mitte das hintere Regal,6. von oben,,81,
1317,"Töppe, Hermann",x,"Die Muttern un was'n sist heimegeträbben, äs in dissen Büchelchen näddergeschräbben",Weimar,x,E 006 Handbibliothek Dialektologie,Mitte das hintere Regal,6. von oben,,56,Schnurren und Schtimmen us Nord-Thüringen von Hermann Töppe 2. Bändchen
1318,"Töppe, Hermann",x,"Us dn Haelbetale. ""Uebeläbben"", ""Guutzter"" un alle die Nappern. Bränget us dissen Blöttern zun Singen un Plappern",Weimar,x,E 006 Handbibliothek Dialektologie,Mitte das hintere Regal,6. von oben,,64,Schnurren und Schtimmen us Nord-Thüringen von Hermann Töppe 3. Bändchen
1319,"Kreidner, H. L.",1880,Schnaken un Schnurrn aus 'n Läben derr oheln Mansfäller,Eisleben,Institut für Mundartforschung,E 006 Handbibliothek Dialektologie,Mitte das hintere Regal,6. von oben,,145,
1320,"Roth, Gotthold",1901,"Je lenger, je liewer - Heitere Erzählungen und Gedichte in vogtländischer Mundart",Greiz,Institut für Mundartforschung,E 006 Handbibliothek Dialektologie,Mitte das hintere Regal,6. von oben,,88,
1321,"Rhodius, Carl",1910,Auserwählte Gedichte zum Teil in heimischer Mundart ,Sondershausen,Institut für Mundartforschung,E 006 Handbibliothek Dialektologie,Mitte das hintere Regal,6. von oben,,64,
1322,"Tröge, Walther",1931,D'r Eechhofbauer - Volksstück in Thüringer Mundart,Weimar,Landesstelle für Thüringische Mundartforschung,E 006 Handbibliothek Dialektologie,Mitte das hintere Regal,6. von oben,,27,
1323,Höngern,1920,Ettersschbärge - Zwanzig Gedichte von ä Weimerschen,Camburg a. d. Saale,FSU Jena Sektion Sprachwissenschaft Fachbereich Deutsch Mundartforschung,E 006 Handbibliothek Dialektologie,Mitte das hintere Regal,6. von oben,,30,
1324,"Kolditz, Franz",1919,Freind Waeckworf - Gedichte in Mansfelder Mundart von Franz Kolditz,Eisleben,Institut für Mundartforschung,E 006 Handbibliothek Dialektologie,Mitte das hintere Regal,6. von oben,,48,
1325,"Schmitt, Max",1908,Uis Brottero (Aus Brotterode),Eisenach,x,E 006 Handbibliothek Dialektologie,Mitte das hintere Regal,6. von oben,,62,
1326,Hofbuchdruckerei Eisenach,1908,Isenächer Geschichd'n in Eisenacher Mundart,Eisenach,FSU Jena Sektion Sprachwissenschaft Fachbereich Deutsch Mundartforschung,E 006 Handbibliothek Dialektologie,Mitte das hintere Regal,6. von oben,,47,
1327,"Kürsten, Otto",x,Die Mundart von Bittelstedt,Bittelstedt,Institut für Mundartforschung,E 006 Handbibliothek Dialektologie,Mitte das hintere Regal,6. von oben,,49-64,
1328,"Kürsten, Otto",1901,Phonetik und Vokalismus der Nordostthüringischen Mundart von Buttelstedt bei Weimar,Leipzig,Institut für Mundartforschung,E 006 Handbibliothek Dialektologie,Mitte das hintere Regal,6. von oben,,39,
1329,"Roth, Gotthold",1904,Werzkärnle. (Würzkörnchen). Drittes Bändchen der lustigen Geschichten in vogtländischer (Greizer) Mundart,Greiz,FSU Jena Sektion Sprachwissenschaft Fachbereich Deutsch Mundartforschung,E 006 Handbibliothek Dialektologie,Mitte das hintere Regal,6. von oben,,88,
1330,x,x,De Spöttelkärmese i' zwanziger Jahren,Erfurt,Institut für Mundartforschung,E 006 Handbibliothek Dialektologie,Mitte das hintere Regal,6. von oben,,32,
1331,"Kürsten, Otto",1908,Erfurter Schnozeln Nachtrag,Erfurt,Institut für Mundartforschung,E 006 Handbibliothek Dialektologie,Mitte das hintere Regal,6. von oben,,16,
1332,Giebelhausen,1857,Mansfeldsche Sagen und Erzählungen. In Mansfelder Mundart erzählt,Eisleben,x,E 006 Handbibliothek Dialektologie,Mitte das hintere Regal,6. von oben,,127,
1333,"Brandis, Eduard",1893,"Zur Lautlehre der Erfurter Mundart, II.",Erfurt,Institut für Mundartforschung,E 006 Handbibliothek Dialektologie,Mitte das hintere Regal,6. von oben,,16,Königliches Gymnasium zu Erfurt. Beilage zum Jahresbericht 1892/93
1334,"Mylius, Heinrich",1845,Gedichte in Themarer Mundart,Hildburghausen,Thüringisches Wörterbuch Jena,E 006 Handbibliothek Dialektologie,Mitte das hintere Regal,6. von oben,,80,
1335,"Schneyer, Johannes",1891,Gedichte in Hildburghäuser Mundart ,Hildburghausen,Institut für Mundartforschung,E 006 Handbibliothek Dialektologie,Mitte das hintere Regal,6. von oben,,72,
1336,"Böttinger, Otto",x,Rühler Schnorrpfüffen - Gedichte in Ruhlaer Mundart,Ruhla,Institut für Mundartforschung,E 006 Handbibliothek Dialektologie,Mitte das hintere Regal,6. von oben,,116 (in 2 Teilen),
1337,"Wagner, Karl",1882,Sprichwörter und Redensarten in Rudolstadt und dessen nächster Umgegend,Rudolstadt,FSU Jena Sektion Sprachwissenschaft Fachbereich Deutsch Mundartforschung,E 006 Handbibliothek Dialektologie,Mitte das hintere Regal,6. von oben,,72,
1338,"Roth, Gotthold",x,Werzkärnle (Würzkörnchen) Drittes Bändchen der lustigen Geschichten in vogtländischer Mundart (2. Aufl.),Greiz,Arbeitsstelle Thüringisches Wörterbuch,E 006 Handbibliothek Dialektologie,Mitte das hintere Regal,6. von oben,,80,
1339,"Roth, Gotthold",1901,"Je lenger, je liewer - Drittes Bändchen der lustigen Geschichten in vogtländischer (Greizer) Mundart",Greiz,Arbeitsstelle Thüringisches Wörterbuch,E 006 Handbibliothek Dialektologie,Mitte das hintere Regal,6. von oben,,88,
1340,"Wucke, C. L.",1877,Uiß minner Heimet - Gedichte und Prosastücke in Salzunger Mundart,Bad Salzungen,Landesstelle für Thüringische Mundartforschung,E 006 Handbibliothek Dialektologie,Mitte das hintere Regal,6. von oben,,57,
1341,"Tröge, Walther",1930,Schlänker on Schnärze - Ein Lesebuch in nordostthüringischer Mundart,Weimar,FSU Jena Sektion Sprachwissenschaft Fachbereich Deutsch Mundartforschung,E 006 Handbibliothek Dialektologie,Mitte das hintere Regal,6. von oben,,109,
1342,"Töppe, Hermann",x,Thüringer Klöße - Zwei Fräitu'ln mät Broten - un Goofe raecht väl - Das hölt fär's gesündeste Billejardschpäl,Weimar,Landesstelle für Thüringische Mundartforschung,E 006 Handbibliothek Dialektologie,Mitte das hintere Regal,6. von oben,,64,Schnurren und Schtimmen us Nord-Thüringen von Hermann Töppe 7. Bändchen
1343,"Kürsten, Otto",x,Die Thüringer Mundarten,x,Institut für Mundartforschung,E 006 Handbibliothek Dialektologie,Mitte das hintere Regal,6. von oben,,337-351,
1344,"Kürsten, Otto",1908,Erfurter Schnozeln Drittes Bändchen,Erfurt,Institut für Mundartforschung,E 006 Handbibliothek Dialektologie,Mitte das hintere Regal,6. von oben,,64,
1345,"Kürsten, Otto",1907,Erfurter Schnozeln Zweites Bändchen,Erfurt,Institut für Mundartforschung,E 006 Handbibliothek Dialektologie,Mitte das hintere Regal,6. von oben,,63,
1346,"Kürsten, Otto",1907,Erfurter Schnozeln Erstes Bändchen,Erfurt,Institut für Mundartforschung,E 006 Handbibliothek Dialektologie,Mitte das hintere Regal,6. von oben,,64,
1347,"Kürsten, Otto",x,Neue Thüringer Klänge Zweites Heft,Erfurt,FSU Jena Sektion Sprachwissenschaft Fachbereich Deutsch Mundartforschung,E 006 Handbibliothek Dialektologie,Mitte das hintere Regal,6. von oben,,15,
1348,"Kürsten, Otto",x,Neue Thüringer Klänge Erstes Heft,Erfurt,FSU Jena Sektion Sprachwissenschaft Fachbereich Deutsch Mundartforschung,E 006 Handbibliothek Dialektologie,Mitte das hintere Regal,6. von oben,,16,
1349,"Kürsten, Otto",x,Neue Thüringer Klänge Zweites Heft,Erfurt,FSU Jena Sektion Sprachwissenschaft Fachbereich Deutsch Mundartforschung,E 006 Handbibliothek Dialektologie,Mitte das hintere Regal,6. von oben,,16,
1350,"Kürsten, Otto",1901,Schneßchen on Schnarze Thüringer Klänge Heft Nr. 5,Weimar,Institut für Mundartforschung,E 006 Handbibliothek Dialektologie,Mitte das hintere Regal,6. von oben,,16,
1351,"Kürsten, Otto",1901,Schneßchen on Schnarze Thüringer Klänge Heft Nr. 3,Weimar,Institut für Mundartforschung,E 006 Handbibliothek Dialektologie,Mitte das hintere Regal,6. von oben,,16,
1352,"Kürsten, Otto",1901,Schneßchen on Schnarze Thüringer Klänge Heft Nr. 4,Weimar,Institut für Mundartforschung,E 006 Handbibliothek Dialektologie,Mitte das hintere Regal,6. von oben,,16,
1353,Zentralinstitut für Sprachwissenschaft der Akademie der Wissenschaften der DDR,1990,"Zeitschrift für Phonetik, Sprachwissenschaft und Kommunikationsforschung Band 43 Heft 5",Berlin,J85 FSU Jena Sprachwissenschaft Th. WB,E 006 Handbibliothek Dialektologie,Mitte das hintere Regal,6. von oben,,605-727,
1354,Zentralinstitut für Sprachwissenschaft der Akademie der Wissenschaften der DDR,1990,"Zeitschrift für Phonetik, Sprachwissenschaft und Kommunikationsforschung Band 43 Heft 6",Berlin,J85 FSU Jena Sprachwissenschaft ,E 006 Handbibliothek Dialektologie,Mitte das hintere Regal,6. von oben,,731-852,
1355,Zentralinstitut für Sprachwissenschaft der Akademie der Wissenschaften der DDR,1990,"Zeitschrift für Phonetik, Sprachwissenschaft und Kommunikationsforschung Band 43 Heft 3",Berlin,FSU Jena Sprachwissenschaft   ,E 006 Handbibliothek Dialektologie,Mitte das hintere Regal,6. von oben,,315-444,
1356,"Küpper, Heinz",1955,Wörterbuch der deutschen Umgangssprache,Hamburg,Institut für Mundartforschung,E 006 Handbibliothek Dialektologie,Mitte das rechte Regal,1. von oben,,421,
1357,"Küpper, Heinz",1963,Wörterbuch der deutschen Umgangssprache Band II 10 000 neue ausdrücke von A-Z,Hamburg,Institut für Mundartforschung,E 006 Handbibliothek Dialektologie,Mitte das rechte Regal,1. von oben,,324,
1358,"Küpper, Heinz",1964,Wörterbuch der deutschen Umgangssprache Band III Hochdeutsch-Umgangsdeutsch Gesamtstichwortverzeichnis,Hamburg,Institut für Mundartforschung,E 006 Handbibliothek Dialektologie,Mitte das rechte Regal,1. von oben,,274,
1359,"Küpper, Heinz",1966,Wörterbuch der deutschen Umgangssprache Band IV Berufsschelten und Verwandtes,Hamburg,FSU Jena Sektion Sprachwissenschaft Fachbereich Deutsch Mundartforschung,E 006 Handbibliothek Dialektologie,Mitte das rechte Regal,1. von oben,,291,
1360,"Küpper, Heinz",1967,Wörterbuch der deutschen Umgangssprache Band V 10 000 neue Ausdrücke von A-Z (Sachschelten),Hamburg,FSU Jena Sektion Sprachwissenschaft Fachbereich Deutsch Mundartforschung,E 006 Handbibliothek Dialektologie,Mitte das rechte Regal,1. von oben,,377,
1361,"Küpper, Heinz",1968,Handliches Wörterbuch der deutschen Alltagssprache,Hamburg,Institut für Mundartforschung,E 006 Handbibliothek Dialektologie,Mitte das rechte Regal,1. von oben,,484,
1362,"Petri, Friedrich Erdmann",x,Handbuch der Fremdwörter in der deutschen Schrift- und Umgangssprache (26. Ausgabe),Leipzig,x,E 006 Handbibliothek Dialektologie,Mitte das rechte Regal,1. von oben,,1193,
1363,Sutermeister,1885,Sammlungen deutsch-schweizerischer Mundart-Literatur ,Zürich,J85 FSU Jena Sektion Sprachwissenschaft Wissenschaftsbereich Deutsch Abt. Mundartforschung,E 006 Handbibliothek Dialektologie,Mitte das rechte Regal,1. von oben,,,
1364,Sutermeister,1882,Sammlungen deutsch-schweizerischer Mundart-Literatur ,Zürich,J85 FSU Jena Sektion Sprachwissenschaft Wissenschaftsbereich Deutsch Abt. Mundartforschung,E 006 Handbibliothek Dialektologie,Mitte das rechte Regal,1. von oben,,,
1365,"Flach, Willy",1957,Die Schöffenspruchsammlung der Stadt Pössneck Teil 1 Der Text der Sammlung,Weimar,Universitätsbibliothek Jena,E 006 Handbibliothek Dialektologie,Mitte das rechte Regal,1. von oben,,358,
1366,"Horn, Wilhelm und Lehnert, Martin",1954,Laut und Leben - Englische Lautgeschichte der neueren Zeit (1400-1950) Erster Band,Berlin,Institut für Mundartforschung,E 006 Handbibliothek Dialektologie,Mitte das rechte Regal,1. von oben,,735,
1367,"Horn, Wilhelm und Lehnert, Martin",1954,Laut und Leben - Englische Lautgeschichte der neueren Zeit (1400-1950) Zweiter Band,Berlin,Institut für Mundartforschung,E 006 Handbibliothek Dialektologie,Mitte das rechte Regal,1. von oben,,737-1414,
1368,Heimatverein Allstedt e.V.,1994,Allstedter Lindenblatt 1994,Allstedt,x,E 006 Handbibliothek Dialektologie,Mitte das rechte Regal,2. von oben,,19,
1369,Agrar- und Freilichtmuseum Schloß Blankenhain,1996,Bäuerliches Gerät aus Feld und Garten - Ein Leitfaden durch die Sammlung bäuerlicher Geräte des Agrar- und Freilichtmuseums Schloß Blankenhain/Sa.,Blankenhain,x,E 006 Handbibliothek Dialektologie,Mitte das rechte Regal,2. von oben,,51,Blankenhainer Blätter
1370,"Brandis, Eduard",1892,"Zur Lautlehre der Erfurter Mundart, I.",Erfurt,Institut für Mundartforschung,E 006 Handbibliothek Dialektologie,Mitte das rechte Regal,2. von oben,,16,
1371,"Böhm, Albert",1965,Lauschaer Leut' Gestalten und Namen vom Thüringer Wald,Jena,Institut für Mundartforschung,E 006 Handbibliothek Dialektologie,Mitte das rechte Regal,2. von oben,,183,
1372,"Brandl, Herta",1999,Hasdes schon gehierd? Teucherner Mundart für Jung und Alt,Teuchern,Arbeitsstelle Thüringisches Wörterbuch,E 006 Handbibliothek Dialektologie,Mitte das rechte Regal,2. von oben,,20,
1373,"Berles, August",1920,Allerlei Heiteres aus Thüringen in Bleichner Mundart,Camburg a. d. Saale,Thüringisches Wörterbuch Arbeitsstelle der FSU Jena und der Sächsischen Akademie der Wissenschaften zu Leipzig,E 006 Handbibliothek Dialektologie,Mitte das rechte Regal,2. von oben,,32,
1374,"Bauersachs, Richard",1926,Su Öllehand aus Schtoudt un Land - Mundart-Gedichte,Sonneberg,Institut für Mundartforschung,E 006 Handbibliothek Dialektologie,Mitte das rechte Regal,2. von oben,,28,
1375,"Baum, Margot",2000,"""Das kann doch nech woahr gesie!"" - Spinnstubengeschichten in Behringer Mundart mit einem Vorspann über die Thüringer Spinnstuben",Behringen,Thüringisches Wörterbuch Arbeitsstelle der FSU Jena und der Sächsischen Akademie der Wissenschaften zu Leipzig,E 006 Handbibliothek Dialektologie,Mitte das rechte Regal,2. von oben,,48,
1376,"Bräunlich, Ernst",1992,Paitzdorf wie es einmal war - Aus der Vergangenheit von Paitzdorf und seiner Umgebung (Auszüge),Paitzdorf,x,E 006 Handbibliothek Dialektologie,Mitte das rechte Regal,2. von oben,,,
1377,"Deubler, Heinz",x,Rund um die Heidecksburg - Heiteres aus Stadt und Kreis Rudolstadt in heimischer Mundart,Jena,Arbeitsstelle Thüringisches Wörterbuch,E 006 Handbibliothek Dialektologie,Mitte das rechte Regal,2. von oben,,158,
1378,,1908,Isenächer Geschichd'n in Eisenacher Mundart,Eisenach,,E 006 Handbibliothek Dialektologie,Mitte das rechte Regal,2. von oben,,,
1379,"Elster, Gustav und Dohle, Ferdinand",1922,"Botz'ge Denger onn varflucht'ge Resse - die värn krihege, wahrnd'n krihege onn noch'n krihege passiert sinn odd'r och nech",Weimar,Institut für Mundartforschung,E 006 Handbibliothek Dialektologie,Mitte das rechte Regal,2. von oben,,112,
1380,,1932,"Vom ""Schursch"" - die Gadichtla in Coborgar Sproch, passierta Gaschichtla vor Jahr'n und vor Tog (5. Band)",Coburg,"Sächsische Akademie der Wissenschaften zu Leipzig, Sprachwissenschaftliche Kommission, Arbeitsstelle Thüringisches Wörterbuch",E 006 Handbibliothek Dialektologie,Mitte das rechte Regal,2. von oben,,97,
1381,,1935,"Vom ""Schursch"" - die Gadichtla in Coborgar Sproch, passierta Gaschichtla vor Jahr'n und vor Tog (5. Auflage)",Coburg,Institut für Mundartforschung,E 006 Handbibliothek Dialektologie,Mitte das rechte Regal,2. von oben,,135,
1382,"Eppler, Wolfgang",1999,Derhem Derhem … Gedichte in hennebergisch - fränkischer Mundart,x,Arbeitsstelle Thüringisches Wörterbuch,E 006 Handbibliothek Dialektologie,Mitte das rechte Regal,2. von oben,,89,
1383,"Erdmann, Heinrich",1940,"Schnorrn, Schnelln un aale Kamelln - Drollige Dichtungen in Vogteier Mundart mit Anhang: Fritz und Klaus - Sieben tolle Streiche zweier verwogener Dorfjungen",Oberdorla,Institut für Mundartforschung,E 006 Handbibliothek Dialektologie,Mitte das rechte Regal,2. von oben,,135,
1384,"Eppler, Wolfgang",x,Es wan goar tolle Sträch gemocht (1) Derb-deftiges in hennebergisch-fränkischer Mundart zum Vorlesen,x,Arbeitsstelle Thüringisches Wörterbuch,E 006 Handbibliothek Dialektologie,Mitte das rechte Regal,2. von oben,,40,
1385,"Eppler, Wolfgang",x,Es wan goar tolle Sträch gemocht (2) Derb-deftiges in hennebergisch-fränkischer Mundart zum Vorlesen,x,Arbeitsstelle Thüringisches Wörterbuch,E 006 Handbibliothek Dialektologie,Mitte das rechte Regal,2. von oben,,36,
1386,"Eppler, Wolfgang",x,Es wan goar tolle Sträch gemocht (3) Derb-deftiges in hennebergisch-fränkischer Mundart zum Vorlesen,x,Arbeitsstelle Thüringisches Wörterbuch,E 006 Handbibliothek Dialektologie,Mitte das rechte Regal,2. von oben,,36,
1387,"Fuckel, Arthur",x,Schmakaller Quieler-Born - Gedichte und Geschichten in Schmalkalder Mundart,Schmalkalden,x,E 006 Handbibliothek Dialektologie,Mitte das rechte Regal,2. von oben,,48,
1388,"Feulner, Hans-Jürgen et al",1997,Wie sachd denn Ihr dezu? Ein fränkisches Mundart-Wörterbuch für den Landkreis Kronach,Kronach,Thüringisches Wörterbuch Arbeitsstelle der FSU Jena und der Sächsischen Akademie der Wissenschaften zu Leipzig,E 006 Handbibliothek Dialektologie,Mitte das rechte Regal,2. von oben,,228,Heimatkundliche Sonderveröffentlichung des Landkreises Kronach
1389,"Frommann, G.",1855,Die deutschen Mundarten,Nürnberg,Arbeitsstelle Thüringisches Wörterbuch,E 006 Handbibliothek Dialektologie,Mitte das rechte Regal,2. von oben,,384-401,
1390,"Frommann, G.",1855,Die deutschen Mundarten,Nürnberg,Arbeitsstelle Thüringisches Wörterbuch,E 006 Handbibliothek Dialektologie,Mitte das rechte Regal,2. von oben,,384-401,
1391,Freundeskreis Frankenhisser Mundart in Bad Frankenhausen unter der Leitung von Ingrid Mansel,1993,Frankenhisser Land un Liete,Bad Frankenhausen,Arbeitsstelle Thüringisches Wörterbuch,E 006 Handbibliothek Dialektologie,Mitte das rechte Regal,2. von oben,,50,
1392,Freundeskreis Frankenhisser Mundart in Bad Frankenhausen unter der Leitung von Ingrid Mansel,1992,Frankenhisser Land un Liete - Kleine Auslese aus 150 Jahren Frankenhäuser Mundart- und Heimatdichtung,Bad Frankenhausen,x,E 006 Handbibliothek Dialektologie,Mitte das rechte Regal,2. von oben,,42,
1393,"Goldmann, Karlheinz",1966,Mundartforschung und Mundartdichtung in Franken,Nürnberg,Institut für Mundartforschung,E 006 Handbibliothek Dialektologie,Mitte das rechte Regal,2. von oben,,48,
1394,"Godehardt, Helmut",1980,Eichsfelder Schnurren,Worbis,J85 FSU Jena Sektion Sprachwissenschaft Wissenschaftsbereich Deutsch Abt. Mundartforschung,E 006 Handbibliothek Dialektologie,Mitte das rechte Regal,2. von oben,,96,Eichsfelder Heimathefte
1395,"Gärtner, Rudolf",1925,Oberlausitzer Mundart,"Dresden, Wachwitz",x,E 006 Handbibliothek Dialektologie,Mitte das rechte Regal,2. von oben,,131,
1396,"Gertloff, Robert",1913,"s Durf, wie's leibt un lâbt. Szenen, Bilder und Gedichte aus dem fränkisch-thüringischen Volksleben",Coburg,FSU Jena Sektion Sprachwissenschaft Wissenschaftsbereich Deutsch Abt. Mundartforschung,E 006 Handbibliothek Dialektologie,Mitte das rechte Regal,2. von oben,,64,
1397,"Grams, Edgar",1994,Kunter und Buntes. 1. Buch Besinnliches und Ernstes. Gedichte und Begebenheitem in Mundart und Sprachdeutsch,Judenbach,Arbeitsstelle Thüringisches Wörterbuch,E 006 Handbibliothek Dialektologie,Mitte das rechte Regal,2. von oben,,51,Kunter und Buntes 1. Buch
1398,"Grams, Edgar",1994,Kunter und Buntes. 2. Buch Besinnliches und Ernstes. Gedichte und Begebenheitem in Mundart und Sprachdeutsch,Judenbach,Arbeitsstelle Thüringisches Wörterbuch,E 006 Handbibliothek Dialektologie,Mitte das rechte Regal,2. von oben,,52-98,Kunter und Buntes 2. Buch
1399,"Grams, Edgar",1994,Kunter und Buntes. 3. Buch Besinnliches und Ernstes. Gedichte und Begebenheitem in Mundart und Sprachdeutsch,Judenbach,Arbeitsstelle Thüringisches Wörterbuch,E 006 Handbibliothek Dialektologie,Mitte das rechte Regal,2. von oben,,99-153,Kunter und Buntes 3. Buch
1400,"Grams, Edgar",1994,Kunter und Buntes. 4. Buch Besinnliches und Ernstes. Gedichte und Begebenheitem in Mundart und Sprachdeutsch,Judenbach,Arbeitsstelle Thüringisches Wörterbuch,E 006 Handbibliothek Dialektologie,Mitte das rechte Regal,2. von oben,,154-212,Kunter und Buntes 4. Buch
1401,"Grams, Edgar",1994,Kunter und Buntes. 5. Buch Besinnliches und Ernstes. Gedichte und Begebenheitem in Mundart und Sprachdeutsch,Judenbach,Arbeitsstelle Thüringisches Wörterbuch,E 006 Handbibliothek Dialektologie,Mitte das rechte Regal,2. von oben,,213-266,Kunter und Buntes 5. Buch
1402,"Grams, Edgar",1994,Kunter und Buntes. 6. Buch Besinnliches und Ernstes. Gedichte und Begebenheitem in Mundart und Sprachdeutsch,Judenbach,Arbeitsstelle Thüringisches Wörterbuch,E 006 Handbibliothek Dialektologie,Mitte das rechte Regal,2. von oben,,267-339,Kunter und Buntes 6. Buch
1403,"Grams, Edgar",1994,Kunter und Buntes. 7. Buch Besinnliches und Ernstes. Gedichte und Begebenheitem in Mundart und Sprachdeutsch,Judenbach,Arbeitsstelle Thüringisches Wörterbuch,E 006 Handbibliothek Dialektologie,Mitte das rechte Regal,2. von oben,,340-429,Kunter und Buntes 7. Buch
1404,"Grams, Edgar",1994,Kunter und Buntes. 8. Buch Besinnliches und Ernstes. Gedichte und Begebenheitem in Mundart und Sprachdeutsch,Judenbach,Arbeitsstelle Thüringisches Wörterbuch,E 006 Handbibliothek Dialektologie,Mitte das rechte Regal,2. von oben,,342-419,Kunter und Buntes 8. Buch
1405,"Grams, Edgar",1994,Kunter und Buntes. 9. Buch Besinnliches und Ernstes. Gedichte und Begebenheitem in Mundart und Sprachdeutsch,Judenbach,Arbeitsstelle Thüringisches Wörterbuch,E 006 Handbibliothek Dialektologie,Mitte das rechte Regal,2. von oben,,508-568,Kunter und Buntes 9. Buch
1406,"Grams, Edgar",1995,Kunter und Buntes. 10. Buch Besinnliches und Ernstes. Gedichte und Begebenheitem in Mundart und Sprachdeutsch,Judenbach,Arbeitsstelle Thüringisches Wörterbuch,E 006 Handbibliothek Dialektologie,Mitte das rechte Regal,2. von oben,,569-634,Kunter und Buntes 10. Buch
1407,"Grams, Edgar",1995,Kunter und Buntes. 11. Buch Besinnliches und Ernstes. Gedichte und Begebenheitem in Mundart und Sprachdeutsch,Judenbach,Arbeitsstelle Thüringisches Wörterbuch,E 006 Handbibliothek Dialektologie,Mitte das rechte Regal,2. von oben,,635-699,Kunter und Buntes 11. Buch
1408,"Grams, Edgar",1995,Kunter und Buntes. 12. Buch Besinnliches und Ernstes. Gedichte und Begebenheitem in Mundart und Sprachdeutsch,Judenbach,Arbeitsstelle Thüringisches Wörterbuch,E 006 Handbibliothek Dialektologie,Mitte das rechte Regal,2. von oben,,700-771,Kunter und Buntes 12. Buch
1409,"Grams, Edgar",1995,Kunter und Buntes. 13. Buch Besinnliches und Ernstes. Gedichte und Begebenheitem in Mundart und Sprachdeutsch,Judenbach,Arbeitsstelle Thüringisches Wörterbuch,E 006 Handbibliothek Dialektologie,Mitte das rechte Regal,2. von oben,,772-828,Kunter und Buntes 13. Buch
1410,"Grams, Edgar",1995,Kunter und Buntes. 14. Buch Besinnliches und Ernstes. Gedichte und Begebenheitem in Mundart und Sprachdeutsch,Judenbach,x,E 006 Handbibliothek Dialektologie,Mitte das rechte Regal,2. von oben,,829-896,Kunter und Buntes 14. Buch
1411,"Greifeld, Hermann",1984,Allerlei in Harzer Mundart. Wit dä Bodefrue oppm patt,Ilsenburg,Arbeitsstelle Thüringisches Wörterbuch,E 006 Handbibliothek Dialektologie,Mitte das rechte Regal,2. von oben,,68,
1412,"Greiner, Hugo",,"Geschichten und Gedichte in der Undart der Anton Sommer'schen ""Bilder und Klänge aus Rudolstadt"" 2",Weimar,Institut für Mundartforschung,E 006 Handbibliothek Dialektologie,Mitte das rechte Regal,2. von oben,,64,Aus der Thüringer Heimat 2
1413,"Greiner, Hugo",,"Geschichten und Gedichte in der Undart der Anton Sommer'schen ""Bilder und Klänge aus Rudolstadt"" 4",Weimar,Institut für Mundartforschung,E 006 Handbibliothek Dialektologie,Mitte das rechte Regal,2. von oben,,64,Aus der Thüringer Heimat 4
1414,"Großmann, Karl-Heinz (Hrsg.)",2000,Hüeflspaa un Spreißl. Geschichtn un Gedichte aus Südthüringen ,Sonneberg,Thüringisches Wörterbuch Arbeitsstelle der FSU Jena und der Sächsischen Akademie der Wissenschaften zu Leipzig,E 006 Handbibliothek Dialektologie,Mitte das rechte Regal,2. von oben,,95,
1415,"Großmann, Karl-Heinz (Hrsg.)",1980,Mei Dörfla glänzt utn in Sinnalecht. Gedichte un Geschichtn aus de Sumbarger Eck,Suhl,FSU Jena Sektion Sprachwissenschaft Wissenschaftsbereich Deutsch Abt. Mundartforschung,E 006 Handbibliothek Dialektologie,Mitte das rechte Regal,2. von oben,,87,
1416,"Großmann, Karl-Heinz (Hrsg.)",1988,Uem unnera Barg scheint die Sunn zeärscht. Ein Mundart-Lesebuch aus dem Thüringer Wald,Leipzig,FSU Jena Sektion Sprachwissenschaft Wissenschaftsbereich Deutsch Abt. Mundartforschung,E 006 Handbibliothek Dialektologie,Mitte das rechte Regal,2. von oben,,104,
1417,"Billich, Anna",1926,Heimatgrüße. Gesammelte Gedichte und Festspiele,Bleicherode,Landesstelle für Thüringische Mundartforschung,E 006 Handbibliothek Dialektologie,Mitte das rechte Regal,2. von oben,,341,
1418,"Hinze, Christa; Diederichs, Ulf (Hrsg.)",1985,"Fränkische Sagen. Das ganze Frankenland vom Spessart bis zum Almühltal, von Bamberg und Würzburg bis zur Reichsstadt Nürnberg","Frankfurt, Berlin, Wien ",x,E 006 Handbibliothek Dialektologie,Mitte das rechte Regal,2. von oben,,268,Sagen deutscher Landschaften
1419,"Handmann, Bernhard",1943,Schleehn un Buchhackerle. Gedichte und kleine Erzählungen aus dem alten Schleiz,Schleiz,Arbeitsstelle Thüringisches Wörterbuch,E 006 Handbibliothek Dialektologie,Mitte das rechte Regal,2. von oben,,103,
1420,Rat der Stadt Harzgerode (Hrsg.),1959,90 Jahre Freiwillige Feuerwehr Harzgerode 1869-1959,Harzgerode,Institut für Mundartforschung,E 006 Handbibliothek Dialektologie,Mitte das rechte Regal,2. von oben,,19,
1421,"Heinecke, Ernst ",1961,Derheeme in Thüringen. Heiteres und Ernstes aus dem Leben des Thüringers,Eisenberg,Institut für Mundartforschung,E 006 Handbibliothek Dialektologie,Mitte das rechte Regal,2. von oben,,82,
1422,,1967,Heimatbote. Kulturspiegel für den kreis Greiz Mai 1967,Greiz,x,E 006 Handbibliothek Dialektologie,Mitte das rechte Regal,2. von oben,,99-118,Heimatbote Mai 1967 Heft 5
1423,,1952,Mühlhäuser Heimat-Lieder. Brunnenfest und Kirmeslieder,Mühlhausen,Institut für Mundartforschung,E 006 Handbibliothek Dialektologie,Mitte das rechte Regal,2. von oben,,32,
1424,"Heinz, Hugo",1986,Mein Leben - Meine Heimat,Ludwigsstadt,"Sächsische Akademie der Wissenschaften zu Leipzig, Sprachwissenschaftliche Kommission, Arbeitsstelle Thüringisches Wörterbuch",E 006 Handbibliothek Dialektologie,Mitte das rechte Regal,2. von oben,,242,
1425,Helmar,1988,Wos mar in Coburg kah arleb. Gereimte Geschichten in Coburger Mundart,Sigmaringendorf,Arbeitsstelle Thüringisches Wörterbuch,E 006 Handbibliothek Dialektologie,Mitte das rechte Regal,2. von oben,,80,
1426,"Herbart, August",1917,Rhönklänge (2x vorhanden),Eisenach,"Sächsische Akademie der Wissenschaften zu Leipzig, Sprachwissenschaftliche Kommission, Arbeitsstelle Thüringisches Wörterbuch",E 006 Handbibliothek Dialektologie,Mitte das rechte Regal,2. von oben,,160,
1427,"Herbart, August",1937,Rhönklänge. Gedichte und Erzählungen in Rhönmundart,Kaltennordheim,Institut für Mundartforschung,E 006 Handbibliothek Dialektologie,Mitte das rechte Regal,2. von oben,,179,
1428,"Herrmann, Karl",,Utz Borstel und andere Thüriunger Dorfgeschichten,Weimar,Institut für Mundartforschung,E 006 Handbibliothek Dialektologie,Mitte das rechte Regal,2. von oben,,64,
1429,"Hoerburger, Felix",1975,schnubiglbairisches poeticum ,Feldafing,x,E 006 Handbibliothek Dialektologie,Mitte das rechte Regal,2. von oben,,55,
1430,"Heß, Julius",,"Dilben-Geschichten- Ein Stück ""Alt Sonneberg""",Sonneberg,FSU Jena Sektion Sprachwissenschaft Wissenschaftsbereich Deutsch Abt. Mundartforschung,E 006 Handbibliothek Dialektologie,Mitte das rechte Regal,2. von oben,,71,
1431,"Hübl, Karl",1935,Das Schönhengschter Bauernjahr. Mundartgedichte ,Reichenberg,FSU Jena Sektion Sprachwissenschaft Wissenschaftsbereich Deutsch Abt. Mundartforschung,E 006 Handbibliothek Dialektologie,Mitte das rechte Regal,2. von oben,,46,
1432,"Hertzsch, Wido (hrsg.)",2003,Malcher uff dar Kanzel. Altenborgsches zen Gohr dir Biwel,Altenburg,Arbeitsstelle Thüringisches Wörterbuch,E 006 Handbibliothek Dialektologie,Mitte das rechte Regal,2. von oben,,18,
1433,"Hoffmeister, Wilhelm",1964,Der Brand der Stadtkirche Sonneberg 1596,Sonneberg,x,E 006 Handbibliothek Dialektologie,Mitte das rechte Regal,2. von oben,,23,Schriftenreihe des deutschen Spielzeugmuseums Sonneberg
1434,"Hertel, Ludwig",1893,Salzunger Wörterbuch,Jena,"Sächsische Akademie der Wissenschaften zu Leipzig, Sprachwissenschaftliche Kommission, Arbeitsstelle Thüringisches Wörterbuch",E 006 Handbibliothek Dialektologie,Mitte das rechte Regal,2. von oben,,53,
1435,"Jecht, Richard",1888,Wörterbuch der Mansfelder Mundart,Görlitz,x,E 006 Handbibliothek Dialektologie,Mitte das rechte Regal,2. von oben,,129,
1436,"Kreisredaktion der ""Volksstimme"" Wernigerode und Zentrum Harzer Folklore",1985,Dorch de Jahrestietn,Wernigerode,Arbeitsstelle Thüringisches Wörterbuch,E 006 Handbibliothek Dialektologie,Mitte das rechte Regal,2. von oben,,45,
1437,"Kade, Carl",1956,Mei Römeld. Allerlei im Römhilder Mundart (2x vorhanden),Römhild,Institut für Mundartforschung,E 006 Handbibliothek Dialektologie,Mitte das rechte Regal,2. von oben,,48,
1438,"Kober, Julius",1955,Doehaile. A hamfel Värschle on Geschichtle in Sühler Mundoert,Camburg a. d. Saale,Institut für Mundartforschung,E 006 Handbibliothek Dialektologie,Mitte das rechte Regal,2. von oben,,,
1439,"Kober, Fr. Wilh.",1918,Sühler Hölperle. Allerlei aus der Kriegszeit in Suhler Mundart,Suhl,Institut für Mundartforschung,E 006 Handbibliothek Dialektologie,Mitte das rechte Regal,2. von oben,,45,"Sühler Jammete ""Vierter Gng"""
1440,"Kober, Fr. Wilh.",1913,Sühler Jammete. Dretter Gang,Suhl,Institut für Mundartforschung,E 006 Handbibliothek Dialektologie,Mitte das rechte Regal,2. von oben,,76,"Sühler Jammete ""Dretter Gang"""
1441,"Kober, Fr. Wilh.",1911,Sühler Zammete. Zahnerlai in Sühler Mundart,Suhl,Institut für Mundartforschung,E 006 Handbibliothek Dialektologie,Mitte das rechte Regal,2. von oben,,32,"Sühler Zammete ""Äschter Gang"""
1442,"Kober, Fr. Wilh.",1911,Sühler Zammete. Sasserlai in Sühler Mundart. Zwäter Gang.,Suhl,Institut für Mundartforschung,E 006 Handbibliothek Dialektologie,Mitte das rechte Regal,2. von oben,,56,"Sühler Zammete ""Zwäter Gang"""
1443,"Klinghammer, Waldemar",1925,Mei Rudelschtadt. Gesammelte Dichtungen in heimischer Mundart mit einem hochdeutschen Anhang,Rudolstadt,Institut für Mundartforschung,E 006 Handbibliothek Dialektologie,Mitte das rechte Regal,2. von oben,,152,Mei Rodelschtadt III. Band
1444,"Kirchner, Gustav",1913,Beiträge zur Abgrenzung des Zentralthüringischen (Teildruck),"Borna, Leipzig",Institut für Mundartforschung,E 006 Handbibliothek Dialektologie,Mitte das rechte Regal,2. von oben,,34,
1445,"Kern, Franz",1939,Aus dem Herzen Deutschlands. Ernste und heitere Geschichten aus Mitteldeutschland,Halle,Institut für Mundartforschung,E 006 Handbibliothek Dialektologie,Mitte das rechte Regal,2. von oben,,133,Hallische Nachrichten Bücherei Band 25
1446,Kiefer,1940,Aus dem Volksmund der Heimat. …buch der Dübener Heide und der angrenzenden Gebiete,Düben,Institut für Mundartforschung,E 006 Handbibliothek Dialektologie,Mitte das rechte Regal,2. von oben,,40,Mitteilungen des Vereins für Heimatkunde der Kreise Bitterfeld und Delitzsch 16. JG Nr. 1/2
1447,"Kolditz, Franz",1957,Meiner Muse Feierklang. Das Balladen-etc-Buch,x,Institut für Mundartforschung,E 006 Handbibliothek Dialektologie,Mitte das rechte Regal,2. von oben,,113,
1448,"Kolditz, Franz",1957,Heidi Heida! Das lustige Buch ,x,Institut für Mundartforschung,E 006 Handbibliothek Dialektologie,Mitte das rechte Regal,2. von oben,,125,
1449,Kreidner,1886,Schebbern un Wacken. Mansfäller Gedichte,Hettstedt,Institut für Mundartforschung,E 006 Handbibliothek Dialektologie,Mitte das rechte Regal,2. von oben,,124,
1450,"Schwarz, Hans",,Nun allen Emos. Heimatgeschichten und Gedichte in vogtländischer Mundart von …,Greiz,Arbeitsstelle Thüringisches Wörterbuch,E 006 Handbibliothek Dialektologie,Mitte das rechte Regal,2. von oben,,47,
1451,"Kühn, Dietrich",1985,Kermespotz. Heiteres und ernstes aus dem Alltag,Leipzig,FSU Jena Sektion Sprachwissenschaft Wissenschaftsbereich Deutsch Abt. Mundartforschung,E 006 Handbibliothek Dialektologie,Mitte das rechte Regal,2. von oben,,95,
1452,"Regel, F. (hrsg.)",1888,Mitteilungen der Geographischen Gesellschaft (für Thüringen) zu Jena Sechster Band,Jena,Thüringisches Wörterbuch Arbeitsstelle der FSU Jena und der Sächsischen Akademie der Wissenschaften zu Leipzig,E 006 Handbibliothek Dialektologie,Mitte das rechte Regal,2. von oben,,202,Mitteilungen der Geographischen Gesellschaft (für Thüringen) zu Jena. Sechster Band.
1453,Bezirkskabinett für Kukturarbeit Erfurt,1985,"Auf der Wiese meck, meck, meck. Kinderspiele aus Thüringen",Erfurt,"Sächsische Akademie der Wissenschaften zu Leipzig, Sprachwissenschaftliche Kommission, Arbeitsstelle Thüringisches Wörterbuch",E 006 Handbibliothek Dialektologie,Mitte das rechte Regal,2. von oben,,75,
1454,"Ludwig, August",1939,Musträppelchen und andere Thüringer Speise,Jena,FSU Jena Sektion Sprachwissenschaft Wissenschaftsbereich Deutsch Abt. Mundartforschung,E 006 Handbibliothek Dialektologie,Mitte das rechte Regal,3. von oben,,126,
1455,"Sommer, Anton",1890,Bilder und Klänge aus Rudolstadt in Volksmundart. Band I,Rudolstadt,Institut für Mundartforschung,E 006 Handbibliothek Dialektologie,Mitte das rechte Regal,3. von oben,,436,
1456,"Sommer, Anton",1890,Bilder und Klänge aus Rudolstadt in Volksmundart. Band II,Rudolstadt,Institut für Mundartforschung,E 006 Handbibliothek Dialektologie,Mitte das rechte Regal,3. von oben,,395 + Lieder,
1457,"Sperschneider, Heinz (hrsg)",1990,Uber sechs Hüggelich muß ich nü,Rudolstadt,FSU Jena Sektion Sprachwissenschaft Wissenschaftsbereich Deutsch Abt. Mundartforschung,E 006 Handbibliothek Dialektologie,Mitte das rechte Regal,3. von oben,,559,
1458,"Ludwig, August",1930,Zöppelkuchen und andere Thüringer Speisen,Jena,Institut für Mundartforschung,E 006 Handbibliothek Dialektologie,Mitte das rechte Regal,3. von oben,,157,
1459,"Köhler, Otto",1931,Die Flexion in der Mundart von Aschenroth,Miltenberg,FSU Jena Sektion Sprachwissenschaft Wissenschaftsbereich Deutsch Abt. Mundartforschung,E 006 Handbibliothek Dialektologie,Mitte das rechte Regal,3. von oben,,58,
1460,Moegelin / Wilke,1931,"Wörterbuch für Rechtschreibung, Wortbedeutung, Sprachgebrauch, Verdeutschung",Halle ,Institut für Mundartforschung,E 006 Handbibliothek Dialektologie,Mitte das rechte Regal,3. von oben,,131,
1461,"Leineweber, Karl",1992,Daheime uff'm Eichsfaelle. Eine erweiterete Ausgabe vorzüglicher Eichsfelder Schnurren,Heiligenstadt,"Sächsische Akademie der Wissenschaften zu Leipzig, Sprachwissenschaftliche Kommission, Arbeitsstelle Thüringisches Wörterbuch",E 006 Handbibliothek Dialektologie,Mitte das rechte Regal,3. von oben,,70,
1462,Freundeskreis Frankenhisser Mundart in Bad Frankenhausen unter der Leitung von Ingrid Mansel,1992,Frankenhisser Land un Liete. Kleine Auslese aus 150 Jahren Frankhäuser Mundart- und Heimatdichtung,Bad Frankenhausen,"Sächsische Akademie der Wissenschaften zu Leipzig, Sprachwissenschaftliche Kommission, Arbeitsstelle Thüringisches Wörterbuch",E 006 Handbibliothek Dialektologie,Mitte das rechte Regal,3. von oben,,42,
1463,"Meyer, Hermann",1926,Heitere Gebenheiten,Saalfeld,"Sächsische Akademie der Wissenschaften zu Leipzig, Sprachwissenschaftliche Kommission, Arbeitsstelle Thüringisches Wörterbuch",E 006 Handbibliothek Dialektologie,Mitte das rechte Regal,3. von oben,,62,
1464,Kulturbund der DDR; Gesellschaft für Heimatgeschichte,1982,Heinrich Mylius. Bürgerlicher Demokrat Mechanikus und Mundatdichter,Hildburghausen,FSU Jena Sektion Sprachwissenschaft Wissenschaftsbereich Deutsch Abt. Mundartforschung,E 006 Handbibliothek Dialektologie,Mitte das rechte Regal,3. von oben,,59,Beiträge zur Heimatgeschichte des Bezirkes Suhl
1465,"Mulius, Heinrich",1845,Gedichte in Themarer Mundart,Hildburghausen,Thüringisches Wörterbuch Arbeitsstelle der FSU Jena und der Sächsischen Akademie der Wissenschaften zu Leipzig,E 006 Handbibliothek Dialektologie,Mitte das rechte Regal,3. von oben,,79,
1466,"Moths, Anna",1965,Noch e Heimatstreißel,greiz,Institut für Mundartforschung,E 006 Handbibliothek Dialektologie,Mitte das rechte Regal,3. von oben,,80,
1467,"Moths, Anna",1921,Eheimatstreißel,Chemnitz,Arbeitsstelle Thüringisches Wörterbuch,E 006 Handbibliothek Dialektologie,Mitte das rechte Regal,3. von oben,,64,
1468,"Kotz, Paulus",,Gedichte in Henneberger Mundart,Saalfeld,FSU Jena Sektion Sprachwissenschaft Wissenschaftsbereich Deutsch Abt. Mundartforschung,E 006 Handbibliothek Dialektologie,Mitte das rechte Regal,3. von oben,,103,
1469,"Munkelt, Heinrich",1956,"Aum'sche Pilze. Geschichten, Sagen und Abergläubnisches aus Auma und Umgebung (2x vorhanden)",Auma,Institut für Mundartforschung,E 006 Handbibliothek Dialektologie,Mitte das rechte Regal,3. von oben,,65,
1470,"Neubert, Erich",1937,Ein Spaziergang durch die Magdeburger Mundart,Madgeburg,FSU Jena Sektion Sprachwissenschaft Wissenschaftsbereich Deutsch Abt. Mundartforschung,E 006 Handbibliothek Dialektologie,Mitte das rechte Regal,3. von oben,,72,Magdeburger Kultur- und Wirtschaftsleben Nr. 11
1471,"Bambach, Kurt",1995,Blumme - redde nix un saache viel. Blumiges in hessischer Mundart,Nidderau,"Sächsische Akademie der Wissenschaften zu Leipzig, Sprachwissenschaftliche Kommission, Arbeitsstelle Thüringisches Wörterbuch",E 006 Handbibliothek Dialektologie,Mitte das rechte Regal,3. von oben,,62,
1472,Niederlausitzer Arbeitskreis für regionale Forschung Cottbus,1968,Niederlausitzer Studien 1967,Cottbus,Institut für Mundartforschung,E 006 Handbibliothek Dialektologie,Mitte das rechte Regal,3. von oben,,104,
1473,"Ohring, Alfred",1922,Die Ruppberger Heimatfiebel ,Jella-Mehlis,Thüringische Mundartenforschung,E 006 Handbibliothek Dialektologie,Mitte das rechte Regal,3. von oben,,68,
1474,"Ohring, Alfred",,Du Heimat unterm Ruppberg. Südthüringer Waldhausklänge,Berlin,Landesstelle für Thüringische Mundartforschung,E 006 Handbibliothek Dialektologie,Mitte das rechte Regal,3. von oben,,31,
1475,"Patzschfe, Hermann",,Holzlandvolk. Mundartiges aus dem Altenburger Holzland (2x vohanden),Leipzig,Thüringisches Wörterbuch,E 006 Handbibliothek Dialektologie,Mitte das rechte Regal,3. von oben,,70,
1476,"Neupert, Franz",1925,Das lustige Neideitel-Buch,Plauen,Arbeitsstelle Thüringisches Wörterbuch,E 006 Handbibliothek Dialektologie,Mitte das rechte Regal,3. von oben,,96,Vogtländisches Jahrbuch 4. JG
1477,"Roth, Gotthold",2000,De Heilche Lene un annere Geschichtn. Vun Buschs ihrn Wilhelm frei ersunne - vum Reinholds Frank nei zammgespunne,"Waltersdorf, Neumühle",Arbeitsstelle Thüringisches Wörterbuch,E 006 Handbibliothek Dialektologie,Mitte das rechte Regal,3. von oben,,95,
1478,"Fröhlich, F.",,"Für Polterabend und Hochzeitsfeiern. Gedichte, Vorträge und Aufführungen für ein und mehr Personen",Reutlingen,x,E 006 Handbibliothek Dialektologie,Mitte das rechte Regal,3. von oben,,94,
1479,"Peter, Rudolf",1940,Gräzer Lausgunge-Gedichte,Greiz,FSU Jena Sektion Sprachwissenschaft Wissenschaftsbereich Deutsch Abt. Mundartforschung,E 006 Handbibliothek Dialektologie,Mitte das rechte Regal,3. von oben,,72,
1480,"Preßler, Ermund",1939,Gedichte in Thüringer Mundart,Weimar,FSU Jena Sektion Sprachwissenschaft Wissenschaftsbereich Deutsch Abt. Mundartforschung,E 006 Handbibliothek Dialektologie,Mitte das rechte Regal,3. von oben,,29,
1481,,1918,Gößnitzer Bilderbuch ohne Bilder. Humoristische Blätter aus den Erinnerungen eines alten Gößnitzer. Erster Teil,Camburg a. d. Saale,x,E 006 Handbibliothek Dialektologie,Mitte das rechte Regal,3. von oben,,217,
1482,,1918,Gößnitzer Bilderbuch ohne Bilder. Humoristische Blätter aus den Erinnerungen eines alten Gößnitzer. Zweiter Teil,Camburg a. d. Saale,Arbeitsstelle Thüringisches Wörterbuch,E 006 Handbibliothek Dialektologie,Mitte das rechte Regal,3. von oben,,184,
1483,"Prowatke, Christa",1980,Uo Platt is ook hüt noch wat. Niederdeutsche Prosa und Lyrik der Gegenwart,Rostock,x,E 006 Handbibliothek Dialektologie,Mitte das rechte Regal,3. von oben,,182,
1484,"Reppold, Alfred",1928,Die heilig' her Heimatspiel in 3 Zeilen ,Schaltau,"Sächsische Akademie der Wissenschaften zu Leipzig, Sprachwissenschaftliche Kommission, Arbeitsstelle Thüringisches Wörterbuch",E 006 Handbibliothek Dialektologie,Mitte das rechte Regal,3. von oben,,80,
1485,"Imhof, Ostar Wilhelm",1955,"Botz'ge Denger onn varflucht'ge Resse - die värn krihege, wahrnd'n krihege onn noch'n krihege passiert sinn odd'r och nech",Weimar,Institut für Mundartforschung,E 006 Handbibliothek Dialektologie,Mitte das rechte Regal,3. von oben,,317,
1486,"Roth, Gotthold",,Echte Blimmle. Zehntes Bändchen der lustigen Geschichten in vogtländischer Mundart,Greiz,Arbeitsstelle Thüringisches Wörterbuch,E 006 Handbibliothek Dialektologie,Mitte das rechte Regal,3. von oben,,80,Bändchen der lustigen Geschichten in vogtländischer Mundart
1487,"Roth, Gotthold",,Sunneschei (2x vorhanden),Greiz,Arbeitsstelle Thüringisches Wörterbuch,E 006 Handbibliothek Dialektologie,Mitte das rechte Regal,3. von oben,,80,Bändchen der lustigen Geschichten in vogtländischer Mundart
1488,"Roth, Gotthold",,Rohch'n Feierohmd,Greiz,Institut für Mundartforschung,E 006 Handbibliothek Dialektologie,Mitte das rechte Regal,3. von oben,,87,Bändchen der lustigen Geschichten in vogtländischer Mundart
1489,"Roth, Gotthold",,Pfafferminzkiechele. Fünftes Bändchen der lustigen Geschichten in vogtländischer Mundart (2x vorhanden),Greiz,Institut für Mundartforschung,E 006 Handbibliothek Dialektologie,Mitte das rechte Regal,3. von oben,,80,Bändchen der lustigen Geschichten in vogtländischer Mundart
1490,"Roth, Gotthold",,Rute Reesle. Sechstes Bändchen der luftigen Geschichten in vogtländischer Mundart,Greiz,Arbeitsstelle Thüringisches Wörterbuch,E 006 Handbibliothek Dialektologie,Mitte das rechte Regal,3. von oben,,80,Bändchen der lustigen Geschichten in vogtländischer Mundart
1491,"Roth, Gotthold",1902,Nohch'n Feierohmd. Lustige Geschichten in vorgtländischer Munart (2x vorhanden),Greiz,Institut für Mundartforschung,E 006 Handbibliothek Dialektologie,Mitte das rechte Regal,3. von oben,,88,Bändchen der lustigen Geschichten in vogtländischer Mundart
1492,"Roth, Gotthold",1902,Spaass muss fei! Viertes Bändchen des lustigen Geschichten in vogtländischer (Greizer) Mundart (2x vorhanden),Greiz,FSU Jena Sektion Sprachwissenschaft Wissenschaftsbereich Deutsch Abt. Mundartforschung,E 006 Handbibliothek Dialektologie,Mitte das rechte Regal,3. von oben,,88,Bändchen der lustigen Geschichten in vogtländischer Mundart
1493,"Roth, Gotthold",,Schiene Grieß. Neuntes Bändchen der lustigen Geschichten in vogtländischer Mundart (2x vorhanden),Greiz,Arbeitsstelle Thüringisches Wörterbuch,E 006 Handbibliothek Dialektologie,Mitte das rechte Regal,3. von oben,,80,Bändchen der lustigen Geschichten in vogtländischer Mundart
1494,"Roth, Gotthold",1981,Lustige Geschichten in vogtländischer Mundart,Greiz,x,E 006 Handbibliothek Dialektologie,Mitte das rechte Regal,3. von oben,,96,Bändchen der lustigen Geschichten in vogtländischer Mundart
1495,"Roth, Gotthold",1904,Werztärnle. Drittes Bändchen der lustigen Gesichten in vogtländischer (Greizer) Mundart,Greiz,FSU Jena Sektion Sprachwissenschaft Wissenschaftsbereich Deutsch Abt. Mundartforschung,E 006 Handbibliothek Dialektologie,Mitte das rechte Regal,3. von oben,,88,Bändchen der lustigen Geschichten in vogtländischer Mundart
1496,"Roth, Gotthold",1900,"Je lenger, je liewer. Heitere Erzählungen und Gedichte in vogtländischer Mundart",Greiz,Institut für Mundartforschung,E 006 Handbibliothek Dialektologie,Mitte das rechte Regal,3. von oben,,88,
1497,"Riedel, L.",,Hinner der Front. Ernste und heitere Erzählungen und Gedichte in vogtländischer Mundart,Plauen,x,E 006 Handbibliothek Dialektologie,Mitte das rechte Regal,3. von oben,,64,Riedels Schriften in vogtländischer Mundart 
1498,"Riedel, L.",,Viel Glück zewanner! Hochzeits- und Polterband-Gedichte in vogtländischer Mundart,Plauen,Arbeitsstelle Thüringisches Wörterbuch,E 006 Handbibliothek Dialektologie,Mitte das rechte Regal,3. von oben,,48,
1499,"Riedel, L.",,Hessenfließ und Streuselluhng,Plauen,Arbeitsstelle Thüringisches Wörterbuch,E 006 Handbibliothek Dialektologie,Mitte das rechte Regal,3. von oben,,95,
1500,"Riedel, L.",,J nusse schie willkumme! Erzählungen und Gedichte in vogtländischer Mundart,Plauen,Arbeitsstelle Thüringisches Wörterbuch,E 006 Handbibliothek Dialektologie,Mitte das rechte Regal,3. von oben,,127,Riedels Schriften in vogtländischer Mundart 
1501,"Schlothauer, Arno",,Dear Bühler Kirchenstriet,Ruhla,Institut für Mundartforschung,E 006 Handbibliothek Dialektologie,Mitte das rechte Regal,3. von oben,,,Aus Ruhlas alten und neuen Sagen. Erster Band 
1502,Verein für Sachsen-Meiningische Gedichte und Landeskunde,1914,"Die Wasunger Mundart, 2. Teil",Hildburghausen,FSU Jena Sektion Sprachwissenschaft Wissenschaftsbereich Deutsch Abt. Mundartforschung,E 006 Handbibliothek Dialektologie,Mitte das rechte Regal,3. von oben,,157-256,Schriften des Vereins für Sachsen-Meiningische Geschichte und landeskunde 71. Heft
1503,"Schmidt, Kurt",1991,Friede Paulmann ein wackerer Friedrichswerther. Lustige Heimatgeschichten aus der Sammlung von Kurt Schmidt,Friedrichswerth,"Sächsische Akademie der Wissenschaften zu Leipzig, Sprachwissenschaftliche Kommission, Arbeitsstelle Thüringisches Wörterbuch",E 006 Handbibliothek Dialektologie,Mitte das rechte Regal,3. von oben,,18,Hainich Heimathefte Heft 17
1504,"Schmidt, Anna Alwine ",1908,Baas nomme äß?,,FSU Jena Sektion Sprachwissenschaft Wissenschaftsbereich Deutsch Abt. Mundartforschung,E 006 Handbibliothek Dialektologie,Mitte das rechte Regal,3. von oben,,23,
1505,"Schneider, Lilli",1991,Hei Heimat is de Schnett,Schnett,Arbeitsstelle Thüringisches Wörterbuch,E 006 Handbibliothek Dialektologie,Mitte das rechte Regal,3. von oben,,56,
1506,"Steiner, Werner ",1993,Sei schöa mei gegrüeßt Jüdenbach,Judenbach,Arbeitsstelle Thüringisches Wörterbuch,E 006 Handbibliothek Dialektologie,Mitte das rechte Regal,3. von oben,,27,Sei schöa gegrüeßt mei Judenbach
1507,"Steiner, Werner ",1993,Sei schöa mei gegrüeßt Jüdenbach. Is 2. Büchla,Judenbach,Arbeitsstelle Thüringisches Wörterbuch,E 006 Handbibliothek Dialektologie,Mitte das rechte Regal,3. von oben,,36,Sei schöa gegrüeßt mei Judenbach
1508,"Steiner, Werner ",,Sei schöa mei gegrüeßt Jüdenbach. 3. Heft,Judenbach,Arbeitsstelle Thüringisches Wörterbuch,E 006 Handbibliothek Dialektologie,Mitte das rechte Regal,3. von oben,,60,Sei schöa gegrüeßt mei Judenbach
1509,"Steiner, Werner ",1995,Sei schöa  gegrüeßt mei Jüdenbach. Mundartgedichte aus dem Sonneberger Land Heft 4,Judenbach,Arbeitsstelle Thüringisches Wörterbuch,E 006 Handbibliothek Dialektologie,Mitte das rechte Regal,3. von oben,,52,Sei schöa gegrüeßt mei Judenbach
1510,"Sperschneider, Heinz (hrsg)",,"Wälder, Felder, Bergeshohn",Leipzig,x,E 006 Handbibliothek Dialektologie,Mitte das rechte Regal,3. von oben,,288,
1511,Redaktionskollegen von Peter Dachler,1987,Festgabe für Peter Dachler. Chefredakteur des Schweizerdeutschen Wörterbuches zu seinem 60. Geburtstag am 26.April 1986,Zürich,FSU Jena Sektion Sprachwissenschaft Wissenschaftsbereich Deutsch Abt. Mundartforschung,E 006 Handbibliothek Dialektologie,Mitte das rechte Regal,3. von oben,,56,
1512,"Spieß, Balthasar",1873,Die fränkisch-hennebergische Mundart,Wien,Arbeitsstelle Thüringisches Wörterbuch,E 006 Handbibliothek Dialektologie,Mitte das rechte Regal,3. von oben,,102,
1513,"Schenke, Otto",1984,Geschichten von Rons und Umgebung,Ranis,FSU Jena Sektion Sprachwissenschaft Wissenschaftsbereich Deutsch Abt. Mundartforschung,E 006 Handbibliothek Dialektologie,Mitte das rechte Regal,3. von oben,,,
1514,Bezirkskabinett für Kukturarbeit Erfurt,1982,Aale Geschichtn. Erbe und Gegenwart in der Mundartdichtung zwischen rennsteig und Harz,Erfurt,FSU Jena Sektion Sprachwissenschaft Wissenschaftsbereich Deutsch Abt. Mundartforschung,E 006 Handbibliothek Dialektologie,Mitte das rechte Regal,3. von oben,,98,
1515,"Stopfkuchen, Erich",1923,Verfassung und Verwaltung der Stadt Neustadr an der Orla seit der Entstehung des Rates (um 1365) bis zur Mitte des 16. Jahrhunders,Neustadt an der Orla,Sektion Sprachwissenschaft,E 006 Handbibliothek Dialektologie,Mitte das rechte Regal,3. von oben,,244,
1516,"Tausendpfund, Walter",1984,Tierlesgeschichdn. Heiter - besinnliche Viechereien für Kinder und Erwachsene ,Pegnitz,Arbeitsstelle Thüringisches Wörterbuch,E 006 Handbibliothek Dialektologie,Mitte das rechte Regal,3. von oben,,38,
1517,"Ullrich, Friedrich",1875,Volksklänge in Altenburger Mundart (2x vorhanden),"Stettin, Leipzig",FSU Jena Sektion Sprachwissenschaft Wissenschaftsbereich Deutsch Abt. Mundartforschung,E 006 Handbibliothek Dialektologie,Mitte das rechte Regal,3. von oben,,193,
1518,"Ullrich, Friedrich",1861,Volksklänge in Altenburger Mundart Zweite Auflage,Zwickau,"Sächsische Akademie der Wissenschaften zu Leipzig, Sprachwissenschaftliche Kommission, Arbeitsstelle Thüringisches Wörterbuch",E 006 Handbibliothek Dialektologie,Mitte das rechte Regal,3. von oben,,196,
1519,"Welder, heinrich",1992,Onse Klai Waelt. Heimat zwischen Rhön und Thüringer Wald,Barchfeld,Arbeitsstelle Thüringisches Wörterbuch,E 006 Handbibliothek Dialektologie,Mitte das rechte Regal,3. von oben,,127,
1520,"Weise, O.",1889,Mitteilungen des Gesichts- und Altertumsforschenden Vereins zu Eisenberg,Eisenberg,Institut für Mundartforschung,E 006 Handbibliothek Dialektologie,Mitte das rechte Regal,3. von oben,,128,
1521,"Erhardt, K.",,Seltene Waldvögel. Lustige Mundart-Anekdoten aus Neuhaus am Rennweg,Sonneberg,Universitätsbibliothek Jena,E 006 Handbibliothek Dialektologie,Mitte das rechte Regal,3. von oben,,40,
1522,"Widder, Wilhelm",1979,Landesleut. Heitere Geschichten aus Franken,Kitzingen,x,E 006 Handbibliothek Dialektologie,Mitte das rechte Regal,3. von oben,,64,
1523,W.W.,1862,Das Kirmesleben in humoristischer Beleuchtung,Sondershausen,x,E 006 Handbibliothek Dialektologie,Mitte das rechte Regal,3. von oben,,,
1524,"Kober, Julius ",1938,Fröhliches Deutschland. Eine Sammlung heiterer Mundart. Erste Folge,Gießen,FSU Jena Sektion Sprachwissenschaft Wissenschaftsbereich Deutsch Abt. Mundartforschung,E 006 Handbibliothek Dialektologie,Mitte das rechte Regal,3. von oben,,64,
1525,Wirschel. August,1866,Sagen aus Thüringen,Wien,x,E 006 Handbibliothek Dialektologie,Mitte das rechte Regal,3. von oben,,324,"Kleine Beuträge zur deutschen Mythologie, Sitten- und Heimatkunde in Sagen und Gebräuchen aus Thüringen"
1526,"Wurke, C.L.",,Vitz minner Heimet,Salzungen,Landesstelle für Thüringische Mundartforschung,E 006 Handbibliothek Dialektologie,Mitte das rechte Regal,3. von oben,,58,
1527,"Zippel, Horst",1991,De Rehrles- kouch'n. Plaudereien über die Orts-Necknamen im Kreis Lobenstejn,Gera,Thüringisches Wörterbuch,E 006 Handbibliothek Dialektologie,Mitte das rechte Regal,3. von oben,,83,
1528,"Pejas, Irmgard ",1993,Thamsbrücker Geschichten. Nr. 27,Bad Langensalza,"Sächsische Akademie der Wissenschaften zu Leipzig, Sprachwissenschaftliche Kommission, Arbeitsstelle Thüringisches Wörterbuch",E 006 Handbibliothek Dialektologie,Mitte das rechte Regal,4. von oben,,36,Hainich Heimathefte Nummer 27
1529,"Braune, Gudrun & Fauer, Peter (hrsg.)",1997,Handwerk in Thüringen als Kultur- und Wirtschaftsfaktor. Tagung Elgersburg 1995,Erfurt,x,E 006 Handbibliothek Dialektologie,Mitte das rechte Regal,4. von oben,,200,Thüringer Hefte für Volkskunde Band 5 
1530,"Braune, Gudrun & Fauer, Peter (hrsg.)",2003,"Lebensende. Kulturgeschichtlich-volkskundliche Aspekte von Sterben, Tod, Trauer, Bestattung",Erfurt,Arbeitsstelle Thüringisches Wörterbuch,E 006 Handbibliothek Dialektologie,Mitte das rechte Regal,4. von oben,,216,Thüringer Hefte für Volkskunde Band 8/9
1531,"Tolksdorf, Ulrich",1991,Ermländische Protokolle. Alltagserzählungen in Mundart ,Marburg,x,E 006 Handbibliothek Dialektologie,Mitte das rechte Regal,4. von oben,,582,
1532,"Tröge, Walther",1930,Schlänker on Schnärze. Ein Lesebuch in nordostthüringischer Mundart,Weimar,FSU Jena Sektion Sprachwissenschaft Wissenschaftsbereich Deutsch Abt. Mundartforschung,E 006 Handbibliothek Dialektologie,Mitte das rechte Regal,4. von oben,,111,
1533,"Kürsten, Otto",1908,Erfurter Schnozeln. Drittes Bändchen,Erfurt,Institut für Mundartforschung,E 006 Handbibliothek Dialektologie,Mitte das rechte Regal,4. von oben,,64,
1534,"Tröge, Walther",1931,D'r Geschhofbauer. Volksstück in Thüringer Mundart aus der Zeit des Weltkrieges in fünf Bildern,Weimar,Landesstelle für Thüringische Mundartforschung,E 006 Handbibliothek Dialektologie,Mitte das rechte Regal,4. von oben,,27,
1535,"Peitz, Robert",1920,Höngern Etterschbärge! ,Camburg a. d. Saale,FSU Jena Sektion Sprachwissenschaft Wissenschaftsbereich Deutsch Abt. Mundartforschung,E 006 Handbibliothek Dialektologie,Mitte das rechte Regal,4. von oben,,30,
1536,"Kürsten, Otto (hrsg.)",,Schnetzchen on Schnarze. Thüringer Klänge (2x vorhanden),Weimar,Institut für Mundartforschung,E 006 Handbibliothek Dialektologie,Mitte das rechte Regal,4. von oben,,16,
1537,"Mühlner, Waldemar",,De richtje Kur,,,E 006 Handbibliothek Dialektologie,Mitte das rechte Regal,4. von oben,,,
1538,"Küsten, Otto",,Schnetzchen on Schnarzchen in Thüringer Mundart,Weimar,x,E 006 Handbibliothek Dialektologie,Mitte das rechte Regal,4. von oben,,56,Schnetzchen on Schnarze
1539,"Rabe, August",,Schnurren der Schnärzchen zweiter Teil. Heitere Geschichten in Thüringer Mundart,Weimar,x,E 006 Handbibliothek Dialektologie,Mitte das rechte Regal,4. von oben,,56,Schnetzchen on Schnarze
1540,"Kürsten, Otto",,Schnetzchen on Schnarze. Thüringer Klänge Heft 5,Weimar,,E 006 Handbibliothek Dialektologie,Mitte das rechte Regal,4. von oben,,16,Schnetzchen on Schnarze
1541,"Kürsten, Otto",,Schnetzchen on Schnarze. Thüringer Klänge Nr. 3,Weimar,x,E 006 Handbibliothek Dialektologie,Mitte das rechte Regal,4. von oben,,16,Schnetzchen on Schnarze
1542,"Kürsten, Otto",,Schnetzchen on Schnarzchen in Thüringer Mundart Heft 4,Weimar,Institut für Mundartforschung,E 006 Handbibliothek Dialektologie,Mitte das rechte Regal,4. von oben,,16,Schnetzchen on Schnarze
1543,"Kürsten, Otto",,Lustige Geschichten in Thüringer Mundart ,Erfurt,x,E 006 Handbibliothek Dialektologie,Mitte das rechte Regal,4. von oben,,64,
1544,"Küsten, Otto",,Neue Thüringer Klänge,Erfurt,FSU Jena Sektion Sprachwissenschaft Wissenschaftsbereich Deutsch Abt. Mundartforschung,E 006 Handbibliothek Dialektologie,Mitte das rechte Regal,4. von oben,,16,
1545,"Kürsten, Otto",,Lustige Geschichten in Thüringer Mundart ,Erfurt,x,E 006 Handbibliothek Dialektologie,Mitte das rechte Regal,4. von oben,,64,Lustige Geschichte in Thüringer Mundart
1546,"Kürsten, Otto",,Schnetzchen on Schnarzchen in Thüringer Mundart. 3. Bändchen,Weimar,Institut für Sprachpflege und Wortforschung der FSU Jena,E 006 Handbibliothek Dialektologie,Mitte das rechte Regal,4. von oben,,56,Schnetzchen on Schnarze. 
1547,"Braitmaier, Hugo",,Artforter. Lost'ge Stöck'n aus Arfort onn Omgaj'nd,Erfurt,Institut für Sprachpflege und Wortforschung der FSU Jena,E 006 Handbibliothek Dialektologie,Mitte das rechte Regal,4. von oben,,,
1548,"Kürsten, Otto",,Neue Thüringer Klänge (3x vorhanden),Erfurt,x,E 006 Handbibliothek Dialektologie,Mitte das rechte Regal,4. von oben,,16,
1549,"Kürsten, Otto",,Schnetzchen on Schnarzchen in Thüringer Mundart. 4. Bädchen,Weimar,Institut für Sprachpflege und Wortforschung der FSU Jena,E 006 Handbibliothek Dialektologie,Mitte das rechte Regal,4. von oben,,56,Schnetzchen on Schnarzchen
1550,"Kürsten, Otto",,Schnetzchen on Schnarzchen in Thüringer Mundart. 2. Bädchen,Weimar,Institut für Sprachpflege und Wortforschung der FSU Jena,E 006 Handbibliothek Dialektologie,Mitte das rechte Regal,4. von oben,,56,Schnetzchen on Schnarzchen
1551,"Kürsten, Otto",,Erfurter Schnozeln. Nachtrag,Erfurt,x,E 006 Handbibliothek Dialektologie,Mitte das rechte Regal,4. von oben,,16,Erfurter Schnolzen
1552,"Kürsten, Otto",1907,Erfurter Schnozeln. Erster Bändchen,Erfurt,Institut für Mundartforschung,E 006 Handbibliothek Dialektologie,Mitte das rechte Regal,4. von oben,,64,Erfurter Schnolzen
1553,"Kürsten, Otto",1907,Erfurter Schnozeln. Zweites Bändchen,Erfurt,Institut für Mundartforschung,E 006 Handbibliothek Dialektologie,Mitte das rechte Regal,4. von oben,,64,Erfurter Schnolzen
1554,"Löppe, Hermann",,Thüringer Klöse. Zwei Fräiu'ln mät Broten - un Goose raecht väl,Weimar,Landesstelle für Thüringische Mundartforschung,E 006 Handbibliothek Dialektologie,Mitte das rechte Regal,4. von oben,,64,
1555,"Rhodius, Carl",1910,Auserwählte Gedichte: zum Teil heimischer Mundart ,Sondershausen,Institut für Mundartforschung,E 006 Handbibliothek Dialektologie,Mitte das rechte Regal,4. von oben,,64,
1556,"Rabe, August",,Schnaken der Schnärzchen dritter Teil (2x vorhanden),Weimar,Institut für Mundartforschung,E 006 Handbibliothek Dialektologie,Mitte das rechte Regal,4. von oben,,56,Schnärzchen dritter Teil
1557,"Rabe, August",,Schnippchen der Schnärzchen sechster Teil,Weimar,Institut für Mundartforschung,E 006 Handbibliothek Dialektologie,Mitte das rechte Regal,4. von oben,,56,Schnärzchen. Sechster Teil
1558,"Rabe, August",,"Schnorrgieken, der Schwärzchen siebter Teil",Weimar,Institut für Mundartforschung,E 006 Handbibliothek Dialektologie,Mitte das rechte Regal,4. von oben,,55,Schnärzchen. Siebenter Teil
1559,"Rabe, August",,Schnapp! Der Schnärzchen achter Teil (2x vorhanden),Weimar,x,E 006 Handbibliothek Dialektologie,Mitte das rechte Regal,4. von oben,,56,Schnärzchen. Achter Teil
1560,"Rabe, August",,"Schnolzeln, der Schnärzchen vierter Teil",Weimar,Institut für Mundartforschung,E 006 Handbibliothek Dialektologie,Mitte das rechte Regal,4. von oben,,56,Schnärzchen. Vierter Teil
1561,"Schiffner, Margit",1994,Darzehl ä beßle von Spacksbronn,Sonneberg,,E 006 Handbibliothek Dialektologie,Mitte das rechte Regal,4. von oben,,19,
1562,"Rabe, August",,"Schnurren, der ""Schnätzchen"" zweiter Teil.",Weimar,x,E 006 Handbibliothek Dialektologie,Mitte das rechte Regal,4. von oben,,56,Schnärzchen Zweiter Teil
1563,"Rabe, August",,Schnärzchen. Heitere Geschichten in Thüringer Mundart (2x vorhanden),Weimar,Institut für Mundartforschung,E 006 Handbibliothek Dialektologie,Mitte das rechte Regal,4. von oben,,56,
1564,"Ludwig, August",,Schnozelborn. Thüringer Dorfleben in vier Bildern,Weimar,Institut für Mundartforschung,E 006 Handbibliothek Dialektologie,Mitte das rechte Regal,4. von oben,,63,
1565,"Rabe, August",,Humoristische Schriften. Band 6,Weimar,Institut für Mundartforschung,E 006 Handbibliothek Dialektologie,Mitte das rechte Regal,4. von oben,,64,
1566,"Rabe, August",,"Schnitzer, der Schnärzchen fünfter Teil (2x vorhanden)",Weimar,Institut für Mundartforschung,E 006 Handbibliothek Dialektologie,Mitte das rechte Regal,4. von oben,,56,Schnärzchen Fünftzer Teil
1567,"Treiber, G.G.",1785,Kirmsenlied,,FSU Jena Sektion Sprachwissenschaft Wissenschaftsbereich Deutsch Abt. Mundartforschung,E 006 Handbibliothek Dialektologie,Mitte das rechte Regal,4. von oben,,,
1568,"Werner, Walter",1969,Bann's Herz mitschreibt. Mundartgedichte ernst und heiter ,Suhl,FSU Jena Sektion Sprachwissenschaft Wissenschaftsbereich Deutsch Abt. Mundartforschung,E 006 Handbibliothek Dialektologie,Mitte das rechte Regal,4. von oben,,,
1569,"Patzer, Paul",1971,Bei uns derheeme. Mundartendichtungen,Jena,FSU Jena Sektion Sprachwissenschaft Wissenschaftsbereich Deutsch Abt. Mundartforschung,E 006 Handbibliothek Dialektologie,Mitte das rechte Regal,4. von oben,,32,Heimatleseheft Nr. 12
1570,"Gorge, L.",,Üne ägne onmaßgabliche Unfecht,Jena,x,E 006 Handbibliothek Dialektologie,Mitte das rechte Regal,4. von oben,,16,
1571,"Koppenhagen, Benno",1924,"Aus dem Tagebuche eines Thüringer Landaztes. Heitere Skizzen von der Höhe ""des Waldes"" ",Leipzig,Institut für Mundartforschung,E 006 Handbibliothek Dialektologie,Mitte das rechte Regal,4. von oben,,254,
1572,"Schiffner, Margit",,Das kleine bunte Thüringer Büchlein,Spechtsbrunn am Rennweg,x,E 006 Handbibliothek Dialektologie,Mitte das rechte Regal,4. von oben,,,
1573,"Ludwig, August",,Schnitzer und Schnippchen. Heitere Gedichte in Thüringer Mundart,Weimar,FSU Jena Sektion Sprachwissenschaft Wissenschaftsbereich Deutsch Abt. Mundartforschung,E 006 Handbibliothek Dialektologie,Mitte das rechte Regal,4. von oben,,160,
1574,"Kreidner, H. L.",1880,Schnaken un Schnurrn aus'n Läben derr oheln Mansfäller In Mansfelder Mundart,Eisleben,Institut für Mundartforschung,E 006 Handbibliothek Dialektologie,Mitte das rechte Regal,4. von oben,,145,
1575,"Biedelhausen, C.F.U.",1891,"Nicht wie laiter Hack un Mack, Alles Korchenannerdorch. Ein Deutschlein der alten Mansfelder Mundart",Hettstedt,x,E 006 Handbibliothek Dialektologie,Mitte das rechte Regal,4. von oben,,68,
1576,"Kronenberg, Kurt",1940,Mansfelder Fichter. Geschichten um den Salzigen und Süßen See,Eisleben,FSU Jena Sektion Sprachwissenschaft Wissenschaftsbereich Deutsch Abt. Mundartforschung,E 006 Handbibliothek Dialektologie,Mitte das rechte Regal,4. von oben,,99,Bilder aus der Mansfelder Vergangenheit Band 2
1577,"Kolditz, Franz",1930,"Lynimort, minn Lynimort",Essen,Institut für Mundartforschung,E 006 Handbibliothek Dialektologie,Mitte das rechte Regal,4. von oben,,128,
1578,C.H.,,Wacken un Schlacken farr Mannsfäller derrheime un au in derr fremmde 1. Bändchen,Eisleben,x,E 006 Handbibliothek Dialektologie,Mitte das rechte Regal,4. von oben,,27,
1579,"Schmidt, Max",1908,Uis Brottero (aus Brotterode). Humoristisches in Brottröder Mundart,Eisenach,Landesstelle für Thüringische Mundartforschung,E 006 Handbibliothek Dialektologie,Mitte das rechte Regal,4. von oben,,62,
1580,"Arbeitsgruppe ""Mundartpflege"" des Zentrums Harzer Folkore beim Bezirkskabinett für Kulturarbeit Magdeburg",1985,Dämmertried. Vorrtellkens von jistern bet hüte,Wernigerode,Arbeitsstelle Thüringisches Wörterbuch,E 006 Handbibliothek Dialektologie,Mitte das rechte Regal,4. von oben,,58,
1581,"Kern, Franz",1928,Silwer unger Wacken. Geschichten und Gedichte in Mansfelder Mundart (2x vorhanden),Eisleben,Institut für Mundartforschung,E 006 Handbibliothek Dialektologie,Mitte das rechte Regal,4. von oben,,95,
1582,"Roldig, Franz",1929,Zunst. Erzählungen in Mansfelder Mundart,Eisleben,Institut für Mundartforschung,E 006 Handbibliothek Dialektologie,Mitte das rechte Regal,4. von oben,,83,
1583,"Schneideck, G.H.",1850,Jenenser Leben,Jena,Thüringisches Wörterbuch,E 006 Handbibliothek Dialektologie,Mitte das rechte Regal,4. von oben,,167,
1584,"Zeising, Kurt",1993,Dor ahle Mansfäller wie ä denkt un schpricht. Hingerhäher odder hingenehen und Dor Schtuhel in Mansfelder Mundart (3x vorhanden),Eisleben,x,E 006 Handbibliothek Dialektologie,Mitte das rechte Regal,4. von oben,,11+10,
1585,"Gerlach, Ernst",1934,Mein Mansfelder Land. Blätter für Heimatforschung und heimatliches Leben,Eisleben,x,E 006 Handbibliothek Dialektologie,Mitte das rechte Regal,4. von oben,,,
1586,"Kolditz, Franz",,Freind Waeckworf. Gedichte in Mansfelder Mundart,Eisleben,Institut für Mundartforschung,E 006 Handbibliothek Dialektologie,Mitte das rechte Regal,4. von oben,,48,
1587,"Haase, Ernst",1993,"Ewwersch Järtel, ä nei'n Säier un's Fränken. Mansfelder Mundart ",Gerbstedt,Arbeitsstelle Thüringisches Wörterbuch,E 006 Handbibliothek Dialektologie,Mitte das rechte Regal,4. von oben,,20,
1588,"Spitzbarth, Otto",1995,"Ewwer Kinger, Bärgkleite un ä oahln Kacheluwen",Mansfeld,x,E 006 Handbibliothek Dialektologie,Mitte das rechte Regal,4. von oben,,6,
1589,"Foth, Klaus",1995,Links un rächts vun dr Beesen Siehm,Mansfeld,x,E 006 Handbibliothek Dialektologie,Mitte das rechte Regal,4. von oben,,7,
1590,"Stucki, Bernhard",1996,Mansfelder Mundart. Dorfgeschichten von anno dazemals,Eisleben,Arbeitsstelle Thüringisches Wörterbuch,E 006 Handbibliothek Dialektologie,Mitte das rechte Regal,4. von oben,,88,
1591,"Stucki, Bernhard",1996,Mansfelder Mundart. Schnurr'n Schnärzchen un Stenkchen zwischen Harz und Saale,Eisleben,Arbeitsstelle Thüringisches Wörterbuch,E 006 Handbibliothek Dialektologie,Mitte das rechte Regal,4. von oben,,80,
1592,Giebelhausen,1991,Derr ohle Mansfäller wie ä leibet un läbet. Der Eislebber Weesenmarkt in Mansfelder Mundart,Eisleben,"Sächsische Akademie der Wissenschaften zu Leipzig, Sprachwissenschaftliche Kommission, Arbeitsstelle Thüringisches Wörterbuch",E 006 Handbibliothek Dialektologie,Mitte das rechte Regal,4. von oben,,8,
1593,"Zeising, Kurt",1993,Dor ahöe Mansfäller wie ä denkt un schpricht. Weesenmarcht I  Weesenmarcht II De Illusion in mansfeleder Mundart,Eisleben,x,E 006 Handbibliothek Dialektologie,Mitte das rechte Regal,4. von oben,,11,Dor ahle Mansfäller
1594,"Zeising, Kurt",1993,"Dor ahle Mansfäller wie ä denkt un schpricht. Das Plettbrätt, Die Flaschensammelungk, Dor Fäldmarschall",Eisleben,x,E 006 Handbibliothek Dialektologie,Mitte das rechte Regal,4. von oben,,11,Dor ahle Mansfäller
1595,"Zeising, Kurt",1993,Dor ahle Mansfäller wie ä denkt un schpricht. Hingerhäher odder hingenehen und Dor Schtuhel in Mansfelder Mundart (3x vorhanden),Eisleben,x,E 006 Handbibliothek Dialektologie,Mitte das rechte Regal,4. von oben,,10,Dor ahle Mansfäller
1596,"Wolff, Georg",1924,Mühlhüsches Schingeleich,Mühlhausen,Institut für Mundartforschung,E 006 Handbibliothek Dialektologie,Mitte das rechte Regal,4. von oben,,80,
1597,"Schröder, Heinrich & Schröder, Franz Rolf (hrsg.)",1921,Germanisch-Romanische Monatsschrift 9. Band,Heidelberg,Universitätsbibliothek Jena,E 006 Handbibliothek Dialektologie,Mitte das rechte Regal,4. von oben,,384,Germanisch-Romanische Monatsschrift
1598,"Schmeller, Johann Andreas",2001,Die Mundartregionen im Königreich Bayern,München,x,E 006 Handbibliothek Dialektologie,Mitte das rechte Regal,4. von oben,,189,
1599,Verkehrs- und Heimatverein Heppenheim,1994,Mundart in Heppenheim. Texte aus dem ersten Mundartwettbewerb der Stadt Heppenheim ,Heppenheim,x,E 006 Handbibliothek Dialektologie,Mitte das rechte Regal,4. von oben,,223,
1600,Pangkofer,1854,"Die deutschen Mundarten. Eine Monatsschrift für Dichtung, Forschung und Kritik",Nürnberg,Deutsches Seminar Jena,E 006 Handbibliothek Dialektologie,Mitte das rechte Regal,4. von oben,,596,
1601,"Günther, Gerhard (Bearb.)",1997,"Willkür der Stadt Heiligenstadt aus de, Jahre 1335. Stadtrecht im Mittelalter",Heiligenstadt,Thüringisches Wörterbuch,E 006 Handbibliothek Dialektologie,Mitte das rechte Regal,4. von oben,,134,
1602,"Ludwig, August",1938,Bienenstich und andere Thüringer Speise,Jena,"Sächsische Akademie der Wissenschaften zu Leipzig, Sprachwissenschaftliche Kommission, Arbeitsstelle Thüringisches Wörterbuch",E 006 Handbibliothek Dialektologie,Mitte das rechte Regal,5. von oben,,132,
1603,"Ludwig, August",1932,Mohnkuchen und andere Thüringer Speise,Jena,Institut für Mundartforschung,E 006 Handbibliothek Dialektologie,Mitte das rechte Regal,5. von oben,,125,
1604,"Riedel, L.",1907,"Naa, su wos! Erzählungen und Gedichte in vogtländischer Mundart",Plauen,J85 FSU Jena Sektion Sprachwissenschaft Wissenschaftsbereich Deutsch Abt. Mundartforschung,E 006 Handbibliothek Dialektologie,Mitte das rechte Regal,5. von oben,,125,
1605,"Giebelhausen, L. F. A.",1857,Mansfeldsche Sagen und Erzählungen. In Mansfelder Mundart erzählt,Eisleben,Institut für Mundartforschung,E 006 Handbibliothek Dialektologie,Mitte das rechte Regal,5. von oben,,127,
1606,nicht genannt,x,x,x,x,E 006 Handbibliothek Dialektologie,Mitte das rechte Regal,5. von oben,,24,
1607,"Sperschneider, Heinz ",1988,Hilberhäuser Varschla. Ein Lese- und Vortragsbüchlein in heimischer Mundart für den Kreis Hildburghausen,Hildburghausen,J85 FSU Jena Sektion Sprachwissenschaft Wissenschaftsbereich Deutsch Abt. Mundartforschung,E 006 Handbibliothek Dialektologie,Mitte das rechte Regal,5. von oben,,86,
1608,"Grams, Edgar",1998,"Saure Wochen - Frohe Feste. Kunter und Buntes 3. Buch in Deutsch und Mundart ""fer ölla, die su plaudern""",Sonneberg,x,E 006 Handbibliothek Dialektologie,Mitte das rechte Regal,5. von oben,,76,Kunter und Buntes 3. Buch
1609,"Sperschneider, Heinz",1985,De alte Bierprobe. Erbe und Gegenwart in der thüringischen Mundartdichtung östlich von Schwarza und Saale,Gera,J85 FSU Jena Sektion Sprachwissenschaft Wissenschaftsbereich Deutsch Abt. Mundartforschung,E 006 Handbibliothek Dialektologie,Mitte das rechte Regal,5. von oben,,80,
1610,"Sperschneider, Heinz",1984,Derhem en moi Dörfle,Sonneberg,J85 FSU Jena Sektion Sprachwissenschaft Wissenschaftsbereich Deutsch Abt. Mundartforschung,E 006 Handbibliothek Dialektologie,Mitte das rechte Regal,5. von oben,,96,
1611,"Roth, Gotthold",x,Blietenhunig,Greiz,Arbeitsstelle Thüringisches Wörterbuch,E 006 Handbibliothek Dialektologie,Mitte das rechte Regal,5. von oben,,80,Siebentes Bändchen der lustigen Geschichten in vogtländischer Mundart
1612,"Klinghammer, Waldemar",1909,Mei Rudelschtadt. Gesammelte Dichtungen in heimischer Mundart,Rudolstadt,FSU Jena Sektion Sprachwissenschaft Fachbereich Deutsch Mundartforschung,E 006 Handbibliothek Dialektologie,Mitte das rechte Regal,5. von oben,,125,Mei Rudelschtadt Band 1
1613,"Hahn, Marn",1919,Illustriertes Kochbuch für die einfache und feine Küche,Wernigerode,x,E 006 Handbibliothek Dialektologie,Mitte das rechte Regal,5. von oben,,661,
1614,Verlag für die Frau,x,Wir backen selbst,Leipzig,x,E 006 Handbibliothek Dialektologie,Mitte das rechte Regal,5. von oben,,127,
1615,"Sommer, Anton",1893,Bilder und Klänge aus Rudolstadt in Volksmundart (13. Aufl.),Rudolstadt,"Sächsische Akademie der Wissenschaften zu Leipzig, Sprachwissenschaftliche Kommission, Arbeitsstelle Thüringisches Wörterbuch",E 006 Handbibliothek Dialektologie,Mitte das rechte Regal,5. von oben,,410,
1616,Sächsische Akademie der Wissenschaften zu Leipzig,2004,Broschüre,Leipzig,x,E 006 Handbibliothek Dialektologie,Mitte das rechte Regal,6. von oben,,48,
1617,,1844,Schriften,,,E 006 Handbibliothek Dialektologie,Mitte das rechte Regal,6. von oben,,,
1618,"Aßmann, Georg",1977,Grundlagen der marxistisch-leninistischen Soziologie,Berlin,FSU Jena Sektion Sprachwissenschaft Wissenschaftsbereich Deutsch Abt. Mundartforschung,E 006 Handbibliothek Dialektologie,Mitte das rechte Regal,6. von oben,,409,
1619,"Hiebsch, Hans und Vorwerg, Manfred",1966,Einführung in die marxistische Sozialpsychologie,Berlin,Institut für Mundartforschung,E 006 Handbibliothek Dialektologie,Mitte das rechte Regal,6. von oben,,236,
1620,"Aßmann, Georg et al",1983,Wörterbuch der marxistisch-leninistischen Soziologie,Berlin,"Sächsische Akademie der Wissenschaften zu Leipzig, Sprachwissenschaftliche Kommission, Arbeitsstelle Thüringisches Wörterbuch",E 006 Handbibliothek Dialektologie,Mitte das rechte Regal,6. von oben,,758,
1621,"Deubler, Heinz",x,Rund um die Heidecksburg. Heiteres aus Stadt und Kreis Rudolstadt in heimischer Mundart,Jena,Sperschneider,E 006 Handbibliothek Dialektologie,Mitte das rechte Regal,6. von oben,,158,
1622,Wissenschaftlicher Rat für Soziologische Forschung in der DDR,1970,Soziologie im Sozialismus. Die marxistisch-leninistische Soziologie im entwickelten gesellschaftlichen System des Sozialismus,Berlin,FSU Jena Sektion Sprachwissenschaft Fachbereich Deutsch Mundartforschung,E 006 Handbibliothek Dialektologie,Mitte das rechte Regal,6. von oben,,478,
1623,"Behaghel, Otto",1923,Deutsche Syntax. Eine geschichtliche Darstellung Band I Die Wortklassen und Wortformen A. Nomen. Pronomen,Heidelberg,Institut für Mundartforschung,E 006 Handbibliothek Dialektologie,Mitte das rechte Regal,6. von oben,,740,"Germanische Bibliothek hrsg. Von Wilhelm Streitberg I. Sammlung Germanischer Elementar- und Handbücher, I. Reihe: Grammatiken Zehnter Band Deutsche Syntax"
1624,"Behaghel, Otto",1924,Deutsche Syntax. Eine geschichtliche Darstellung Band II Die Wortklassen und Wortformen B. Adverbium. C. Verbum,Heidelberg,Institut für Mundartforschung,E 006 Handbibliothek Dialektologie,Mitte das rechte Regal,6. von oben,,444,"Germanische Bibliothek hrsg. Von Wilhelm Streitberg I. Sammlung Germanischer Elementar- und Handbücher, I. Reihe: Grammatiken Zehnter Band Deutsche Syntax"
1625,"Behaghel, Otto",1928,Deutsche Syntax. Eine geschichtliche Darstellung Band III Die Satzgebilde,Heidelberg,Institut für Mundartforschung,E 006 Handbibliothek Dialektologie,Mitte das rechte Regal,6. von oben,,823,"Germanische Bibliothek hrsg. Von Wilhelm Streitberg I. Sammlung Germanischer Elementar- und Handbücher, I. Reihe: Grammatiken Zehnter Band Deutsche Syntax"
1626,"Behaghel, Otto",1932,Deutsche Syntax. Eine geschichtliche Darstellung Band IV Wortstellung. Periodenbau,Heidelberg,Institut für Mundartforschung,E 006 Handbibliothek Dialektologie,Mitte das rechte Regal,6. von oben,,322,"Germanische Bibliothek hrsg. Von Wilhelm Streitberg I. Sammlung Germanischer Elementar- und Handbücher, I. Reihe: Grammatiken Zehnter Band Deutsche Syntax"
1627,"Franke, Carl",1922,Grundzüge der Schriftsprache Luthers in allgemeinverständlicher Darstellung Dritter Teil: Satzlehre (2. Aufl),Halle (Saale),Institut für Mundartforschung,E 006 Handbibliothek Dialektologie,Mitte das rechte Regal,6. von oben,,417,Grundzüge der Schriftsprache Luthers in allgemeinverständlicher Darstellung
1628,"Franke, Carl",1914,Grundzüge der Schriftsprache Luthers in allgemeinverständlicher Darstellung Zweiter Teil: Wortlehre (2. Aufl),Halle (Saale),Institut für Mundartforschung,E 006 Handbibliothek Dialektologie,Mitte das rechte Regal,6. von oben,,366,Grundzüge der Schriftsprache Luthers in allgemeinverständlicher Darstellung
1629,"Franke, Carl",1913,Grundzüge der Schriftsprache Luthers in allgemeinverständlicher Darstellung Erster Teil: Einleitung und Lautlehre (2. Aufl),Halle (Saale),Institut für Mundartforschung,E 006 Handbibliothek Dialektologie,Mitte das rechte Regal,6. von oben,,273,Grundzüge der Schriftsprache Luthers in allgemeinverständlicher Darstellung
1630,"Großmann, Karl-Heinz",1988,Uem unnera Barg scheint die Sunn zeärscht. Ein Mundart-Lesebuch aus dem Thüringer Wald,Leipzig,x,E 006 Handbibliothek Dialektologie,Mitte das rechte Regal,6. von oben,,104,
1631,"Deubler, Heinz",1966,Beiträge zur Heimatkunde des Kreises Rudolstadt. Heiteres aus stadt und Kreis Rudolstadt in heimischer Mundart,Rudolstadt,x,E 006 Handbibliothek Dialektologie,Mitte das rechte Regal,6. von oben,,44,Sonderausgabe der Rudolstädter Heimathefte 1966 Heft 2
1632,Zentrum Harzer Volkskunst,1977,"""Mundartliches aus dem Harz"" Wie olen Harzer spräket platt",Wernigerode,Sperschneider,E 006 Handbibliothek Dialektologie,Mitte das rechte Regal,6. von oben,,81,
1633,"Selber, Martin",1981,"""Mien Dorpspaijel"" Vortelljen ut de Jeschichte von mien Dorp Daumerschläh",Wanzleben,Sperschneider,E 006 Handbibliothek Dialektologie,Mitte das rechte Regal,6. von oben,,54,
1634,Folklorezentrum Erzgebirge/Vogtland beim Bezirkskabinett für Kulturarbeit Karl-Marx-Stadt,1989,"""Plauderstunde"" Gedichte, Liedtexte und Erzählungen in erzgebirgischer und vogtländischer Mundart",Schneeberg,Sperschneider,E 006 Handbibliothek Dialektologie,Mitte das rechte Regal,6. von oben,,90,
1635,"Klaus, Georg und Buhr, Manfred",1974,Philosophisches Wörterbuch Band 1  (10. Aufl.),Leipzig,FSU Jena Sektion Sprachwissenschaft Wissenschaftsbereich Deutsch Abt. Mundartforschung,E 006 Handbibliothek Dialektologie,Mitte das rechte Regal,6. von oben,,702,
1636,"Klaus, Georg und Buhr, Manfred",1974,Philosophisches Wörterbuch Band 2  (10. Aufl.),Leipzig,FSU Jena Sektion Sprachwissenschaft Wissenschaftsbereich Deutsch Abt. Mundartforschung,E 006 Handbibliothek Dialektologie,Mitte das rechte Regal,6. von oben,,1394,
1637,"Greiner, Ludwig",1901,Drlabniss (Erlebnisse) aus dr Lausche. Drzehlt wie ars hot gehört un gesenn,Pössneck,x,E 006 Handbibliothek Dialektologie,Mitte das rechte Regal,6. von oben,,74,
1638,"Stammler, Wolfgang",1969,Deutsche Philologie im Aufriss (2. Aufl.),Berlin,FSU Jena Sektion Sprachwissenschaft Fachbereich Thür. Wörterbuch,E 006 Handbibliothek Dialektologie,Mitte das rechte Regal,6. von oben,,228,
1639,"Heyse, Karl Wilhelm Ludwig",1831,Handwörterbuch der deutschen Sprache. Erster Teil: U bis einmal ,Magdeburg,x,E 006 Handbibliothek Dialektologie,Rechts das hinterste,1. von oben,,320,Handwörterbuch der deutschen Sprache 
1640,"Heyse, Karl Wilhelm Ludwig",1833,Handwörterbuch der deutschen Sprache. Erster Teil: Vorrede bis K,Magdeburg,x,E 006 Handbibliothek Dialektologie,Rechts das hinterste,1. von oben,,641-964,Handwörterbuch der deutschen Sprache 
1641,"Heyse, Karl Wilhelm Ludwig",1835,"Handwörterbuch der deutschen Sprache. Zweiter Teil, erste Lieferung: L bis Meffer",Magdeburg,x,E 006 Handbibliothek Dialektologie,Rechts das hinterste,1. von oben,,320,Handwörterbuch der deutschen Sprache. Zweiter Teil
1642,"Heyse, Karl Wilhelm Ludwig",1837,"Handwörterbuch der deutschen Sprache. Zweiter Teil, zweite Lieferung: Orte bis Regel",Magdeburg,x,E 006 Handbibliothek Dialektologie,Rechts das hinterste,1. von oben,,321-640,Handwörterbuch der deutschen Sprache. Zweiter Teil
1643,"Heyse, Karl Wilhelm Ludwig",1840,"Handwörterbuch der deutschen Sprache. Zweiter Teil, fünfte Lieferung: Schauen bis Schrippe",Magdeburg,x,E 006 Handbibliothek Dialektologie,Rechts das hinterste,1. von oben,,641-960,Handwörterbuch der deutschen Sprache. Zweiter Teil
1644,"Heyse, Karl Wilhelm Ludwig",1842,"Handwörterbuch der deutschen Sprache. Zweiter Teil, siebente Lieferung: Spalten bis Strauß",Magdeburg,x,E 006 Handbibliothek Dialektologie,Rechts das hinterste,1. von oben,,961-1280,Handwörterbuch der deutschen Sprache. Zweiter Teil
1645,"Heyse, Karl Wilhelm Ludwig",1846,"Handwörterbuch der deutschen Sprache. Zweiter Teil, elfte Lieferung: verschieden bis Wachtel",Magdeburg,x,E 006 Handbibliothek Dialektologie,Rechts das hinterste,1. von oben,,1600-1760,Handwörterbuch der deutschen Sprache. Zweiter Teil
1646,"Heyse, Karl Wilhelm Ludwig",1847,"Handwörterbuch der deutschen Sprache. Zweiter Teil, zwölfte Lieferung: Wachteln bis wiebeln",Magdeburg,x,E 006 Handbibliothek Dialektologie,Rechts das hinterste,1. von oben,,1761-1920,Handwörterbuch der deutschen Sprache. Zweiter Teil
1647,"Heyse, Karl Wilhelm Ludwig",1849,"Handwörterbuch der deutschen Sprache. Zweiter Teil, vierzehnte Lieferung: Wiebe bi Zieger",Magdeburg,x,E 006 Handbibliothek Dialektologie,Rechts das hinterste,1. von oben,,1921-2080,
1648,"Göschel, Joachim & Veith, Werner H. (Hrsg.)",1974,Zeitschrift für Dialektologie und Linguistik 1974/Heft 1,Wiesbaden,FSU Jena Sektion Sprachwissenschaft Fachbereich Thür. Wörterbuch,E 006 Handbibliothek Dialektologie,Rechts das hinterste,2. von oben,,128,ZDL 41. JG der Zeitschrift für Mundartforschung
1649,"Göschel, Joachim & Veith, Werner H. (Hrsg.)",1974,Zeitschrift für Dialektologie und Linguistik 1974/Heft 2,Wiesbaden,FSU Jena Sektion Sprachwissenschaft Fachbereich Thür. Wörterbuch,E 006 Handbibliothek Dialektologie,Rechts das hinterste,2. von oben,,129-256,ZDL 41. JG der Zeitschrift für Mundartforschung
1650,"Göschel, Joachim & Veith, Werner H. (Hrsg.)",1974,Zeitschrift für Dialektologie und Linguistik 1974/Heft 3,Wiesbaden,FSU Jena Sektion Sprachwissenschaft Fachbereich Thür. Wörterbuch,E 006 Handbibliothek Dialektologie,Rechts das hinterste,2. von oben,,257-380,ZDL 41. JG der Zeitschrift für Mundartforschung
1651,"Göschel, Joachim & Veith, Werner H. (Hrsg.)",1975,Zeitschrift für Dialektologie und Linguistik 1975/Heft 1,Wiesbaden,FSU Jena Sektion Sprachwissenschaft Fachbereich Thür. Wörterbuch,E 006 Handbibliothek Dialektologie,Rechts das hinterste,2. von oben,,128,ZDL 42. JG der Zeitschrift für Mundartforschung
1652,"Göschel, Joachim & Veith, Werner H. (Hrsg.)",1975,Zeitschrift für Dialektologie und Linguistik 1975/Heft 2,Wiesbaden,FSU Jena Sektion Sprachwissenschaft Fachbereich Thür. Wörterbuch,E 006 Handbibliothek Dialektologie,Rechts das hinterste,2. von oben,,129-256,ZDL 42. JG der Zeitschrift für Mundartforschung
1653,"Göschel, Joachim & Veith, Werner H. (Hrsg.)",1975,Zeitschrift für Dialektologie und Linguistik 1975/Heft 3,Wiesbaden,FSU Jena Sektion Sprachwissenschaft Fachbereich Thür. Wörterbuch,E 006 Handbibliothek Dialektologie,Rechts das hinterste,2. von oben,,257-380,ZDL 42. JG der Zeitschrift für Mundartforschung
1654,"Göschel, Joachim & Veith, Werner H. (Hrsg.)",1976,Zeitschrift für Dialektologie und Linguistik 1976/Heft 1,Wiesbaden,FSU Jena Sektion Sprachwissenschaft Fachbereich Thür. Wörterbuch,E 006 Handbibliothek Dialektologie,Rechts das hinterste,2. von oben,,128,ZDL 43. JG der Zeitschrift für Mundartforschung
1655,"Göschel, Joachim & Veith, Werner H. (Hrsg.)",1976,Zeitschrift für Dialektologie und Linguistik 1976/Heft 2,Wiesbaden,FSU Jena Sektion Sprachwissenschaft Fachbereich Thür. Wörterbuch,E 006 Handbibliothek Dialektologie,Rechts das hinterste,2. von oben,,129-256,ZDL 43. JG der Zeitschrift für Mundartforschung
1656,"Göschel, Joachim & Veith, Werner H. (Hrsg.)",1976,Zeitschrift für Dialektologie und Linguistik 1976/Heft 3,Wiesbaden,FSU Jena Sektion Sprachwissenschaft Fachbereich Thür. Wörterbuch,E 006 Handbibliothek Dialektologie,Rechts das hinterste,2. von oben,,257-380,ZDL 43. JG der Zeitschrift für Mundartforschung
1657,"Göschel, Joachim & Veith, Werner H. (Hrsg.)",1977,Zeitschrift für Dialektologie und Linguistik 1977/Heft 1,Wiesbaden,FSU Jena Sektion Sprachwissenschaft Fachbereich Thür. Wörterbuch,E 006 Handbibliothek Dialektologie,Rechts das hinterste,2. von oben,,128,ZDL 44. JG der Zeitschrift für Mundartforschung
1658,"Göschel, Joachim & Veith, Werner H. (Hrsg.)",1977,Zeitschrift für Dialektologie und Linguistik 1977/Heft 2,Wiesbaden,FSU Jena Sektion Sprachwissenschaft Fachbereich Thür. Wörterbuch,E 006 Handbibliothek Dialektologie,Rechts das hinterste,2. von oben,,129-256,ZDL 44. JG der Zeitschrift für Mundartforschung
1659,"Göschel, Joachim & Veith, Werner H. (Hrsg.)",1977,Zeitschrift für Dialektologie und Linguistik 1977/Heft 3,Wiesbaden,FSU Jena Sektion Sprachwissenschaft Fachbereich Thür. Wörterbuch,E 006 Handbibliothek Dialektologie,Rechts das hinterste,2. von oben,,257-380,ZDL 44. JG der Zeitschrift für Mundartforschung
1660,"Göschel, Joachim & Veith, Werner H. (Hrsg.)",1978,Zeitschrift für Dialektologie und Linguistik 1978/Heft 1,Wiesbaden,FSU Jena Sektion Sprachwissenschaft Fachbereich Thür. Wörterbuch,E 006 Handbibliothek Dialektologie,Rechts das hinterste,2. von oben,,128,ZDL 45. JG der Zeitschrift für Mundartforschung
1661,"Göschel, Joachim & Veith, Werner H. (Hrsg.)",1978,Zeitschrift für Dialektologie und Linguistik 1978/Heft 2,Wiesbaden,FSU Jena Sektion Sprachwissenschaft Fachbereich Thür. Wörterbuch,E 006 Handbibliothek Dialektologie,Rechts das hinterste,2. von oben,,129-256,ZDL 45. JG der Zeitschrift für Mundartforschung
1662,"Göschel, Joachim & Veith, Werner H. (Hrsg.)",1978,Zeitschrift für Dialektologie und Linguistik 1978/Heft 3,Wiesbaden,FSU Jena Sektion Sprachwissenschaft Fachbereich Thür. Wörterbuch,E 006 Handbibliothek Dialektologie,Rechts das hinterste,2. von oben,,257-380,ZDL 45. JG der Zeitschrift für Mundartforschung
1663,"Göschel, Joachim & Veith, Werner H. (Hrsg.)",1979,Zeitschrift für Dialektologie und Linguistik 1979/Heft 1,Wiesbaden,FSU Jena Sektion Sprachwissenschaft Fachbereich Thür. Wörterbuch,E 006 Handbibliothek Dialektologie,Rechts das hinterste,2. von oben,,128,ZDL 46. JG der Zeitschrift für Mundartforschung
1664,"Göschel, Joachim & Veith, Werner H. (Hrsg.)",1979,Zeitschrift für Dialektologie und Linguistik 1979/Heft 2,Wiesbaden,FSU Jena Sektion Sprachwissenschaft Fachbereich Thür. Wörterbuch,E 006 Handbibliothek Dialektologie,Rechts das hinterste,2. von oben,,129-256,ZDL 46. JG der Zeitschrift für Mundartforschung
1665,"Göschel, Joachim & Veith, Werner H. (Hrsg.)",1979,Zeitschrift für Dialektologie und Linguistik 1979/Heft 3,Wiesbaden,FSU Jena Sektion Sprachwissenschaft Fachbereich Thür. Wörterbuch,E 006 Handbibliothek Dialektologie,Rechts das hinterste,2. von oben,,257-380,ZDL 46. JG der Zeitschrift für Mundartforschung
1666,"Göschel, Joachim (Hrsg.)",1980,Zeitschrift für Dialektologie und Linguistik 1980/Heft 1,Wiesbaden,FSU Jena Sektion Sprachwissenschaft Fachbereich Thür. Wörterbuch,E 006 Handbibliothek Dialektologie,Rechts das hinterste,2. von oben,,144,ZDL 47. JG der Zeitschrift für Mundartforschung
1667,"Göschel, Joachim (Hrsg.)",1980,Zeitschrift für Dialektologie und Linguistik 1980/Heft 2,Wiesbaden,FSU Jena Sektion Sprachwissenschaft Fachbereich Thür. Wörterbuch,E 006 Handbibliothek Dialektologie,Rechts das hinterste,2. von oben,,145-288,ZDL 47. JG der Zeitschrift für Mundartforschung
1668,"Göschel, Joachim (Hrsg.)",1980,Zeitschrift für Dialektologie und Linguistik 1980/Heft 3,Wiesbaden,FSU Jena Sektion Sprachwissenschaft Fachbereich Thür. Wörterbuch,E 006 Handbibliothek Dialektologie,Rechts das hinterste,2. von oben,,289-426,ZDL 47. JG der Zeitschrift für Mundartforschung
1669,"Göschel, Joachim (Hrsg.)",1981,Zeitschrift für Dialektologie und Linguistik 1981/Heft 1,Wiesbaden,FSU Jena Sektion Sprachwissenschaft Fachbereich Thür. Wörterbuch,E 006 Handbibliothek Dialektologie,Rechts das hinterste,2. von oben,,144,ZDL 48. JG der Zeitschrift für Mundartforschung
1670,"Göschel, Joachim (Hrsg.)",1981,Zeitschrift für Dialektologie und Linguistik 1981/Heft 2,Wiesbaden,FSU Jena Sektion Sprachwissenschaft Fachbereich Thür. Wörterbuch,E 006 Handbibliothek Dialektologie,Rechts das hinterste,2. von oben,,145-288,ZDL 48. JG der Zeitschrift für Mundartforschung
1671,"Göschel, Joachim (Hrsg.)",1981,Zeitschrift für Dialektologie und Linguistik 1981/Heft 3,Wiesbaden,FSU Jena Sektion Sprachwissenschaft Fachbereich Thür. Wörterbuch,E 006 Handbibliothek Dialektologie,Rechts das hinterste,2. von oben,,289-426,ZDL 48. JG der Zeitschrift für Mundartforschung
1672,"Göschel, Joachim (Hrsg.)",1982,Zeitschrift für Dialektologie und Linguistik 1982/Heft 1,Wiesbaden,FSU Jena Sektion Sprachwissenschaft Fachbereich Thür. Wörterbuch,E 006 Handbibliothek Dialektologie,Rechts das hinterste,2. von oben,,144,ZDL 49. JG der Zeitschrift für Mundartforschung
1673,"Göschel, Joachim (Hrsg.)",1982,Zeitschrift für Dialektologie und Linguistik 1982/Heft 2,Wiesbaden,FSU Jena Sektion Sprachwissenschaft Fachbereich Thür. Wörterbuch,E 006 Handbibliothek Dialektologie,Rechts das hinterste,2. von oben,,145-288,ZDL 49. JG der Zeitschrift für Mundartforschung
1674,"Göschel, Joachim (Hrsg.)",1982,Zeitschrift für Dialektologie und Linguistik 1982/Heft 3,Wiesbaden,FSU Jena Sektion Sprachwissenschaft Fachbereich Thür. Wörterbuch,E 006 Handbibliothek Dialektologie,Rechts das hinterste,2. von oben,,289-426,ZDL 49. JG der Zeitschrift für Mundartforschung
1675,"Göschel, Joachim (Hrsg.)",1983,Zeitschrift für Dialektologie und Linguistik 1983/Heft 1,Wiesbaden,FSU Jena Sektion Sprachwissenschaft Fachbereich Thür. Wörterbuch,E 006 Handbibliothek Dialektologie,Rechts das hinterste,2. von oben,,144,ZDL 50. JG der Zeitschrift für Mundartforschung
1676,"Göschel, Joachim (Hrsg.)",1983,Zeitschrift für Dialektologie und Linguistik 1983/Heft 2,Wiesbaden,FSU Jena Sektion Sprachwissenschaft Fachbereich Thür. Wörterbuch,E 006 Handbibliothek Dialektologie,Rechts das hinterste,2. von oben,,145-288,ZDL 50. JG der Zeitschrift für Mundartforschung
1677,"Göschel, Joachim (Hrsg.)",1983,Zeitschrift für Dialektologie und Linguistik 1983/Heft 3,Wiesbaden,FSU Jena Sektion Sprachwissenschaft Fachbereich Thür. Wörterbuch,E 006 Handbibliothek Dialektologie,Rechts das hinterste,2. von oben,,289-426,ZDL 50. JG der Zeitschrift für Mundartforschung
1678,"Göschel, Joachim (Hrsg.)",1984,Zeitschrift für Dialektologie und Linguistik 1984/Heft 1,Wiesbaden,FSU Jena Sektion Sprachwissenschaft Fachbereich Thür. Wörterbuch,E 006 Handbibliothek Dialektologie,Rechts das hinterste,2. von oben,,144,ZDL 51. JG der Zeitschrift für Mundartforschung
1679,"Göschel, Joachim (Hrsg.)",1984,Zeitschrift für Dialektologie und Linguistik 1984/Heft 2,Wiesbaden,FSU Jena Sektion Sprachwissenschaft Fachbereich Thür. Wörterbuch,E 006 Handbibliothek Dialektologie,Rechts das hinterste,2. von oben,,145-288,ZDL 51. JG der Zeitschrift für Mundartforschung
1680,"Göschel, Joachim (Hrsg.)",1984,Zeitschrift für Dialektologie und Linguistik 1984/Heft 3,Wiesbaden,FSU Jena Sektion Sprachwissenschaft Fachbereich Thür. Wörterbuch,E 006 Handbibliothek Dialektologie,Rechts das hinterste,2. von oben,,289-426,ZDL 51. JG der Zeitschrift für Mundartforschung
1681,"Göschel, Joachim (Hrsg.)",1985,Zeitschrift für Dialektologie und Linguistik 1985/Heft 1,Wiesbaden,FSU Jena Sektion Sprachwissenschaft Fachbereich Thür. Wörterbuch,E 006 Handbibliothek Dialektologie,Rechts das hinterste,2. von oben,,144,ZDL 52. JG der Zeitschrift für Mundartforschung
1682,"Göschel, Joachim (Hrsg.)",1985,Zeitschrift für Dialektologie und Linguistik 1985/Heft 2,Wiesbaden,FSU Jena Sektion Sprachwissenschaft Fachbereich Thür. Wörterbuch,E 006 Handbibliothek Dialektologie,Rechts das hinterste,2. von oben,,145-288,ZDL 52. JG der Zeitschrift für Mundartforschung
1683,"Göschel, Joachim (Hrsg.)",1985,Zeitschrift für Dialektologie und Linguistik 1985/Heft 3,Wiesbaden,FSU Jena Sektion Sprachwissenschaft Fachbereich Thür. Wörterbuch,E 006 Handbibliothek Dialektologie,Rechts das hinterste,2. von oben,,289-426,ZDL 52. JG der Zeitschrift für Mundartforschung
1684,"Göschel, Joachim (Hrsg.)",1986,Zeitschrift für Dialektologie und Linguistik 1986/Heft 1,Wiesbaden,FSU Jena Sektion Sprachwissenschaft Fachbereich Thür. Wörterbuch,E 006 Handbibliothek Dialektologie,Rechts das hinterste,2. von oben,,144,ZDL 53. JG der Zeitschrift für Mundartforschung
1685,"Göschel, Joachim (Hrsg.)",1986,Zeitschrift für Dialektologie und Linguistik 1986/Heft 2,Wiesbaden,FSU Jena Sektion Sprachwissenschaft Fachbereich Thür. Wörterbuch,E 006 Handbibliothek Dialektologie,Rechts das hinterste,2. von oben,,145-288,ZDL 53. JG der Zeitschrift für Mundartforschung
1686,"Göschel, Joachim (Hrsg.)",1986,Zeitschrift für Dialektologie und Linguistik 1986/Heft 3,Wiesbaden,FSU Jena Sektion Sprachwissenschaft Fachbereich Thür. Wörterbuch,E 006 Handbibliothek Dialektologie,Rechts das hinterste,2. von oben,,289-426,ZDL 53. JG der Zeitschrift für Mundartforschung
1687,"Göschel, Joachim (Hrsg.)",1987,Zeitschrift für Dialektologie und Linguistik 1987/Heft 1,Wiesbaden,FSU Jena Sektion Sprachwissenschaft Fachbereich Thür. Wörterbuch,E 006 Handbibliothek Dialektologie,Rechts das hinterste,2. von oben,,144,ZDL 54. JG der Zeitschrift für Mundartforschung
1688,"Göschel, Joachim (Hrsg.)",1987,Zeitschrift für Dialektologie und Linguistik 1987/Heft 2,Wiesbaden,FSU Jena Sektion Sprachwissenschaft Fachbereich Thür. Wörterbuch,E 006 Handbibliothek Dialektologie,Rechts das hinterste,2. von oben,,145-288,ZDL 54. JG der Zeitschrift für Mundartforschung
1689,"Göschel, Joachim (Hrsg.)",1987,Zeitschrift für Dialektologie und Linguistik 1987/Heft 3,Wiesbaden,FSU Jena Sektion Sprachwissenschaft Fachbereich Thür. Wörterbuch,E 006 Handbibliothek Dialektologie,Rechts das hinterste,2. von oben,,288-426,ZDL 54. JG der Zeitschrift für Mundartforschung
1690,"Göschel, Joachim (Hrsg.)",1988,Zeitschrift für Dialektologie und Linguistik 1988/Heft 1,Wiesbaden,FSU Jena Sektion Sprachwissenschaft Fachbereich Thür. Wörterbuch,E 006 Handbibliothek Dialektologie,Rechts das hinterste,2. von oben,,136,ZDL 55. JG der Zeitschrift für Mundartforschung
1691,"Göschel, Joachim (Hrsg.)",1988,Zeitschrift für Dialektologie und Linguistik 1988/Heft 2,Wiesbaden,FSU Jena Sektion Sprachwissenschaft Fachbereich Thür. Wörterbuch,E 006 Handbibliothek Dialektologie,Rechts das hinterste,2. von oben,,137-272,ZDL 55. JG der Zeitschrift für Mundartforschung
1692,"Göschel, Joachim (Hrsg.)",1988,Zeitschrift für Dialektologie und Linguistik 1988/Heft 3,Wiesbaden,FSU Jena Sektion Sprachwissenschaft Fachbereich Thür. Wörterbuch,E 006 Handbibliothek Dialektologie,Rechts das hinterste,2. von oben,,273-400,ZDL 55. JG der Zeitschrift für Mundartforschung
1693,"Göschel, Joachim (Hrsg.)",1989,Zeitschrift für Dialektologie und Linguistik 1989/Heft 1,Wiesbaden,FSU Jena Sektion Sprachwissenschaft Fachbereich Thür. Wörterbuch,E 006 Handbibliothek Dialektologie,Rechts das hinterste,2. von oben,,136,ZDL 56. JG der Zeitschrift für Mundartforschung
1694,"Göschel, Joachim (Hrsg.)",1989,Zeitschrift für Dialektologie und Linguistik 1989/Heft 2,Wiesbaden,FSU Jena Sektion Sprachwissenschaft Fachbereich Thür. Wörterbuch,E 006 Handbibliothek Dialektologie,Rechts das hinterste,2. von oben,,137-272,ZDL 56. JG der Zeitschrift für Mundartforschung
1695,"Göschel, Joachim (Hrsg.)",1989,Zeitschrift für Dialektologie und Linguistik 1989/Heft 3,Wiesbaden,FSU Jena Sektion Sprachwissenschaft Fachbereich Thür. Wörterbuch,E 006 Handbibliothek Dialektologie,Rechts das hinterste,2. von oben,,273-400,ZDL 56. JG der Zeitschrift für Mundartforschung
1696,"Göschel, Joachim (Hrsg.)",1990,Zeitschrift für Dialektologie und Linguistik 1990/Heft 1,Wiesbaden,FSU Jena Sektion Sprachwissenschaft Fachbereich Thür. Wörterbuch,E 006 Handbibliothek Dialektologie,Rechts das hinterste,2. von oben,,136,ZDL 57. JG der Zeitschrift für Mundartforschung
1697,"Göschel, Joachim (Hrsg.)",1990,Zeitschrift für Dialektologie und Linguistik 1990/Heft 2,Wiesbaden,FSU Jena Sektion Sprachwissenschaft Fachbereich Thür. Wörterbuch,E 006 Handbibliothek Dialektologie,Rechts das hinterste,2. von oben,,137-272,ZDL 57. JG der Zeitschrift für Mundartforschung
1698,"Göschel, Joachim (Hrsg.)",1990,Zeitschrift für Dialektologie und Linguistik 1990/Heft 3,Stuttgart,FSU Jena Sektion Sprachwissenschaft Fachbereich Thür. Wörterbuch,E 006 Handbibliothek Dialektologie,Rechts das hinterste,2. von oben,,273-400,ZDL 57. JG der Zeitschrift für Mundartforschung
1699,"Göschel, Joachim (Hrsg.)",1991,Zeitschrift für Dialektologie und Linguistik 1991/Heft 1,Stuttgart,FSU Jena Philosopische Fakultät Institut für Germanistische Sprachwissenschaft FG Deutsche Dialektologie / Soziolinguistik Arbeitsstelle Thüringisches Wörterbuch,E 006 Handbibliothek Dialektologie,Rechts das hinterste,2. von oben,,128,ZDL 58. JG der Zeitschrift für Mundartforschung
1700,"Göschel, Joachim (Hrsg.)",1991,Zeitschrift für Dialektologie und Linguistik 1991/Heft 2,Stuttgart,FSU Jena Philosopische Fakultät Institut für Germanistische Sprachwissenschaft FG Deutsche Dialektologie / Soziolinguistik Arbeitsstelle Thüringisches Wörterbuch,E 006 Handbibliothek Dialektologie,Rechts das hinterste,2. von oben,,131-256,ZDL 58. JG der Zeitschrift für Mundartforschung
1701,"Göschel, Joachim (Hrsg.)",2000,Zeitschrift für Dialektologie und Linguistik 2000/Heft 3,Stuttgart,x,E 006 Handbibliothek Dialektologie,Rechts das hinterste,2. von oben,,258-376,ZDL 67. JG der Zeitschrift für Mundartforschung
1702,Stadt Jena,1997,Jena Information 30 Jahre. Veranstaltungen. Kulturelles. Freizeittips April 1997,Jena,x,E 006 Handbibliothek Dialektologie,Rechts das hinterste,2. von oben,,58,
1703,Stadt Jena,1997,Jena Information 30 Jahre. Veranstaltungen. Kulturelles. Freizeittips Mai 1997,Jena,x,E 006 Handbibliothek Dialektologie,Rechts das hinterste,2. von oben,,58,
1704,Stadt Jena,1997,Jena Information. Veranstaltungen. Kulturelles. Freizeittips Juni 1997,Jena,x,E 006 Handbibliothek Dialektologie,Rechts das hinterste,2. von oben,,58,
1705,Stadt Jena,1997,Jena Information. Veranstaltungen. Kulturelles. Freizeittips Juli 1997,Jena,x,E 006 Handbibliothek Dialektologie,Rechts das hinterste,2. von oben,,58,
1706,Stadt Jena,1997,Jena Information. Veranstaltungen. Kulturelles. Freizeittips September 1997,Jena,x,E 006 Handbibliothek Dialektologie,Rechts das hinterste,2. von oben,,58,
1707,Stadt Jena,1997,Jena Information. Veranstaltungen. Kulturelles. Freizeittips Oktober 1997,Jena,x,E 006 Handbibliothek Dialektologie,Rechts das hinterste,2. von oben,,58,
1708,Stadt Jena,1997,Jena Information. Veranstaltungen. Kulturelles. Freizeittips Dezember 1997,Jena,x,E 006 Handbibliothek Dialektologie,Rechts das hinterste,2. von oben,,58,
1709,Stadt Jena,1998,Jena Information. Veranstaltungen. Kulturelles. Freizeittips Januar 1998,Jena,x,E 006 Handbibliothek Dialektologie,Rechts das hinterste,2. von oben,,58,
1710,Stadt Jena,1998,Jena Information. Veranstaltungen. Kulturelles. Freizeittips Februar 1998,Jena,x,E 006 Handbibliothek Dialektologie,Rechts das hinterste,2. von oben,,58,
1711,Stadt Jena,1998,Jena Information. Veranstaltungen. Kulturelles. Freizeittips August 1998,Jena,x,E 006 Handbibliothek Dialektologie,Rechts das hinterste,2. von oben,,58,
1712,Stadt Jena,1999,Jena Information. Veranstaltungen. Kulturelles. Freizeittips Juni 1999,Jena,x,E 006 Handbibliothek Dialektologie,Rechts das hinterste,2. von oben,,58,
1713,Stadt Jena,1999,Jena Information. Veranstaltungen. Kulturelles. Freizeittips November 1999,Jena,x,E 006 Handbibliothek Dialektologie,Rechts das hinterste,2. von oben,,58,
1714,Stadt Jena,1999,Jena Information. Veranstaltungen. Kulturelles. Freizeittips Oktober 1999,Jena,x,E 006 Handbibliothek Dialektologie,Rechts das hinterste,2. von oben,,58,
1715,"Kindel, Matthias",1995,Kreisrundschau des Saale-Holzland-Kreises. Heimatgeschichte. Öffnungszeiten. Veranstaltungen November 1995,Jena,x,E 006 Handbibliothek Dialektologie,Rechts das hinterste,2. von oben,,34,
1716,"Kindel, Matthias",1996,Kreisrundschau des Saale-Holzland-Kreises. Heimatgeschichte. Öffnungszeiten. Veranstaltungen Januar/Februar 1996,Jena,x,E 006 Handbibliothek Dialektologie,Rechts das hinterste,2. von oben,,34,
1717,"Kindel, Matthias",1996,Kreisrundschau des Saale-Holzland-Kreises. Heimatgeschichte. Öffnungszeiten. Veranstaltungen März 1996,Jena,x,E 006 Handbibliothek Dialektologie,Rechts das hinterste,2. von oben,,34,
1718,"Kindel, Matthias",1996,Kreisrundschau des Saale-Holzland-Kreises. Heimatgeschichte. Öffnungszeiten. Veranstaltungen April 1996,Jena,x,E 006 Handbibliothek Dialektologie,Rechts das hinterste,2. von oben,,34,
1719,"Kindel, Matthias",1996,Kreisrundschau des Saale-Holzland-Kreises. Heimatgeschichte. Öffnungszeiten. Veranstaltungen September 1996,Jena,x,E 006 Handbibliothek Dialektologie,Rechts das hinterste,2. von oben,,34,
1720,"Kindel, Matthias",1996,Kreisrundschau des Saale-Holzland-Kreises. Heimatgeschichte. Öffnungszeiten. Veranstaltungen Oktober 1996,Jena,x,E 006 Handbibliothek Dialektologie,Rechts das hinterste,2. von oben,,34,
1721,"Kindel, Matthias",1996,Kreisrundschau des Saale-Holzland-Kreises. Heimatgeschichte. Öffnungszeiten. Veranstaltungen November 1996,Jena,x,E 006 Handbibliothek Dialektologie,Rechts das hinterste,2. von oben,,34,
1722,"Kindel, Matthias",1996,Kreisrundschau des Saale-Holzland-Kreises. Heimatgeschichte. Öffnungszeiten. Veranstaltungen Dezember 1996,Jena,x,E 006 Handbibliothek Dialektologie,Rechts das hinterste,2. von oben,,34,
1723,"Kindel, Matthias",1997,Kreisrundschau des Saale-Holzland-Kreises. Heimatgeschichte. Öffnungszeiten. Veranstaltungen Januar/Februar 1997,Jena,x,E 006 Handbibliothek Dialektologie,Rechts das hinterste,2. von oben,,34,
1724,"Kindel, Matthias",1997,Kreisrundschau des Saale-Holzland-Kreises. Heimatgeschichte. Öffnungszeiten. Veranstaltungen März 1997,Jena,x,E 006 Handbibliothek Dialektologie,Rechts das hinterste,2. von oben,,34,
1725,"Kindel, Matthias",1997,Kreisrundschau des Saale-Holzland-Kreises. Heimatgeschichte. Öffnungszeiten. Veranstaltungen März 1997,Jena,x,E 006 Handbibliothek Dialektologie,Rechts das hinterste,2. von oben,,27,
1726,"Kindel, Matthias",1997,Kreisrundschau des Saale-Holzland-Kreises. Heimatgeschichte. Öffnungszeiten. Veranstaltungen Mai 1997,Jena,x,E 006 Handbibliothek Dialektologie,Rechts das hinterste,2. von oben,,23,
1727,Landratsamt,1992,Landkreis Jena,Jena,x,E 006 Handbibliothek Dialektologie,Rechts das hinterste,2. von oben,,18,
1728,Stadtwirtschaft Jena,2000,Jena Saale-Holzland Information. Veranstaltungen. Kulturelles. Freizeittips 05/2000,Jena,x,E 006 Handbibliothek Dialektologie,Rechts das hinterste,2. von oben,,58,Stadt- und Regionalmagazin 05/2000
1729,Stadtwirtschaft Jena,2000,Jena Saale-Holzland Information. Veranstaltungen. Kulturelles. Freizeittips 06/2000,Jena,x,E 006 Handbibliothek Dialektologie,Rechts das hinterste,2. von oben,,58,Stadt- und Regionalmagazin 06/2000
1730,Stadtwirtschaft Jena,2000,Jena Saale-Holzland Information. Veranstaltungen. Kulturelles. Freizeittips 08/2000,Jena,x,E 006 Handbibliothek Dialektologie,Rechts das hinterste,2. von oben,,54,Stadt- und Regionalmagazin 08/2000
1731,Satzstudio Sommer GmbH Jena,2000,Das Jena Saale-Holzland Magazin 12/2000,Jena,x,E 006 Handbibliothek Dialektologie,Rechts das hinterste,2. von oben,,58,
1732,Satzstudio Sommer GmbH Jena,2002,Das Jena Saale-Holzland Magazin 08/2002,Jena,x,E 006 Handbibliothek Dialektologie,Rechts das hinterste,2. von oben,,46,
1733,Arbeitsstelle Göttingen des Deutschen Wörterbuchs,1996,Tätigkeitsbericht Nr. 9,Göttingen,x,E 006 Handbibliothek Dialektologie,Rechts das hinterste,2. von oben,,27,
1734,Arbeitsstelle Göttingen des Deutschen Wörterbuchs,1994,Tätigkeitsbericht  ,Göttingen,x,E 006 Handbibliothek Dialektologie,Rechts das hinterste,2. von oben,,19,
1735,Arbeitsstelle Ostfränkisches Wörterbuch,1994,Jahresgabe des ostfränkischen Wörterbuches für 1994,x,x,E 006 Handbibliothek Dialektologie,Rechts das hinterste,2. von oben,,10,
1736,Arbeitsstelle Ostfränkisches Wörterbuch,1995,Jahresgabe des ostfränkischen Wörterbuches für 1995,x,x,E 006 Handbibliothek Dialektologie,Rechts das hinterste,2. von oben,,12,
1737,Schweizerdeutsches Wörterbuch,1994,Bericht über das Jahr 1994,x,x,E 006 Handbibliothek Dialektologie,Rechts das hinterste,2. von oben,,23,
1738,Niedersächsisches Wörterbuch,1994,Berichte und Mitteilungen aus der Arbeitsstelle,Göttingen,x,E 006 Handbibliothek Dialektologie,Rechts das hinterste,2. von oben,,71,
1739,Schweizerdeutsches Wörterbuch,1974,Bericht über das Jahr 1974,Zürich,x,E 006 Handbibliothek Dialektologie,Rechts das hinterste,2. von oben,,32,
1740,Arbeitsstelle Ostfränkisches Wörterbuch,1996,Jahresgabe des Ostfränkischen Wörterbuchs für 1996,x,x,E 006 Handbibliothek Dialektologie,Rechts das hinterste,2. von oben,,11,
1741,Schweizerdeutsches Wörterbuch,1989,Bericht über das Jahr 1989,Zürich,x,E 006 Handbibliothek Dialektologie,Rechts das hinterste,2. von oben,,22,
1742,Schweizerdeutsches Wörterbuch,1991,Bericht über das Jahr 1991,Zürich,x,E 006 Handbibliothek Dialektologie,Rechts das hinterste,2. von oben,,24,
1743,Arbeitsstelle Göttingen des Deutschen Wörterbuchs,1994,Neubearbeitung des Deutschen Wörterbuches von Jacob und Wilhelm Grimm. Tätigkeitsbericht der Arbeitsstelle Göttingen,Göttingen,x,E 006 Handbibliothek Dialektologie,Rechts das hinterste,2. von oben,,24,
1744,Schweizerdeutsches Wörterbuch,1996,Bericht über das Jahr 1996,Zürich,x,E 006 Handbibliothek Dialektologie,Rechts das hinterste,2. von oben,,32,
1745,Schweizerdeutsches Wörterbuch,1997,Bericht über das Jahr 1997,Zürich,x,E 006 Handbibliothek Dialektologie,Rechts das hinterste,2. von oben,,32,
1746,Schweizerdeutsches Wörterbuch,1998,Bericht über das Jahr 1998,Zürich,x,E 006 Handbibliothek Dialektologie,Rechts das hinterste,2. von oben,,32,
1747,Schweizerdeutsches Wörterbuch,2004,Bericht über das Jahr 2004,Zürich,x,E 006 Handbibliothek Dialektologie,Rechts das hinterste,2. von oben,,25,
1748,Schweizerdeutsches Wörterbuch,2004,Bericht über das Jahr 2004,Zürich,x,E 006 Handbibliothek Dialektologie,Rechts das hinterste,2. von oben,,25,
1749,Schweizerdeutsches Wörterbuch,2003,Bericht über das Jahr 2003,Zürich,x,E 006 Handbibliothek Dialektologie,Rechts das hinterste,2. von oben,,40,
1750,Schweizerdeutsches Wörterbuch,2003,Bericht über das Jahr 2003,Zürich,x,E 006 Handbibliothek Dialektologie,Rechts das hinterste,2. von oben,,40,
1751,Schweizerdeutsches Wörterbuch,2002,Bericht über das Jahr 2002,Zürich,x,E 006 Handbibliothek Dialektologie,Rechts das hinterste,2. von oben,,27,
1752,Schweizerdeutsches Wörterbuch,2002,Bericht über das Jahr 2002,Zürich,x,E 006 Handbibliothek Dialektologie,Rechts das hinterste,2. von oben,,27,
1753,Schweizerdeutsches Wörterbuch,2002,Bericht über das Jahr 2002,Zürich,x,E 006 Handbibliothek Dialektologie,Rechts das hinterste,2. von oben,,27,
1754,Schweizerdeutsches Wörterbuch,2001,Bericht über das Jahr 2001,Zürich,x,E 006 Handbibliothek Dialektologie,Rechts das hinterste,2. von oben,,24,
1755,Schweizerdeutsches Wörterbuch,2000,Bericht über das Jahr 2000,Zürich,x,E 006 Handbibliothek Dialektologie,Rechts das hinterste,2. von oben,,36,
1756,Sächsische Akademie der Wissenschaften zu Leipzig,2001,Arbeitsblätter der vorhabenbezogenen Kommission für die Mundartwörterbücher,Leipzig,x,E 006 Handbibliothek Dialektologie,Rechts das hinterste,2. von oben,,22,
1757,Niedersächsisches Wörterbuch,1990,Berichte und Mitteilungen aus der Arbeitsstelle,Göttingen,x,E 006 Handbibliothek Dialektologie,Rechts das hinterste,2. von oben,,63,
1758,Niedersächsisches Wörterbuch,1998,Berichte und Mitteilungen aus der Arbeitsstelle,Göttingen,x,E 006 Handbibliothek Dialektologie,Rechts das hinterste,2. von oben,,61,
1759,"Stellmacher, Dieter",2000,Niedersächsisches Wörterbuch. Berichte und Mitteilungen aus der Arbeitsstelle,Göttingen,x,E 006 Handbibliothek Dialektologie,Rechts das hinterste,2. von oben,,67,
1760,"Stellmacher, Dieter",2002,Niedersächsisches Wörterbuch. Berichte und Mitteilungen aus der Arbeitsstelle,Göttingen,x,E 006 Handbibliothek Dialektologie,Rechts das hinterste,2. von oben,,87,
1761,Ostfränkisches Wörterbuch,2000,Jahresgabe des Ostfränkischen Wörterbuchs für 2000,x,x,E 006 Handbibliothek Dialektologie,Rechts das hinterste,2. von oben,,7,
1762,Arbeitsstelle Göttingen des Deutschen Wörterbuchs,2000,Tätigkeitsbericht Nr. 12,Göttingen,x,E 006 Handbibliothek Dialektologie,Rechts das hinterste,2. von oben,,43,
1763,Bayerisches Wörterbuch,2002,Ereignisreiches Jahr 2002,x,x,E 006 Handbibliothek Dialektologie,Rechts das hinterste,2. von oben,,3,
1764,"Liliencron, R. v.",1859,Düringische Chronik des Johann Rothe,Jena,Institut für Mundartforschung,E 006 Handbibliothek Dialektologie,Rechts das hinterste,3. von oben,,734,Thüringische Geschichtsquellen. Dritter Band
1765,"Anemüller, Ernst",1905,Urkundenbuch des Klosters Paulinzelle. 1068-1534.,Jena,Institut für Mundartforschung,E 006 Handbibliothek Dialektologie,Rechts das hinterste,3. von oben,,581,Thüringische Geschichtsquellen. Neue Folge. Vierter Band. Der ganzen Folge Siebenter Band.
1766,"Burkhardt, C. A. H.",1883,Urkundenbuch der Stadt Arnstadt 704-1495,Jena,Institut für Mundartforschung,E 006 Handbibliothek Dialektologie,Rechts das hinterste,3. von oben,,503,Thüringische Geschichtsquellen. Neue Folge. Erster Band. Der ganzen Folge Vierter Band
1767,"Schmidt, Berthold",1885,"Urkundenbuch der Vögte von Weida, Gera und Plauen sowie ihrer Hausklöster Mildenfurth, Cronschwitz, Weida und z.h. Kreuz bei Saalburg. Erster Band. 1122-1356",Jena,Institut für Mundartforschung,E 006 Handbibliothek Dialektologie,Rechts das hinterste,3. von oben,,630,Thüringische Geschichtsquellen. Neue Folge. Zweiter Band. Der ganzen Folge Fünfter Band.
1768,"Schmidt, Berthold",1892,"Urkundenbuch der Vögte von Weida, Gera und Plauen sowie ihrer Hausklöster Mildenfurth, Cronschwitz, Weida und z.h. Kreuz bei Saalburg. Zweiter Band. 1357-1427",Jena,Institut für Mundartforschung,E 006 Handbibliothek Dialektologie,Rechts das hinterste,3. von oben,,736,Thüringische Geschichtsquellen. Neue Folge. Zweiter Band. Der ganzen Folge Fünfter Band.
1769,"Lampe, Karl",1936,Urkundenbuch der Deutschordensballei Thüringen Erster Band,Jena,Institut für Mundartforschung,E 006 Handbibliothek Dialektologie,Rechts das hinterste,3. von oben,,808,Thüringische Geschichtsquellen. Neue Folge. Siebenter Band. Der ganzen Folge Zehnter Band
1770,"von Strenge, Karl Friedrich und Devrient, Ernst",1909,"Die Stadtrechte von Eisenach, Gotha und Waltershausen",Jena,Institut für Mundartforschung,E 006 Handbibliothek Dialektologie,Rechts das hinterste,3. von oben,,442,Thüringische Geschichtsquellen. Neue Folge. Sechster Band. Der ganzen Folge Neunter Band.
1771,"Martin, J. E. A.",1888,Urkundenbuch der Stadt Jena und ihrer geistlichen Anstalten. Erster Band 1182- 1405,Jena,Institut für Mundartforschung,E 006 Handbibliothek Dialektologie,Rechts das hinterste,3. von oben,,649,Thüringische Geschichtsquellen. Neue Folge. Dritter Band. Der ganzen Folge Sechster Band. Erster Theil.
1772,"Martin, J. E. A.",1903,Urkundenbuch der Stadt Jena und ihrer geistlichen Anstalten. Zweiter Band. 1406-1525,Jena,Institut für Mundartforschung,E 006 Handbibliothek Dialektologie,Rechts das hinterste,3. von oben,,608,Thüringische Geschichtsquellen. Neue Folge. Dritter Band. Zweiter Theil.
1773,Devrient. Ernst,1936,Urkundenbuch der Stadt Jena und ihrer geistlichen Anstalten Dritter Band,Jena,Institut für Mundartforschung,E 006 Handbibliothek Dialektologie,Rechts das hinterste,3. von oben,,418,Thüringische Geschichtsquellen. Neue Folge Dritter Band. Der ganzen Folge Sechster Band. Dritter Teil
1774,"Patze, Hans",1955,Altenburger Urkundenbuch 976-1350,Jena,Institut für Mundartforschung,E 006 Handbibliothek Dialektologie,Rechts das hinterste,3. von oben,,640,"Veröffentlichungen der thüringischen historischen Kommission im Auftrage der Kommission, herausgegeben von Willy Flach Band V"
1775,Dr. Mendner,1917,Burgker Urkundenbuch. Urkunden und Urkundenauszüge der Herrschaft Burgk bis zu ihrer Angliederung an das Haus Reuß-Greiz 1596/1616,Plauen,Institut für Mundartforschung,E 006 Handbibliothek Dialektologie,Rechts das hinterste,3. von oben,,108,
1776,"Wegele, Franz",1854,Annales Reinhardsbrunnenses,Jena,Institut für Mundartforschung,E 006 Handbibliothek Dialektologie,Rechts das hinterste,3. von oben,,319,Thüringische Geschichtsquellen. Erster Band. Annales Reinhardsbrunnenses. Namens des Vereines für thüringische Geschichte und Alterthumskunde
1777,"Küther, Waldemar",1961,Urkundenbuch des Klosters Frauensee 1202-1540,"Köln, Graz",Institut für Mundartforschung,E 006 Handbibliothek Dialektologie,Rechts das hinterste,3. von oben,,612,"Mitteldeutsche Forschungen. Herausgegeben von Reinhold Olesch, Walter Schlesinger, Ludwig Erich Schmitt. 20"
1778,"Bierbach, Arthur",1930,"Urkundenbuch der Stadt Halle, ihrer Stifter und Klöster Teil 1 (806-1300)",Magdeburg,Institut für Mundartforschung,E 006 Handbibliothek Dialektologie,Rechts das hinterste,3. von oben,,424,Geschichtsquellen der Provinz Sachsen und des Freistaates Anhalt. Herausgegeben von der Historischen Kommission für die Provinz Sachsen und für Anhalt. Neue Reihe. Band 10
1779,"Bierbach, Arthur",1939,"Urkundenbuch der Stadt Halle, ihrer Stifter und Klöster Teil 2 (1301-1350)",Magdeburg,Institut für Mundartforschung,E 006 Handbibliothek Dialektologie,Rechts das hinterste,3. von oben,,757,Geschichtsquellen der Provinz Sachsen und des Freistaates Anhalt. Herausgegeben von der Historischen Kommission für die Provinz Sachsen und für Anhalt. Neue Reihe. Band 20
1780,"Freckmann, Johannes",1929,Historia collegii Heiligenstadiani Teil 1 (1574-1685),Magdeburg,Institut für Mundartforschung,E 006 Handbibliothek Dialektologie,Rechts das hinterste,3. von oben,,358,Geschichtsquellen der Provinz Sachsen und des Freistaates Anhalt. Herausgegeben von der Historischen Kommission für die Provinz Sachsen und für Anhalt. Neue Reihe. Band 8
1781,"Bierbach, Arthur",1939,"Urkundenbuch der Stadt Halle, ihrer Stifter und Klöster Teil 2 (1301-1350)",Magdeburg,DAW Institut für deutsche Sprache und Literatur. Institutsbibliothek,E 006 Handbibliothek Dialektologie,Rechts das hinterste,3. von oben,,757,Geschichtsquellen der Provinz Sachsen und des Freistaates Anhalt. Herausgegeben von der Historischen Kommission für die Provinz Sachsen und für Anhalt. Neue Reihe. Band 20
1782,"Overmann, Alfred",1934,Urkundenbuch der Erfurter Stifter und Klöster Teil 3 Die Urkunden des Augustiner-Eremitenklosters (1331-1565),Magdeburg,DAW Institut für deutsche Sprache und Literatur. Institutsbibliothek,E 006 Handbibliothek Dialektologie,Rechts das hinterste,3. von oben,,549,Geschichtsquellen der Provinz Sachsen und des Freistaates Anhalt. Herausgegeben von der Historischen Kommission für die Provinz Sachsen und für Anhalt. Neue Reihe. Band 16
1783,"Overmann, Alfred",1929,Urkundenbuch der Erfurter Stifter und Klöster Teil 2 Die Urkunden der Stifter St. Marien und St. Severi (1331-1400),Magdeburg,DAW Institut für deutsche Sprache und Literatur. Institutsbibliothek,E 006 Handbibliothek Dialektologie,Rechts das hinterste,3. von oben,,686,Geschichtsquellen der Provinz Sachsen und des Freistaates Anhalt. Herausgegeben von der Historischen Kommission für die Provinz Sachsen und für Anhalt. Neue Reihe. Band 7
1784,"Meynen, E.",1941,Deutsches Archiv für Landes- und Volksforschung V. Jahrgang Heft 2,Leipzig,FSU Jena Sektion Sprachwissenschaft Fachbereich Deutsch Mundartforschung,E 006 Handbibliothek Dialektologie,Rechts das hinterste,4. von oben,,200-405,
1785,"Meynen, E.",1941,Deutsches Archiv für Landes- und Volksforschung V. Jahrgang Heft 1,Leipzig,FSU Jena Sektion Sprachwissenschaft Fachbereich Deutsch Mundartforschung,E 006 Handbibliothek Dialektologie,Rechts das hinterste,4. von oben,,198,
1786,"Meynen, E.",1940,Deutsches Archiv für Landes- und Volksforschung IV. Jahrgang Heft 2,Leipzig,FSU Jena Sektion Sprachwissenschaft Fachbereich Deutsch Mundartforschung,E 006 Handbibliothek Dialektologie,Rechts das hinterste,4. von oben,,186-376,
1787,"Meynen, E.",1940,Deutsches Archiv für Landes- und Volksforschung IV. Jahrgang Heft 1,Leipzig,FSU Jena Sektion Sprachwissenschaft Fachbereich Deutsch Mundartforschung,E 006 Handbibliothek Dialektologie,Rechts das hinterste,4. von oben,,184,
1788,"Meynen, E.",1939,Deutsches Archiv für Landes- und Volksforschung III. Jahrgang Heft 3/4,Leipzig,FSU Jena Sektion Sprachwissenschaft Fachbereich Deutsch Mundartforschung,E 006 Handbibliothek Dialektologie,Rechts das hinterste,4. von oben,,490-747,
1789,"Meynen, E.",1939,Deutsches Archiv für Landes- und Volksforschung III. Jahrgang Heft 2,Leipzig,FSU Jena Sektion Sprachwissenschaft Fachbereich Deutsch Mundartforschung,E 006 Handbibliothek Dialektologie,Rechts das hinterste,4. von oben,,254-488,
1790,"Meynen, E.",1937,Deutsches Archiv für Landes- und Volksforschung I. Jahrgang Heft 4,Leipzig,FSU Jena Sektion Sprachwissenschaft Fachbereich Deutsch Mundartforschung,E 006 Handbibliothek Dialektologie,Rechts das hinterste,4. von oben,,794-1060,
1791,"Meynen, E.",1942,Deutsches Archiv für Landes- und Volksforschung VI. Jahrgang Heft 1/2,Leipzig,FSU Jena Sektion Sprachwissenschaft Fachbereich Deutsch Mundartforschung,E 006 Handbibliothek Dialektologie,Rechts das hinterste,4. von oben,,240,
1792,"Meynen, E.",1943,Deutsches Archiv für Landes- und Volksforschung VII. Jahrgang Heft 3,Leipzig,FSU Jena Sektion Sprachwissenschaft Fachbereich Deutsch Mundartforschung,E 006 Handbibliothek Dialektologie,Rechts das hinterste,4. von oben,,228-426,
1793,"Meynen, E.",1942,Deutsches Archiv für Landes- und Volksforschung VI. Jahrgang Heft 3,Leipzig,FSU Jena Sektion Sprachwissenschaft Fachbereich Deutsch Mundartforschung,E 006 Handbibliothek Dialektologie,Rechts das hinterste,4. von oben,,242-536,
1794,"Meynen, E.",1942,Deutsches Archiv für Landes- und Volksforschung VI. Jahrgang Heft 4,Leipzig,FSU Jena Sektion Sprachwissenschaft Fachbereich Deutsch Mundartforschung,E 006 Handbibliothek Dialektologie,Rechts das hinterste,4. von oben,,538-714,
1795,"Meynen, E.",1941,Deutsches Archiv für Landes- und Volksforschung V. Jahrgang Heft 3/4,Leipzig,FSU Jena Sektion Sprachwissenschaft Fachbereich Deutsch Mundartforschung,E 006 Handbibliothek Dialektologie,Rechts das hinterste,4. von oben,,408-686,
1796,"Meynen, E.",1939,Deutsches Archiv für Landes- und Volksforschung III. Jahrgang Heft 1,Leipzig,FSU Jena Sektion Sprachwissenschaft Fachbereich Deutsch Mundartforschung,E 006 Handbibliothek Dialektologie,Rechts das hinterste,4. von oben,,252,
1797,"Meynen, E.",1940,Deutsches Archiv für Landes- und Volksforschung IV. Jahrgang Heft 3/4,Leipzig,FSU Jena Sektion Sprachwissenschaft Fachbereich Deutsch Mundartforschung,E 006 Handbibliothek Dialektologie,Rechts das hinterste,4. von oben,,378-695,
1798,"Meynen, E.",1943,Deutsches Archiv für Landes- und Volksforschung VII. Jahrgang Heft 1/2,Leipzig,FSU Jena Sektion Sprachwissenschaft Fachbereich Deutsch Mundartforschung,E 006 Handbibliothek Dialektologie,Rechts das hinterste,4. von oben,,226,
1799,"Meynen, E.",1937,Deutsches Archiv für Landes- und Volksforschung I. Jahrgang Heft 3,Leipzig,FSU Jena Sektion Sprachwissenschaft Fachbereich Deutsch Mundartforschung,E 006 Handbibliothek Dialektologie,Rechts das hinterste,4. von oben,,526-791,
1800,"Meynen, E.",1937,Deutsches Archiv für Landes- und Volksforschung I. Jahrgang Heft 2,Leipzig,FSU Jena Sektion Sprachwissenschaft Fachbereich Deutsch Mundartforschung,E 006 Handbibliothek Dialektologie,Rechts das hinterste,4. von oben,,258-524,
1801,"Röhr, Erich",1939,Die Volkstumskarte,Leipzig,"Landesstelle für Thüringische Mundartenforschung Jena, Universität",E 006 Handbibliothek Dialektologie,Rechts das hinterste,4. von oben,,137,Volkstumsgeographische Forschungen. In Verbindung mit dem Atlas der deutschen Volkskunde. Herausgegeben von Heinrich Harmfanz und Erich Röhr Band 1
1802,"Schier, Bruno",1939,Der Bienenstand in Mitteleuropa,Leipzig,FSU Jena Sektion Sprachwissenschaft Fachbereich Deutsch Mundartforschung,E 006 Handbibliothek Dialektologie,Rechts das hinterste,4. von oben,,98,Volkstumsgeographische Forschungen. In Verbindung mit dem Atlas der deutschen Volkskunde. Herausgegeben von Heinrich Harmfanz und Erich Röhr Band 2
1803,"Röhr, Erich und Harmjanz, Heinrich",1940,Zeitschrift für Volkskunde,Berlin-Dahlem,FSU Jena Sektion Sprachwissenschaft Fachbereich Deutsch Mundartforschung,E 006 Handbibliothek Dialektologie,Rechts das hinterste,4. von oben,,111-320,"Zeitschrift für Volkskunde 49. Jahrgang 1940. Neue Folge, Band 11"
1804,"Ronneberger, Werner",1932,Das Zisterzienser-Nonnenkloster zum Heiligen Kreuz bei Saalburg a. d. Saale,Jena,Institut für Mundartforschung,E 006 Handbibliothek Dialektologie,Rechts das hinterste,4. von oben,,324,Beiträge zur mittelalterlichen und neueren Geschichte. Herausgegeben von Friedrich Schneider Band 1
1805,"Heller, Klaus; Herberg, Dieter; Lange, Christina; Schnerrer, Rosemarie; Steffens, Doris",1988,Theoretische und praktische Probleme der Neologismenlexikographie. Überlegungen und Materialien zu einem Wörterbuch der in der Allgemeinsprache der DDR gebräuchlichen Neologismen,Berlin ,Universitätsbibliothek Jena Zweigstelle Sprachwissenschaft,E 006 Handbibliothek Dialektologie,Rechts das hinterste,4. von oben,,136,Linguistische Studien. Reihe A. Arbeitsberichte. Akademie der Wissenschaften der DDR Zentralinstitut für Sprachwissenschaft 184
1806,Zentralinstitut für Sprachwissenschaft der Akademie der wissenschaften der DDR,1980,Studien zur deutschen Sprachgeschichte des 19. Jahrhunderts. Existenzformen der Sprache,Berlin,Universitätsbibliothek Jena Zweigstelle Sprachwissenschaft,E 006 Handbibliothek Dialektologie,Rechts das hinterste,4. von oben,,251,Linguistische Studien. Reihe A. Arbeitsberichte.Akademie der wissenschaften der DDR Zentralinstitut für Sprachwissenschaft 66/I
1807,Zentralinstitut für Sprachwissenschaft der Akademie der wissenschaften der DDR,1980,Studien zur deutschen Sprachgeschichte des 19. Jahrhunderts. Existenzformen der Sprache,Berlin,J1 Universitätsbibliothek Jena Zweigstelle Sprachwissenschaft,E 006 Handbibliothek Dialektologie,Rechts das hinterste,4. von oben,,115,Linguistische Studien. Reihe A. Arbeitsberichte.Akademie der wissenschaften der DDR Zentralinstitut für Sprachwissenschaft 66/II
1808,Zentralinstitut für Sprachwissenschaft der Akademie der wissenschaften der DDR,1980,Studien zur deutschen Sprachgeschichte des 19. Jahrhunderts. Naturwissenschaftliche und technische Fachlexik,Berlin,Universitätsbibliothek Jena Zweigstelle Sprachwissenschaft,E 006 Handbibliothek Dialektologie,Rechts das hinterste,4. von oben,,255,Linguistische Studien. Reihe A. Arbeitsberichte.Akademie der wissenschaften der DDR Zentralinstitut für Sprachwissenschaft 66/III
1809,Zentralinstitut für Sprachwissenschaft der Akademie der wissenschaften der DDR,1985,Beiträge zu theoretischen und praktischen Problemen in der Lexikographie der deutschen Gegenwartssprache,Berlin,J1 Universitätsbibliothek Jena Zweigstelle Sprachwissenschaft,E 006 Handbibliothek Dialektologie,Rechts das hinterste,4. von oben,,337,Linguistische Studien. Reihe A. Arbeitsberichte.Akademie der wissenschaften der DDR Zentralinstitut für Sprachwissenschaft 122
1810,"Beneke, Jürgen",1989,Die Stadtsprache Berlins im Denken und Handeln Jugendlicher,Berlin,J1 Universitätsbibliothek Jena Zweigstelle Sprachwissenschaft,E 006 Handbibliothek Dialektologie,Rechts das hinterste,4. von oben,,137,Linguistische Studien. Reihe A. Arbeitsberichte.Akademie der wissenschaften der DDR Zentralinstitut für Sprachwissenschaft 198
1811,"Schmidt, Hartmut",1985,"Untersuchungen zu konzeptionellen Problemen der historischen Lexikographie. Bedeutungen, Definitionen, Stichwortlisten, Aussagebereich)",Berlin,Universitätsbibliothek Jena Zweigstelle Sprachwissenschaft,E 006 Handbibliothek Dialektologie,Rechts das hinterste,4. von oben,,151,Linguistische Studien. Reihe A. Arbeitsberichte.Akademie der wissenschaften der DDR Zentralinstitut für Sprachwissenschaft 134
1812,"Schildt, Joachim",1984,Luthers Sprachschaffen. Gesellschaftliche Grundlagen. Geschichtliche Wirkungen. Referate der internationalen sprachwissenschaftlichen Konferenz Eisenach 21.-25. März 1983,Berlin,J1 Universitätsbibliothek Jena Zweigstelle Sprachwissenschaft,E 006 Handbibliothek Dialektologie,Rechts das hinterste,4. von oben,,160,Linguistische Studien. Reihe A. Arbeitsberichte.Akademie der wissenschaften der DDR Zentralinstitut für Sprachwissenschaft 119/III
1813,"Schildt, Joachim",1984,Luthers Sprachschaffen. Gesellschaftliche Grundlagen. Geschichtliche Wirkungen. Referate der internationalen sprachwissenschaftlichen Konferenz Eisenach 21.-25. März 1983,Berlin,J1 Universitätsbibliothek Jena Zweigstelle Sprachwissenschaft,E 006 Handbibliothek Dialektologie,Rechts das hinterste,4. von oben,,294,Linguistische Studien. Reihe A. Arbeitsberichte.Akademie der wissenschaften der DDR Zentralinstitut für Sprachwissenschaft 119/I
1814,"Schildt, Joachim und Viehweger, D.",1983,Die Lexikographie von heute und das Wörterbuch von morgen. Analysen-Probleme-Vorschläge,Berlin,Universitätsbibliothek Jena Zweigstelle Sprachwissenschaft,E 006 Handbibliothek Dialektologie,Rechts das hinterste,4. von oben,,363,Linguistische Studien. Reihe A. Arbeitsberichte.Akademie der wissenschaften der DDR Zentralinstitut für Sprachwissenschaft 109
1815,"Schönfeld, Helmut und Donath, Joachim",1978,Sprache im sozialistischen Industriebetrieb. Untersuchungen zum Wortschatz bei sozialen Gruppen,Berlin,FSU Jena Sektion Sprachwissenschaft Fachbereich Deutsch Mundartforschung,E 006 Handbibliothek Dialektologie,Rechts das hinterste,4. von oben,,208,Sprache und Gesellschaft Band 15
1816,Akademie der Wissenschaften der DDR Zentralinstitut für Sprachwissenschaft,1977,Normen in der sprachlichen Kommunikation,Berlin,"J85 FSU Jena Philosophische Fakultät Institut für Germanistische Sprachwissenschaft Fachgruppe Deutsche Dialektologie/Soziolinguistik Arbeitsstelle ""Thüringisches Wörterbuch""",E 006 Handbibliothek Dialektologie,Rechts das hinterste,4. von oben,,289,Sprache und Gesellschaft Band 11
1817,Akademie der Wissenschaften der DDR Zentralinstitut für Sprachwissenschaft,1977,Normen in der sprachlichen Kommunikation,Berlin,J85 FSU Jena Sektion Sprachwissenschaft Wissenschaftsbereich Deutsch Abt. Mundartforschung,E 006 Handbibliothek Dialektologie,Rechts das hinterste,4. von oben,,289,Sprache und Gesellschaft Band 11
1818,"Herrmann-Winter, Renate",1979,Studien zur gesprochenen Sprache im Norden der DDR. Soziolinguistische Untersuchungen im Kreis Greifswald,Berlin,J85 FSU Jena Sektion Sprachwissenschaft Wissenschaftsbereich Deutsch Abt. Mundartforschung,E 006 Handbibliothek Dialektologie,Rechts das hinterste,4. von oben,,269,Sprache und Gesellschaft Band 14
1819,Ordner Ausland-Schriftwechsel,,,,,E 006 Handbibliothek Dialektologie,Rechts das hinterste,4. von oben,,,
1820,Deutscher Taschebuch Verlag,1992,dtv Lexikon Band 1 A-Auf,München,x,E 006 Handbibliothek Dialektologie,Rechts das zweite Regal von hinten,1. von oben,,339,
1821,Deutscher Taschebuch Verlag,1992,dtv Lexikon Band 2 Aug-Bop,München,x,E 006 Handbibliothek Dialektologie,Rechts das zweite Regal von hinten,1. von oben,,340,
1822,Deutscher Taschebuch Verlag,1992,dtv Lexikon Band 3 Bor-Cub,München,x,E 006 Handbibliothek Dialektologie,Rechts das zweite Regal von hinten,1. von oben,,331,
1823,Deutscher Taschebuch Verlag,1992,dtv Lexikon Band 4 Cuc-Eis,München,x,E 006 Handbibliothek Dialektologie,Rechts das zweite Regal von hinten,1. von oben,,339,
1824,Deutscher Taschebuch Verlag,1992,dtv Lexikon Band 5 Eit-Fle,München,x,E 006 Handbibliothek Dialektologie,Rechts das zweite Regal von hinten,1. von oben,,338,
1825,Deutscher Taschebuch Verlag,1992,dtv Lexikon Band 6 Fli-Gev,München,x,E 006 Handbibliothek Dialektologie,Rechts das zweite Regal von hinten,1. von oben,,338,
1826,Deutscher Taschebuch Verlag,1992,dtv Lexikon Band 7 Gew-Hat,München,x,E 006 Handbibliothek Dialektologie,Rechts das zweite Regal von hinten,1. von oben,,337,
1827,Deutscher Taschebuch Verlag,1992,dtv Lexikon Band 8 Hau-Irt,München,x,E 006 Handbibliothek Dialektologie,Rechts das zweite Regal von hinten,1. von oben,,337,
1828,Deutscher Taschebuch Verlag,1992,dtv Lexikon Band 9 Iru-Kle,München,x,E 006 Handbibliothek Dialektologie,Rechts das zweite Regal von hinten,1. von oben,,341,
1829,Deutscher Taschebuch Verlag,1992,dtv Lexikon Band 10 Kli-Lem,München,x,E 006 Handbibliothek Dialektologie,Rechts das zweite Regal von hinten,1. von oben,,335,
1830,Deutscher Taschebuch Verlag,1992,dtv Lexikon Band Len-Mec,München,x,E 006 Handbibliothek Dialektologie,Rechts das zweite Regal von hinten,1. von oben,,339,
1831,Deutscher Taschebuch Verlag,1992,dtv Lexikon Band 12 Med-Nen,München,x,E 006 Handbibliothek Dialektologie,Rechts das zweite Regal von hinten,1. von oben,,343,
1832,Deutscher Taschebuch Verlag,1992,dtv Lexikon Band 13 Neo-Par,München,x,E 006 Handbibliothek Dialektologie,Rechts das zweite Regal von hinten,1. von oben,,351,
1833,Deutscher Taschebuch Verlag,1992,dtv Lexikon Band 14 Pas-Qua,München,x,E 006 Handbibliothek Dialektologie,Rechts das zweite Regal von hinten,1. von oben,,342,
1834,Deutscher Taschebuch Verlag,1992,dtv Lexikon Band 15 Que-Sah,München,x,E 006 Handbibliothek Dialektologie,Rechts das zweite Regal von hinten,1. von oben,,334,
1835,Deutscher Taschebuch Verlag,1992,dtv Lexikon Band 16 Sai-Sid,München,x,E 006 Handbibliothek Dialektologie,Rechts das zweite Regal von hinten,1. von oben,,337,
1836,Deutscher Taschebuch Verlag,1992,dtv Lexikon Band 17 Sie-Suc,München,x,E 006 Handbibliothek Dialektologie,Rechts das zweite Regal von hinten,1. von oben,,343,
1837,Deutscher Taschebuch Verlag,1992,dtv Lexikon Band 18 Sud-Tur,München,x,E 006 Handbibliothek Dialektologie,Rechts das zweite Regal von hinten,1. von oben,,343,
1838,Deutscher Taschebuch Verlag,1992,dtv Lexikon Band 19 Tus-Wek,München,x,E 006 Handbibliothek Dialektologie,Rechts das zweite Regal von hinten,1. von oben,,347,
1839,Deutscher Taschebuch Verlag,1992,dtv Lexikon Band 20 Wel-Zz,München,x,E 006 Handbibliothek Dialektologie,Rechts das zweite Regal von hinten,1. von oben,,337,
1840,Duden,1993,Duden Informatik. Ein Sachlexikon für Studium und Praxis,"Mannheim, Leipzig, Wien, Zürich","Sächsische Akademie der Wissenschaften zu Leipzig, Sprachwissenschaftliche Kommission, Arbeitsstelle Thüringisches Wörterbuch",E 006 Handbibliothek Dialektologie,Rechts das zweite Regal von hinten,1. von oben,,800,
1841,Duden,1989,"Der kleine Duden. Sprachtips. Hilfen für den sprachlichen Alltag. 1500 nützliche Hinweise für die Klärung rechtschreiblicher, grammatischer und stilistischer Zweifelsfragen","Mannheim, Leipzig, Wien, Zürich",Arbeitsstelle Thüringisches Wörterbuch,E 006 Handbibliothek Dialektologie,Rechts das zweite Regal von hinten,1. von oben,,412,
1842,Landesamt für Landesvermessung und Datenverarbeitung Sachsen-Anhalt,1996,Topographische Landeskartenwerke 1997. Kartenverzeichnis mit Informationen zur Landesluftbildsammlung und zu den digital geführten Geobasisdaten,Halle (Saale),x,E 006 Handbibliothek Dialektologie,Rechts das zweite Regal von hinten,2. von oben,,63,
1843,"von Aue, Hartmann/Mettke, Heinz",1974,Der arme Heinrich,Leipzig,x,E 006 Handbibliothek Dialektologie,Rechts das zweite Regal von hinten,2. von oben,,197,
1844,"Rivinius, Ferdinand/Gemeinde Bous & Heimat- und Verkehrsverein Bous",1987,"Mein ""Pläsir"". Gedichte von Ferdinand Rivinius",Bous,Arbeitsstelle Thüringisches Wörterbuch,E 006 Handbibliothek Dialektologie,Rechts das zweite Regal von hinten,2. von oben,,209,
1845,"Wolf, Herbert",1969,Die Sprache des Johannes Mathesius,"Köln, Wien",Dr. Heinz Rosenkranz Jena,E 006 Handbibliothek Dialektologie,Rechts das zweite Regal von hinten,2. von oben,,490,"Mitteldeutsche Forschungen. Herausgegeben von Reinhold Olesch, Walter Schlesinger, Ludwig Erich Schmitt. 58"
1846,Zentralinstitut für Sprachwissenschaft   ,1991,"Zeitschrift für Phonetik, Sprachwissenschaft und Kommunikationsforschung Band 44 Heft 2",Berlin,"J85 FSU Jena Philosophische Fakultät Institut für Germanistische Sprachwissenschaft Fachgruppe Deutsche Dialektologie/Soziolinguistik Arbeitsstelle ""Thüringisches Wörterbuch""",E 006 Handbibliothek Dialektologie,Rechts das zweite Regal von hinten,2. von oben,,271,
1847,"Häusler, Frank",1968,Das Problem Phonetik und Phonologie bei Baudouin de Courtenay und in seiner Nachfolge,Halle (Saale),Institut für Mundartforschung,E 006 Handbibliothek Dialektologie,Rechts das zweite Regal von hinten,2. von oben,,161,
1848,"Lichem, Klaus",1970,Phonetik und Phonologie des heutigen Italienisch,Berlin,DAW Zentralinstitut für Sprachwissenschaft Bibliothek,E 006 Handbibliothek Dialektologie,Rechts das zweite Regal von hinten,2. von oben,,162,Sammlung Akademie-Verlag 8
1849,"Klaus, Georg",1969,Semiotik und Erkenntnistheorie,Berlin,FSU Jena Sektion Sprachwissenschaft Fachbereich Deutsch Mundartforschung,E 006 Handbibliothek Dialektologie,Rechts das zweite Regal von hinten,2. von oben,,182,
1850,"Schmidt, Wilhelm",1972,Gesellschaftliche Anforderung an die Sprachfähigung der sozialistischen Persönlichkeit,Potsdam,FSU Jena Sektion Sprachwissenschaft Fachbereich Deutsch Mundartforschung,E 006 Handbibliothek Dialektologie,Rechts das zweite Regal von hinten,2. von oben,,114,"Potsdamer Forschungen. Wissenschaftliche Schriftreihe der Pädagogischen Hochschule ""Karl liebknecht"" Potsdam Reihe A Heft 4"
1851,"Schildt, Joachim",1981,Die Auswirkungen der industriellen Revolution auf die deutsche Sprachentwicklung im 19. Jahrhundert,Berlin,"Sächsische Akademie der Wissenschaften zu Leipzig, Sprachwissenschaftliche Kommission, Arbeitsstelle Thüringisches Wörterbuch",E 006 Handbibliothek Dialektologie,Rechts das zweite Regal von hinten,2. von oben,,308,
1852,"Vorwerg, Manfred",1970,Die Struktur des Kollektivs in sozial-psychologischer Sicht,Berlin,FSU Jena Sektion Sprachwissenschaft Fachbereich Deutsch Mundartforschung,E 006 Handbibliothek Dialektologie,Rechts das zweite Regal von hinten,2. von oben,,192,
1853,"Awanjessow, R. I.",1953,Die Entwicklung der Sprache und der Dialekte im Lichte der Arbeiten J.W. Stalins über die Sprachwissenschaft,Berlin,Institut für Mundartforschung,E 006 Handbibliothek Dialektologie,Rechts das zweite Regal von hinten,2. von oben,,44,
1854,"Möller, Georg",1965,Deutsch von heute. Kleine Stilkunde unserer Gebrauchssprache,Leipzig,Institut für Mundartforschung,E 006 Handbibliothek Dialektologie,Rechts das zweite Regal von hinten,2. von oben,,120,
1855,"Möller, Georg",1965,Guter Stil im Alltag. Eine moderne Satzbauschule,Leipzig,Institut für Mundartforschung,E 006 Handbibliothek Dialektologie,Rechts das zweite Regal von hinten,2. von oben,,158,
1856,Eine Gesellschaft von Sprachfreunden,1797,Beiträge zur weiteren Ausbildung der deutschen Sprache. Neuntes Stück,Braunschweig,Institut für Sprachwissenschaft an der Universität Jena,E 006 Handbibliothek Dialektologie,Rechts das zweite Regal von hinten,2. von oben,,159,
1857,Eine Gesellschaft von Sprachfreunden,1797,Beiträge zur weiteren Ausbildung der deutschen Sprache. Achtes Stück,Braunschweig,Institut für Sprachwissenschaft an der Universität Jena,E 006 Handbibliothek Dialektologie,Rechts das zweite Regal von hinten,2. von oben,,172,
1858,"D/Hense, Joh. & D/Hense, K.",1832,"Handwörterbuch der deutschen Sprache mit Hinsicht auf Rechtschreibung, Abstammung und Bildung, Biegung und Fügung der Wörter, so wie auf deren Sinnverwandtschaft",Magdeburg,x,E 006 Handbibliothek Dialektologie,Rechts das zweite Regal von hinten,2. von oben,,640,
1859,"Isacenko, Alexander & Schädlich, Hans-Joachim",1964,Studia Grammatica. Untersuchungen über die deutsche Satzintonation,Berlin,x,E 006 Handbibliothek Dialektologie,Rechts das zweite Regal von hinten,2. von oben,,66,
1860,Abteilung Volksbildung/Fachkommission Geschichte beim Rat des Kreises Worbis,1966,Eichsfelder Heimathefte 6. Jahrgang,Heilbad Heiligenstadt,J85 FSU Jena Sektion Sprachwissenschaft Wissenschaftsbereich Deutsch Abt. Mundartforschung,E 006 Handbibliothek Dialektologie,Rechts das zweite Regal von hinten,3. von oben,,"384, 80",Eichsfelder Heimathefte
1861,Abteilung Volksbildung/Fachkommission Geschichte beim Rat des Kreises Worbis,1967,Eichsfelder Heimathefte 7. Jahrgang,Heilbad Heiligenstadt,J85 FSU Jena Sektion Sprachwissenschaft Wissenschaftsbereich Deutsch Abt. Mundartforschung,E 006 Handbibliothek Dialektologie,Rechts das zweite Regal von hinten,3. von oben,,384,Eichsfelder Heimathefte
1862,Abteilung Volksbildung/Fachkommission Geschichte beim Rat des Kreises Worbis,1968,Eichsfelder Heimathefte 8. Jahrgang,Heilbad Heiligenstadt,J85 FSU Jena Sektion Sprachwissenschaft Wissenschaftsbereich Deutsch Abt. Mundartforschung,E 006 Handbibliothek Dialektologie,Rechts das zweite Regal von hinten,3. von oben,,384,Eichsfelder Heimathefte
1863,Abteilung Volksbildung/Fachkommission Geschichte beim Rat des Kreises Worbis,1969,Eichsfelder Heimathefte 9. Jahrgang,Heilbad Heiligenstadt,J85 Sektion Sprachwissenschaft Fachbereich Deutsch Mundartforschung,E 006 Handbibliothek Dialektologie,Rechts das zweite Regal von hinten,3. von oben,,319,Eichsfelder Heimathefte
1864,Abteilung Volksbildung/Fachkommission Geschichte beim Rat des Kreises Worbis,1970,Eichsfelder Heimathefte 10. Jahrgang,Heilbad Heiligenstadt,J85 FSU Jena Sektion Sprachwissenschaft Wissenschaftsbereich Deutsch Abt. Mundartforschung,E 006 Handbibliothek Dialektologie,Rechts das zweite Regal von hinten,3. von oben,,383,Eichsfelder Heimathefte
1865,Abteilung Volksbildung/Fachkommission Geschichte beim Rat des Kreises Worbis,1971,Eichsfelder Heimathefte 11. Jahrgang,Heilbad Heiligenstadt,J85 FSU Jena Sektion Sprachwissenschaft Wissenschaftsbereich Deutsch Abt. Mundartforschung,E 006 Handbibliothek Dialektologie,Rechts das zweite Regal von hinten,3. von oben,,383,Eichsfelder Heimathefte
1866,Abteilung Volksbildung/Fachkommission Geschichte beim Rat des Kreises Worbis,1972,Eichsfelder Heimathefte 12. Jahrgang,Heilbad Heiligenstadt,J85 FSU Jena Sektion Sprachwissenschaft Wissenschaftsbereich Deutsch Abt. Mundartforschung,E 006 Handbibliothek Dialektologie,Rechts das zweite Regal von hinten,3. von oben,,383,Eichsfelder Heimathefte
1867,Abteilung Volksbildung/Fachkommission Geschichte beim Rat des Kreises Worbis,1973,Eichsfelder Heimathefte 13. Jahrgang,Heilbad Heiligenstadt,J85 FSU Jena Sektion Sprachwissenschaft Wissenschaftsbereich Deutsch Abt. Mundartforschung,E 006 Handbibliothek Dialektologie,Rechts das zweite Regal von hinten,3. von oben,,383,Eichsfelder Heimathefte
1868,Abteilung Volksbildung/Fachkommission Geschichte beim Rat des Kreises Worbis,1974,Eichsfelder Heimathefte 14. Jahrgang,Heilbad Heiligenstadt,J85 FSU Jena Sektion Sprachwissenschaft Wissenschaftsbereich Deutsch Abt. Mundartforschung,E 006 Handbibliothek Dialektologie,Rechts das zweite Regal von hinten,3. von oben,,384,Eichsfelder Heimathefte
1869,Abteilung Volksbildung/Fachkommission Geschichte beim Rat des Kreises Worbis,1975,Eichsfelder Heimathefte 15. Jahrgang,Heilbad Heiligenstadt,J85 FSU Jena Sektion Sprachwissenschaft Wissenschaftsbereich Deutsch Abt. Mundartforschung,E 006 Handbibliothek Dialektologie,Rechts das zweite Regal von hinten,3. von oben,,384,Eichsfelder Heimathefte
1870,Abteilung Volksbildung/Fachkommission Geschichte beim Rat des Kreises Worbis,1976,Eichsfelder Heimathefte 16. Jahrgang,Heilbad Heiligenstadt,J85 FSU Jena Sektion Sprachwissenschaft Wissenschaftsbereich Deutsch Abt. Mundartforschung,E 006 Handbibliothek Dialektologie,Rechts das zweite Regal von hinten,3. von oben,,384,Eichsfelder Heimathefte
1871,Abteilung Volksbildung/Fachkommission Geschichte beim Rat des Kreises Worbis,1977,Eichsfelder Heimathefte 17. Jahrgang,Heilbad Heiligenstadt,J85 FSU Jena Sektion Sprachwissenschaft Wissenschaftsbereich Deutsch Abt. Mundartforschung,E 006 Handbibliothek Dialektologie,Rechts das zweite Regal von hinten,3. von oben,,384,Eichsfelder Heimathefte
1872,"Pädagogisches Kreiskabinett Worbis, Kulturbund der DDR Worbis",1978,Eichsfelder Heimathefte 18. Jahrgang,Heilbad Heiligenstadt,J85 FSU Jena Sektion Sprachwissenschaft Wissenschaftsbereich Deutsch Abt. Mundartforschung,E 006 Handbibliothek Dialektologie,Rechts das zweite Regal von hinten,3. von oben,,384,Eichsfelder Heimathefte
1873,"Pädagogisches Kreiskabinett Worbis, Kulturbund der DDR Worbis",1979,Eichsfelder Heimathefte 19. Jahrgang,Heilbad Heiligenstadt,J85 FSU Jena Sektion Sprachwissenschaft Wissenschaftsbereich Deutsch Abt. Mundartforschung,E 006 Handbibliothek Dialektologie,Rechts das zweite Regal von hinten,3. von oben,,383,Eichsfelder Heimathefte
1874,"Pädagogisches Kreiskabinett Worbis, Kulturbund der DDR Worbis",1980,Eichsfelder Heimathefte 20. Jahrgang,Heilbad Heiligenstadt,J85 FSU Jena Sektion Sprachwissenschaft Wissenschaftsbereich Deutsch Abt. Mundartforschung,E 006 Handbibliothek Dialektologie,Rechts das zweite Regal von hinten,3. von oben,,383,Eichsfelder Heimathefte
1875,"Pädagogisches Kreiskabinett Worbis, Kulturbund der DDR Worbis",1981,Eichsfelder Heimathefte 21. Jahrgang,Heilbad Heiligenstadt,J85 FSU Jena Sektion Sprachwissenschaft Wissenschaftsbereich Deutsch Abt. Mundartforschung,E 006 Handbibliothek Dialektologie,Rechts das zweite Regal von hinten,3. von oben,,384,Eichsfelder Heimathefte
1876,"Pädagogisches Kreiskabinett Worbis, Kulturbund der DDR Worbis",1982,Eichsfelder Heimathefte 22. Jahrgang,Heilbad Heiligenstadt,J85 FSU Jena Sektion Sprachwissenschaft Wissenschaftsbereich Deutsch Abt. Mundartforschung,E 006 Handbibliothek Dialektologie,Rechts das zweite Regal von hinten,3. von oben,,384,Eichsfelder Heimathefte
1877,"Pädagogisches Kreiskabinett Worbis, Kulturbund der DDR Worbis",1983,Eichsfelder Heimathefte 23. Jahrgang,Heilbad Heiligenstadt,J85 FSU Jena Sektion Sprachwissenschaft Wissenschaftsbereich Deutsch Abt. Mundartforschung,E 006 Handbibliothek Dialektologie,Rechts das zweite Regal von hinten,3. von oben,,383,Eichsfelder Heimathefte
1878,"Pädagogisches Kreiskabinett Worbis, Kulturbund der DDR Worbis",1984,Eichsfelder Heimathefte 24. Jahrgang,Heilbad Heiligenstadt,J85 FSU Jena Sektion Sprachwissenschaft Wissenschaftsbereich Deutsch Abt. Mundartforschung,E 006 Handbibliothek Dialektologie,Rechts das zweite Regal von hinten,3. von oben,,384,Eichsfelder Heimathefte
1879,"Pädagogisches Kreiskabinett Worbis, Kulturbund der DDR Worbis",1985,Eichsfelder Heimathefte 25. Jahrgang,Heilbad Heiligenstadt,J85 FSU Jena Sektion Sprachwissenschaft Wissenschaftsbereich Deutsch Abt. Mundartforschung,E 006 Handbibliothek Dialektologie,Rechts das zweite Regal von hinten,3. von oben,,384,Eichsfelder Heimathefte
1880,"Pädagogisches Kreiskabinett Worbis, Kulturbund der DDR Worbis",1986,Eichsfelder Heimathefte 26. Jahrgang,Heilbad Heiligenstadt,J85 FSU Jena Sektion Sprachwissenschaft Wissenschaftsbereich Deutsch Abt. Mundartforschung,E 006 Handbibliothek Dialektologie,Rechts das zweite Regal von hinten,3. von oben,,383,Eichsfelder Heimathefte
1881,"Pädagogisches Kreiskabinett Worbis, Kulturbund der DDR Worbis",1987,Eichsfelder Heimathefte 27. Jahrgang,Heilbad Heiligenstadt,J85 FSU Jena Sektion Sprachwissenschaft Wissenschaftsbereich Deutsch Abt. Mundartforschung,E 006 Handbibliothek Dialektologie,Rechts das zweite Regal von hinten,3. von oben,,383,Eichsfelder Heimathefte
1882,"Pädagogisches Kreiskabinett Worbis, Kulturbund der DDR Worbis",1988,Eichsfelder Heimathefte 28. Jahrgang,Heilbad Heiligenstadt,J85 FSU Jena Sektion Sprachwissenschaft Wissenschaftsbereich Deutsch Abt. Mundartforschung,E 006 Handbibliothek Dialektologie,Rechts das zweite Regal von hinten,3. von oben,,383,Eichsfelder Heimathefte
1883,"Pädagogisches Kreiskabinett Worbis, Kulturbund der DDR Worbis",1989,Eichsfelder Heimathefte 29. Jahrgang,Heilbad Heiligenstadt,J85 FSU Jena Sektion Sprachwissenschaft Wissenschaftsbereich Deutsch Abt. Mundartforschung,E 006 Handbibliothek Dialektologie,Rechts das zweite Regal von hinten,3. von oben,,383,Eichsfelder Heimathefte
1884,"Pädagogisches Kreiskabinett Worbis, Kulturbund der DDR Worbis",1990,Eichsfelder Heimathefte 30. Jahrgang Heft 2,Heilbad Heiligenstadt,FSU Jena Philosopische Fakultät Institut für Germanistische Sprachwissenschaft FG Deutsche Dialektologie / Soziolinguistik Arbeitsstelle Thüringisches Wörterbuch,E 006 Handbibliothek Dialektologie,Rechts das zweite Regal von hinten,3. von oben,,192,Eichsfelder Heimathefte
1885,"Pädagogisches Kreiskabinett Worbis, Kulturbund der DDR Worbis",1991,Eichsfelder Heimathefte 30. Jahrgang Heft 3/4,Heilbad Heiligenstadt,,E 006 Handbibliothek Dialektologie,Rechts das zweite Regal von hinten,3. von oben,,195-319,Eichsfelder Heimathefte
1886,Bund der Eichsfelder Vereine,1956,Eichsfelder Heimatglocken 5. Jahrgang ,Gelsenkirchen,x,E 006 Handbibliothek Dialektologie,Rechts das zweite Regal von hinten,3. von oben,,327,Eichsfelder Heimathefte
1887,"Barthel, Rolf & Demme, Hans",1971,Eichsfelder Heimathefte. Bibliographie 1961-1970. 11. Jahrgang,Heiligenstadt,FSU Jena Sektion Sprachwissenschaft Fachbereich Deutsch Mundartforschung,E 006 Handbibliothek Dialektologie,Rechts das zweite Regal von hinten,3. von oben,,55,Eichsfelder Heimathefte
1888,"Pädagogisches Kreiskabinett Worbis, Kulturbund der DDR Worbis",1964,Eichsfelder Heimathefte 4. Jahrgang Heft 4,Heiligenstadt,x,E 006 Handbibliothek Dialektologie,Rechts das zweite Regal von hinten,3. von oben,,195-256,Eichsfelder Heimathefte
1889,"Pädagogisches Kreiskabinett Worbis, Kulturbund der DDR Worbis",1964,Eichsfelder Heimathefte 4. Jahrgang Heft 6,Heiligenstadt,x,E 006 Handbibliothek Dialektologie,Rechts das zweite Regal von hinten,3. von oben,,323-384,Eichsfelder Heimathefte
1890,"Pädagogisches Kreiskabinett Worbis, Deutscher Kulturbund ",1963,Eichsfelder Heimathefte 3. Jahrgang Heft 3,Heiligenstadt,x,E 006 Handbibliothek Dialektologie,Rechts das zweite Regal von hinten,3. von oben,,131-192,Eichsfelder Heimathefte
1891,"Pädagogisches Kreiskabinett Worbis, Deutscher Kulturbund ",1963,Eichsfelder Heimathefte 3. Jahrgang Heft 4,Heiligenstadt,x,E 006 Handbibliothek Dialektologie,Rechts das zweite Regal von hinten,3. von oben,,195-256,Eichsfelder Heimathefte
1892,"Pädagogisches Kreiskabinett Worbis, Deutscher Kulturbund ",1963,Eichsfelder Heimathefte 3. Jahrgang Heft 5,Heiligenstadt,x,E 006 Handbibliothek Dialektologie,Rechts das zweite Regal von hinten,3. von oben,,259-319,Eichsfelder Heimathefte
1893,"Pädagogisches Kreiskabinett Worbis, Deutscher Kulturbund ",1963,Eichsfelder Heimathefte 3. Jahrgang Heft 6,Heiligenstadt,x,E 006 Handbibliothek Dialektologie,Rechts das zweite Regal von hinten,3. von oben,,323-384,Eichsfelder Heimathefte
1894,Sächsische Akedemie der Wissenschaft zu Leipzig,1996,Mitteilungen an die Mitglieder und Mitarbeiter der Akademie ,Leipzig,x,E 006 Handbibliothek Dialektologie,Rechts das zweite Regal von hinten,4. von oben,,28,
1895,Frankenbund e.V.,1995,Frankenland. Zeitschrift für Landeskunde und Kulturpflege 47. Jahrgang Heft 4,Würzburg,x,E 006 Handbibliothek Dialektologie,Rechts das zweite Regal von hinten,4. von oben,,191-256,Frankenland
1896,Frankenbund e.V.,2000,Frankenland. Zeitschrift für Landeskunde und Kulturpflege 52. Jahrgang Heft 6,Würzburg,x,E 006 Handbibliothek Dialektologie,Rechts das zweite Regal von hinten,4. von oben,,376-455,Frankenland
1897,Frankenbund e.V.,2001,Frankenland. Zeitschrift für Landeskunde und Kulturpflege 53. Jahrgang Heft 1,Würzburg,x,E 006 Handbibliothek Dialektologie,Rechts das zweite Regal von hinten,4. von oben,,78,Frankenland
1898,Frankenbund e.V.,2001,Frankenland. Zeitschrift für Landeskunde und Kulturpflege 53. Jahrgang Heft 2,Würzburg,x,E 006 Handbibliothek Dialektologie,Rechts das zweite Regal von hinten,4. von oben,,79-160,Frankenland
1899,Frankenbund e.V.,2001,Frankenland. Zeitschrift für Landeskunde und Kulturpflege 53. Jahrgang Heft 3,Würzburg,x,E 006 Handbibliothek Dialektologie,Rechts das zweite Regal von hinten,4. von oben,,161-265,Frankenland
1900,Frankenbund e.V.,2001,Frankenland. Zeitschrift für Landeskunde und Kulturpflege 53. Jahrgang Heft 4,Würzburg,x,E 006 Handbibliothek Dialektologie,Rechts das zweite Regal von hinten,4. von oben,,266-348,Frankenland
1901,Frankenbund e.V.,2001,Frankenland. Zeitschrift für Landeskunde und Kulturpflege 53. Jahrgang Heft 5,Würzburg,x,E 006 Handbibliothek Dialektologie,Rechts das zweite Regal von hinten,4. von oben,,349-430,Frankenland
1902,Frankenbund e.V.,2001,Frankenland. Zeitschrift für Landeskunde und Kulturpflege 53. Jahrgang Heft 6,Würzburg,x,E 006 Handbibliothek Dialektologie,Rechts das zweite Regal von hinten,4. von oben,,431-511,Frankenland
1903,Frankenbund e.V.,2002,Frankenland. Zeitschrift für Landeskunde und Kulturpflege 54. Jahrgang Heft 1,Würzburg,x,E 006 Handbibliothek Dialektologie,Rechts das zweite Regal von hinten,4. von oben,,78,Frankenland
1904,Frankenbund e.V.,2002,Frankenland. Zeitschrift für Landeskunde und Kulturpflege 54. Jahrgang Heft 2,Würzburg,x,E 006 Handbibliothek Dialektologie,Rechts das zweite Regal von hinten,4. von oben,,79-160,Frankenland
1905,Frankenbund e.V.,2002,Frankenland. Zeitschrift für Landeskunde und Kulturpflege 54. Jahrgang Heft 3,Würzburg,x,E 006 Handbibliothek Dialektologie,Rechts das zweite Regal von hinten,4. von oben,,161-242,Frankenland
1906,Frankenbund e.V.,2002,Frankenland. Zeitschrift für Landeskunde und Kulturpflege 54. Jahrgang Heft 4,Würzburg,x,E 006 Handbibliothek Dialektologie,Rechts das zweite Regal von hinten,4. von oben,,243-324,Frankenland
1907,Frankenbund e.V.,2002,Frankenland. Zeitschrift für Landeskunde und Kulturpflege 54. Jahrgang Heft 5,Würzburg,x,E 006 Handbibliothek Dialektologie,Rechts das zweite Regal von hinten,4. von oben,,325-402,Frankenland
1908,Frankenbund e.V.,2002,Frankenland. Zeitschrift für Landeskunde und Kulturpflege 54. Jahrgang Heft 6,Würzburg,x,E 006 Handbibliothek Dialektologie,Rechts das zweite Regal von hinten,4. von oben,,403-476,Frankenland
1909,Frankenbund e.V.,2003,Frankenland. Zeitschrift für Landeskunde und Kulturpflege 55. Jahrgang Heft 2,Würzburg,x,E 006 Handbibliothek Dialektologie,Rechts das zweite Regal von hinten,4. von oben,,87-172,Frankenland
1910,Frankenbund e.V.,2003,Frankenland. Zeitschrift für Landeskunde und Kulturpflege 55. Jahrgang Heft 3,Würzburg,x,E 006 Handbibliothek Dialektologie,Rechts das zweite Regal von hinten,4. von oben,,173-254,Frankenland
1911,Frankenbund e.V.,2003,Frankenland. Zeitschrift für Landeskunde und Kulturpflege 55. Jahrgang Heft 4,Würzburg,x,E 006 Handbibliothek Dialektologie,Rechts das zweite Regal von hinten,4. von oben,,255-340,Frankenland
1912,Frankenbund e.V.,2003,Frankenland. Zeitschrift für Landeskunde und Kulturpflege 55. Jahrgang Heft 5,Würzburg,x,E 006 Handbibliothek Dialektologie,Rechts das zweite Regal von hinten,4. von oben,,341-414,Frankenland
1913,Frankenbund e.V.,2007,Frankenland. Zeitschrift für Landeskunde und Kulturpflege 59. Jahrgang Heft 3,Würzburg,x,E 006 Handbibliothek Dialektologie,Rechts das zweite Regal von hinten,4. von oben,,145-224,Frankenland
1914,Frankenbund e.V.,2007,Frankenland. Zeitschrift für Landeskunde und Kulturpflege 59. Jahrgang Heft 4,Würzburg,x,E 006 Handbibliothek Dialektologie,Rechts das zweite Regal von hinten,4. von oben,,227-306,Frankenland
1915,Frankenbund e.V.,2007,Frankenland. Zeitschrift für Landeskunde und Kulturpflege 59. Jahrgang Heft 6,Würzburg,x,E 006 Handbibliothek Dialektologie,Rechts das zweite Regal von hinten,4. von oben,,383-462,Frankenland
1916,Frankenbund e.V.,2008,Frankenland. Zeitschrift für Landeskunde und Kulturpflege 60. Jahrgang Heft 1,Würzburg,x,E 006 Handbibliothek Dialektologie,Rechts das zweite Regal von hinten,4. von oben,,72,Frankenland
1917,Frankenbund e.V.,2008,Frankenland. Zeitschrift für Landeskunde und Kulturpflege 60. Jahrgang Heft 2,Würzburg,x,E 006 Handbibliothek Dialektologie,Rechts das zweite Regal von hinten,4. von oben,,73-152,Frankenland
1918,Frankenbund e.V.,2008,Frankenland. Zeitschrift für Landeskunde und Kulturpflege 60. Jahrgang Heft 3,Würzburg,x,E 006 Handbibliothek Dialektologie,Rechts das zweite Regal von hinten,4. von oben,,153-232,Frankenland
1919,Frankenbund e.V.,2008,Frankenland. Zeitschrift für Landeskunde und Kulturpflege 60. Jahrgang Heft 4,Würzburg,x,E 006 Handbibliothek Dialektologie,Rechts das zweite Regal von hinten,4. von oben,,233-312,Frankenland
1920,Frankenbund e.V.,2008,Frankenland. Zeitschrift für Landeskunde und Kulturpflege 60. Jahrgang Heft 5,Würzburg,x,E 006 Handbibliothek Dialektologie,Rechts das zweite Regal von hinten,4. von oben,,313-384,Frankenland
1921,Bayrische Akademie der Wissenschaft,1997,Jahresgabe des Ostfränkischen Wörterbuchs 1997 (2x vorhanden),Bayreuth,x,E 006 Handbibliothek Dialektologie,Rechts das zweite Regal von hinten,4. von oben,,10,Ostfränkisches Wörterbuch
1922,Bayrische Akademie der Wissenschaft,1998,Jahresgabe des Ostfränkischen Wörterbuchs 1998,Bayreuth,x,E 006 Handbibliothek Dialektologie,Rechts das zweite Regal von hinten,4. von oben,,11,Ostfränkisches Wörterbuch
1923,Bayrische Akademie der Wissenschaft,1999,Jahresgabe des Ostfränkischen Wörterbuchs 1999,Bayreuth,x,E 006 Handbibliothek Dialektologie,Rechts das zweite Regal von hinten,4. von oben,,11,Ostfränkisches Wörterbuch
1924,Bayrische Akademie der Wissenschaft,2001,Jahresgabe des Ostfränkischen Wörterbuchs 2001,Bayreuth,x,E 006 Handbibliothek Dialektologie,Rechts das zweite Regal von hinten,4. von oben,,7,Ostfränkisches Wörterbuch
1925,Forschungsstelle SNOB,1993,Kleine Weihnachtsgabe der Forschungsstelle SNOB ,Bayreuth,Arbeitsstelle Thüringisches Wörterbuch,E 006 Handbibliothek Dialektologie,Rechts das zweite Regal von hinten,4. von oben,,6,
1926,Thüringer Landesamt für Statistik,2002,Verzeichnis der Veröffentlichungen 2002,Erfurt,Thüringisches Wörterbuch. Arbeitsstelle der FSU Jena und der Sächsischen Akademie der Wissensachaften zu Leipzig,E 006 Handbibliothek Dialektologie,Rechts das zweite Regal von hinten,4. von oben,,43,
1927,Thüringer Landesamt für Statistik,2003,Verzeichnis der Veröffentlichungen 2003,Erfurt,Thüringisches Wörterbuch. Arbeitsstelle der FSU Jena und der Sächsischen Akademie der Wissensachaften zu Leipzig,E 006 Handbibliothek Dialektologie,Rechts das zweite Regal von hinten,4. von oben,,43,
1928,Thüringer Landesamt für Statistik,2005,Verzeichnis der Veröffentlichungen 2005,Erfurt,Thüringisches Wörterbuch. Arbeitsstelle der FSU Jena und der Sächsischen Akademie der Wissensachaften zu Leipzig,E 006 Handbibliothek Dialektologie,Rechts das zweite Regal von hinten,4. von oben,,44,
1929,Thüringer Landesamt für Statistik,1996,Verzeichnis der Veröffentlichungen 1996,Erfurt,Thüringisches Wörterbuch. Arbeitsstelle der FSU Jena und der Sächsischen Akademie der Wissensachaften zu Leipzig,E 006 Handbibliothek Dialektologie,Rechts das zweite Regal von hinten,4. von oben,,36,
1930,Thüringer Landesamt für Statistik,2001,Verzeichnis der Veröffentlichungen 2001,Erfurt,Thüringisches Wörterbuch. Arbeitsstelle der FSU Jena und der Sächsischen Akademie der Wissensachaften zu Leipzig,E 006 Handbibliothek Dialektologie,Rechts das zweite Regal von hinten,4. von oben,,46,
1931,Rumänische Akademie Bukarest,/,Siebenbürgisch-sächsisches Wörterbuch,Bukarest,x,E 006 Handbibliothek Dialektologie,Rechts das zweite Regal von hinten,4. von oben,,,
1932,Arbeitsstelle Göttingen des Deutschen Wörterbuchs,1997,Tätigkeitsbericht Nr. 10,Göttingen,x,E 006 Handbibliothek Dialektologie,Rechts das zweite Regal von hinten,4. von oben,,20,
1933,Arbeitsstelle Göttingen des Deutschen Wörterbuchs,1998,Tätigkeitsbericht Nr. 11,Göttingen,x,E 006 Handbibliothek Dialektologie,Rechts das zweite Regal von hinten,4. von oben,,26,
1934,Arbeitsstelle Göttingen des Deutschen Wörterbuchs,2001-2002,Tätigkeitsbericht Nr. 13,Göttingen,x,E 006 Handbibliothek Dialektologie,Rechts das zweite Regal von hinten,4. von oben,,29,
1935,Sächsische Akedemie der Wissenschaft zu Leipzig,2000,Arbeitsblätter der vorhabenbezogenen Kommission für die Mundartwörterbücher,Leipzig,x,E 006 Handbibliothek Dialektologie,Rechts das zweite Regal von hinten,4. von oben,,40,
1936,"Bauer, Werner & Scheuringer, Hermann (Hrgs.)",1998,Germanistische Linguistik Herbst 1998,Wien,Edition Praesens ,E 006 Handbibliothek Dialektologie,Rechts das zweite Regal von hinten,4. von oben,,,
1937,Schweizerdeutsches Wörterbuch,1992,Bericht über das Jahr 1992,Zürich,x,E 006 Handbibliothek Dialektologie,Rechts das zweite Regal von hinten,4. von oben,,24,
1938,Schweizerdeutsches Wörterbuch,1993,Bericht über das Jahr 1993,Zürich,x,E 006 Handbibliothek Dialektologie,Rechts das zweite Regal von hinten,4. von oben,,24,
1939,Schweizerdeutsches Wörterbuch,1995,Bericht über das Jahr 1995 (2x vorhanden),Zürich,Thüringisches Wörterbuch. Arbeitsstelle der FSU Jena und der Sächsischen Akademie der Wissensachaften zu Leipzig,E 006 Handbibliothek Dialektologie,Rechts das zweite Regal von hinten,4. von oben,,36,
1940,Schweizerdeutsches Wörterbuch,2000,Bericht über das Jahr 1999 (2x vorhanden),Zürich,Thüringisches Wörterbuch. Arbeitsstelle der FSU Jena und der Sächsischen Akademie der Wissensachaften zu Leipzig,E 006 Handbibliothek Dialektologie,Rechts das zweite Regal von hinten,4. von oben,,25,
1941,Schweizerdeutsches Wörterbuch,2001,Bericht über das Jahr 2001,Zürich,x,E 006 Handbibliothek Dialektologie,Rechts das zweite Regal von hinten,4. von oben,,25,
1942,"Stellmacher, Dieter",1992,Niedersächsisches Wörterbuch. Berichte und Mitteilungen aus der Arbeitsstelle,Göttingen,x,E 006 Handbibliothek Dialektologie,Rechts das zweite Regal von hinten,4. von oben,,74,
1943,Forschungsinstitut der Deutschen Sprache,1967,Deutscher Sprachatlas. Jahresbericht 1966,Marburg / Lahn,"Sächsische Akademie der Wissenschaften zu Leipzig, Sprachwissenschaftliche Kommission, Arbeitsstelle Thüringisches Wörterbuch",E 006 Handbibliothek Dialektologie,Rechts das zweite Regal von hinten,4. von oben,,78,
1944,Forschungsinstitut der Deutschen Sprache,1968,Deutscher Sprachatlas. Jahresbericht 1967,Marburg / Lahn,"Sächsische Akademie der Wissenschaften zu Leipzig, Sprachwissenschaftliche Kommission, Arbeitsstelle Thüringisches Wörterbuch",E 006 Handbibliothek Dialektologie,Rechts das zweite Regal von hinten,4. von oben,,56,
1945,Forschungsinstitut der Deutschen Sprache,1969,Deutscher Sprachatlas. Jahresbericht 1968,Marburg / Lahn,"Sächsische Akademie der Wissenschaften zu Leipzig, Sprachwissenschaftliche Kommission, Arbeitsstelle Thüringisches Wörterbuch",E 006 Handbibliothek Dialektologie,Rechts das zweite Regal von hinten,4. von oben,,36,
1946,Forschungsinstitut der Deutschen Sprache,1992,"Das Forschungsinstitut für deutsche Sprache ""Deutscher Sprachatlas"" 1988-1992",Marburg   ,x,E 006 Handbibliothek Dialektologie,Rechts das zweite Regal von hinten,4. von oben,,110,
1947,"Jecht, Richard",1888,Wörterbuch der Mansfelder Mundart,Görlitz,Institut für Mundartforschung,E 006 Handbibliothek Dialektologie,Rechts das zweite Regal von hinten,4. von oben,,120,
1948,Harzverein für Geschichte und Altertumskunde (Hrsg.),1927,Nordharzer Wörterbuch ,Wernigerode,Landeskunde für Thüringer Mundartenforschung,E 006 Handbibliothek Dialektologie,Rechts das zweite Regal von hinten,4. von oben,,232,Forschungen der Geschichte des Harzgebiets
1949,"Spieß, Balthasar",1873,Die Fränkisch-Hennebergische Mundart,Wien,Institut für Mundartforschung,E 006 Handbibliothek Dialektologie,Rechts das zweite Regal von hinten,4. von oben,,102 + Karte,
1950,"Kurze, G. & Regel, F. ",1888,Mitteilungen der Geographischen Gesellschaft (für Thüringen) zu Jena Sechster Band,Jena,x,E 006 Handbibliothek Dialektologie,Rechts das zweite Regal von hinten,4. von oben,,160,
1951,"Engelmann, Walter",1915,Der Vokalismus der Mundarten im gebiete um Rudolstadt unter Zugrundelegung der Mundart von Kirchhasel,Borna-Leipzig,Institut für Mundartforschung,E 006 Handbibliothek Dialektologie,Rechts das zweite Regal von hinten,4. von oben,,55,
1952,"Schultze, Martin",1874,Idioticon der Nord-Thüringischen Mundart,Nordhausen,Landeskunde für Thüringer Mundartenforschung,E 006 Handbibliothek Dialektologie,Rechts das zweite Regal von hinten,4. von oben,,69,
1953,"Dahlberg, Torsten",1934,Die Mundart von Dorste,"Lund, Kopenhagen","Sächsische Akademie der Wissenschaften zu Leipzig, Sprachwissenschaftliche Kommission, Arbeitsstelle Thüringisches Wörterbuch",E 006 Handbibliothek Dialektologie,Rechts das zweite Regal von hinten,4. von oben,,210 + Karten,
1954,"Kleemann, Selmar",1882,Beiträge zu einem Nord-Thüringischen Idiotikon,Quedlinburg,x,E 006 Handbibliothek Dialektologie,Rechts das zweite Regal von hinten,4. von oben,,26,
1955,Sächsische Akedemie der Wissenschaft zu Leipzig,1996,Brandenburg-Berlinisches Wörterbuch. 4. Band steinalt bis tappen,Berlin,x,E 006 Handbibliothek Dialektologie,Rechts das zweite Regal von hinten,4. von oben,,258-383,
1956,"Herrmann-Winter, Renate",1999,Pommersches Wörterbuch 1. Band anstaken bis belopen,Berlin,Thüringisches Wörterbuch. Arbeitsstelle der FSU Jena und der Sächsischen Akademie der Wissensachaften zu Leipzig,E 006 Handbibliothek Dialektologie,Rechts das zweite Regal von hinten,4. von oben,,154-279,Brandenburg-Berlinisches Wörterbuch 
1957,Österreischische Akademie der Wissenschaft,2012,Wörterbuch der Bairischen Mundarten in Österreich (WBÖ) ,Wien,x,E 006 Handbibliothek Dialektologie,Rechts das zweite Regal von hinten,4. von oben,,1243-1434,
1958,Akademie der Wissenschaften zu Berlin,1953-1973,"Diverse Dokumente, primär gerichtet an Dr. Karl Spangenberg ",Jena,Institut für Mundartforschung,E 006 Handbibliothek Dialektologie,Rechts das zweite Regal von hinten,5. von oben,,,
1959,Arbeitsstelle Thüringisches Wörterbuch,1934-1991,"Vereinbarungen, Arbeitspläne, Jahrespläne, Perspektivpläne, Forschungsberichte des Thüringischen Wörterbuchs",Jena,x,E 006 Handbibliothek Dialektologie,Rechts das zweite Regal von hinten,5. von oben,,,
1960,Arbeitsstelle Thüringisches Wörterbuch,1988-1992,"Schriftverkehr mit diversen Helfern des Thüringischen Wörterbuchs, weitere diverse Dokumente",Jena,x,E 006 Handbibliothek Dialektologie,Rechts das zweite Regal von hinten,5. von oben,,,
1961,,1979-1990,Diverse Anfragen an diverse Personen,Jena,x,E 006 Handbibliothek Dialektologie,Rechts das zweite Regal von hinten,5. von oben,,,
1962,Arbeitsstelle Thüringisches Wörterbuch,1972-1986,"Diverse Verträge, Rahmenordnungen ",Jena,x,E 006 Handbibliothek Dialektologie,Rechts das zweite Regal von hinten,5. von oben,,,
1963,,1967-1978,Diverse Anfragen an diverse Personen,Jena,x,E 006 Handbibliothek Dialektologie,Rechts das zweite Regal von hinten,5. von oben,,,
1964,,1961-1984,Forschungsaufträge,Jena,x,E 006 Handbibliothek Dialektologie,Rechts das zweite Regal von hinten,5. von oben,,,
1965,,1960-1966,Forschungsaufträge,Jena,x,E 006 Handbibliothek Dialektologie,Rechts das zweite Regal von hinten,5. von oben,,,
1966,"Deubler, Heinz",1964,Die Flurnamen im Kreis Rudolstadt,Rudolstadt,x,E 006 Handbibliothek Dialektologie,Rechts das zweite Regal von hinten,5. von oben,,,
1967,Arbeitsstelle Thüringisches Wörterbuch,1907-1931,Schriftwechsel zwischen 1907-1931,Jena,x,E 006 Handbibliothek Dialektologie,Rechts das zweite Regal von hinten,5. von oben,,,
1968,"Reinhold, Frank",2013,Mundarten in Thüringen. Überblick - Bibliographie ,Erfurt,x,E 006 Handbibliothek Dialektologie,Rechts das zweite Regal von hinten,6. von oben,,55,Drei Kisten von 45+50+50
1969,"Stammler, Wolfgang (hrsg.)",1957,Deutsche Philologie im Aufriss. Band I,Berlin,Institut für Mundartforschung,E 006 Handbibliothek Dialektologie,Rechts das zweite Regal von hinten,6. von oben,,1998,
1970,"Stammler, Wolfgang (hrsg.)",1960,Deutsche Philologie im Aufriss. Band II,Berlin,Institut für Mundartforschung,E 006 Handbibliothek Dialektologie,Rechts das zweite Regal von hinten,6. von oben,,2623,
1971,"Stammler, Wolfgang (hrsg.)",1962,Deutsche Philologie im Aufriss. Band III,Berlin,Institut für Mundartforschung,E 006 Handbibliothek Dialektologie,Rechts das zweite Regal von hinten,6. von oben,,3050,
1972,"Mailer, Norman",1986,Frühe Nächte,Frankfurt am Main,x,E 006 Handbibliothek Dialektologie,Rechts das zweite Regal von hinten,6. von oben,,780,
1973,"Gubitz, S. W. ",1942,Goethe in Briefen und Gesprächen,Leipzig,Institut für Sprachwissenschaft an der Universität Jena,E 006 Handbibliothek Dialektologie,Rechts das zweite Regal von hinten,6. von oben,,214,
1974,"Kuckhoff, Armin G. (hrsg)",1948,Hans Otto. Gedenkbuch für einen Schauspieler und Kämpfer,Berlin,Institut für Sprachwissenschaft an der Universität Jena,E 006 Handbibliothek Dialektologie,Rechts das zweite Regal von hinten,6. von oben,,103,
1975,"De Cervantes Saavedra, Miguel",,Der Geniale Hidalgo Don Quijote von der Mancha. Erster Teil,Leipzig,Institut für Sprechwissenschaft an der Universität,E 006 Handbibliothek Dialektologie,Rechts das zweite Regal von hinten,6. von oben,,692,
1976,"De Cervantes Saavedra, Miguel",,Der Geniale Hidalgo Don Quijote von der Mancha. Erster Teil,Leipzig,Institut für Sprechwissenschaft an der Universität,E 006 Handbibliothek Dialektologie,Rechts das zweite Regal von hinten,6. von oben,,768,
1977,"Döblin, Alfred",1929,Berlin Alexanderplatz,Berlin,Institut für Sprechwissenschaft an der Universität,E 006 Handbibliothek Dialektologie,Rechts das zweite Regal von hinten,6. von oben,,493,
1978,"Kisch, Egon Erwin",1930,Paradies Amerika,Berlin,Institut für Sprechwissenschaft an der Universität,E 006 Handbibliothek Dialektologie,Rechts das zweite Regal von hinten,6. von oben,,347,
1979,"Prabhupada, A.C. Bhaktivedanta Swami",1987,Bhagavad-Gita Wie Sie ist,,x,E 006 Handbibliothek Dialektologie,Rechts das zweite Regal von hinten,6. von oben,,876,
1980,,1987,Tatarica. Edendum Curavit. Studia in Honorem Ymär Daher,Vammala,x,E 006 Handbibliothek Dialektologie,Rechts das zweite Regal von hinten,6. von oben,,375,
1981,"Klappenbach, Ruth & Steinitz, Wolfgang",1980,Wörterbuch der Deutschen Gegenwartssprache. 1. Band A-deutsch,Berlin,"Sächsische Akademie der Wissenschaften zu Leipzig, Sprachwissenschaftliche Kommission, Arbeitsstelle Thüringisches Wörterbuch",E 006 Handbibliothek Dialektologie,Rechts das dritte Regal von hinten,1. von oben,,800,Wörterbuch der deutschen Gegenwartssprache
1982,"Klappenbach, Ruth & Steinitz, Wolfgang",1981,Wörterbuch der Deutschen Gegenwartssprache. 2. Band Deutsch-glauben,Berlin,"Sächsische Akademie der Wissenschaften zu Leipzig, Sprachwissenschaftliche Kommission, Arbeitsstelle Thüringisches Wörterbuch",E 006 Handbibliothek Dialektologie,Rechts das dritte Regal von hinten,1. von oben,,801-1600,Wörterbuch der deutschen Gegenwartssprache
1983,"Klappenbach, Ruth & Steinitz, Wolfgang",1981,Wörterbuch der Deutschen Gegenwartssprache. 3. Band glauben-Lyzeum,Berlin,"Sächsische Akademie der Wissenschaften zu Leipzig, Sprachwissenschaftliche Kommission, Arbeitsstelle Thüringisches Wörterbuch",E 006 Handbibliothek Dialektologie,Rechts das dritte Regal von hinten,1. von oben,,1601-2412,Wörterbuch der deutschen Gegenwartssprache
1984,"Klappenbach, Ruth & Steinitz, Wolfgang",1980,"Wörterbuch der Deutschen Gegenwartssprache. 5. Band Schinken-Vater-, vater-",Berlin,"Sächsische Akademie der Wissenschaften zu Leipzig, Sprachwissenschaftliche Kommission, Arbeitsstelle Thüringisches Wörterbuch",E 006 Handbibliothek Dialektologie,Rechts das dritte Regal von hinten,1. von oben,,3213-4012,Wörterbuch der deutschen Gegenwartssprache
1985,"Klappenbach, Ruth & Steinitz, Wolfgang",1982,Wörterbuch der Deutschen Gegenwartssprache. 6. Band väterlich-Zytologie,Berlin,"Sächsische Akademie der Wissenschaften zu Leipzig, Sprachwissenschaftliche Kommission, Arbeitsstelle Thüringisches Wörterbuch",E 006 Handbibliothek Dialektologie,Rechts das dritte Regal von hinten,1. von oben,,4013-4579,Wörterbuch der deutschen Gegenwartssprache
1986,Ernst Klett Verlag,1998,"PONS Großwörterbuch für Experten und Universität Französisch-Deutsch, Deutsch-Französisch","Stuttgart, Düsserldorf, Leipzig",Thüringisches Wörterbuch. Arbeitsstelle der FSU Jena und der Sächsischen Akademie der Wissensachaften zu Leipzig,E 006 Handbibliothek Dialektologie,Rechts das dritte Regal von hinten,1. von oben,,,
1987,Dudenredaktion,2001,Duden. Deutsches Universalwörterbuch,"Mannheim, Leipzig, Wien, Zürich",x,E 006 Handbibliothek Dialektologie,Rechts das dritte Regal von hinten,1. von oben,,1892,
1988,Dudenverlag,1999,Duden. Deutsches Universalwörterbuch A-Z,"Mannheim, Leipzig, Wien, Zürich",Thüringisches Wörterbuch. Arbeitsstelle der FSU Jena und der Sächsischen Akademie der Wissensachaften zu Leipzig,E 006 Handbibliothek Dialektologie,Rechts das dritte Regal von hinten,1. von oben,,1816,
1989,"Glück, Helmut (Hrsg.)",1993,Metzler Lexikon Sprache ,"Stuttgart, Weimar","Sächsische Akademie der Wissenschaften zu Leipzig, Sprachwissenschaftliche Kommission, Arbeitsstelle Thüringisches Wörterbuch",E 006 Handbibliothek Dialektologie,Rechts das dritte Regal von hinten,1. von oben,,711,
1990,"Neubert, Albrecht & Gröger, Erika",1988,Handwörterbuch Englisch-Deutsch,Leipzig,FSU Jena Sektion Sprachwissenschaft Fachbereich Deutsch Mundartforschung,E 006 Handbibliothek Dialektologie,Rechts das dritte Regal von hinten,1. von oben,,956,
1991,"Weidner, Albert",1934,Ernstroda. Die Geschichte eines Dorfes am Thüringer Wald,Gotha,DAW Institut für Sprache u. Literatur,E 006 Handbibliothek Dialektologie,Rechts das dritte Regal von hinten,2. von oben,,247,
1992,"Bescherer, Johannes",1940,Das Kirchspiel Stünzhain. Ein Beitrag zur Rassenkunde und Sozialantrophologie Ostthüringens,Jena,"Sächsische Akademie der Wissenschaften zu Leipzig, Sprachwissenschaftliche Kommission, Arbeitsstelle Thüringisches Wörterbuch",E 006 Handbibliothek Dialektologie,Rechts das dritte Regal von hinten,2. von oben,,157,Arbeiten zur Landes- und Volksforschung Bad 7
1993,"Eichhorn, Walter (Hrsg.)",1990,Blätter zur Geschichte des Coburger Landes 19. Jahrgang,Lautertal,Thüringisches Wörterbuch. Arbeitsstelle der FSU Jena und der Sächsischen Akademie der Wissensachaften zu Leipzig,E 006 Handbibliothek Dialektologie,Rechts das dritte Regal von hinten,2. von oben,,128,
1994,"Eichhorn, Walter (Hrsg.)",1991,Blätter zur Geschichte des Coburger Landes 20. Jahrgang,Lautertak,Thüringisches Wörterbuch. Arbeitsstelle der FSU Jena und der Sächsischen Akademie der Wissensachaften zu Leipzig,E 006 Handbibliothek Dialektologie,Rechts das dritte Regal von hinten,2. von oben,,128,
1995,"Eichhorn, Walter (Hrsg.)",1992,Blätter zur Geschichte des Coburger Landes 21. Jahrgang,Lautertal,Thüringisches Wörterbuch. Arbeitsstelle der FSU Jena und der Sächsischen Akademie der Wissensachaften zu Leipzig,E 006 Handbibliothek Dialektologie,Rechts das dritte Regal von hinten,2. von oben,,112,
1996,"Eichhorn, Walter (Hrsg.)",1991,"Blätter zur Geschichte des Coburger Landes. 20 Jahre historische Arbeit mit den ""Blättern…""",Lautertal,Thüringisches Wörterbuch. Arbeitsstelle der FSU Jena und der Sächsischen Akademie der Wissensachaften zu Leipzig,E 006 Handbibliothek Dialektologie,Rechts das dritte Regal von hinten,2. von oben,,63,
1997,"Kaiser, Ernst",1955,Thüringerwald und Schiefergebirge,Gotha,Institut für Mundartforschung,E 006 Handbibliothek Dialektologie,Rechts das dritte Regal von hinten,2. von oben,,122,
1998,"Kaiser, Ernst",1954,Südthüringen. Das obere Werra- und Itzgebiet und das Grabfeld,Gotha,Institut für Mundartforschung,E 006 Handbibliothek Dialektologie,Rechts das dritte Regal von hinten,2. von oben,,147,
1999,"Grimm, Frankdieter",1986,Zwischen Rennsteig und Sonneberg,Berlin,FSU Jena Sektion Sprachwissenschaft Fachbereich Deutsch Mundartforschung,E 006 Handbibliothek Dialektologie,Rechts das dritte Regal von hinten,2. von oben,,210 + Karten,
2000,"Engel, Wilhelm & Flach, Willy (Hrsg.)",1933,Festschrift Valetin Hopf zum achtzigsten Geburtstag 27.Januar 1933,Jena,Institut für Mundartforschung,E 006 Handbibliothek Dialektologie,Rechts das dritte Regal von hinten,2. von oben,,242 +Tafeln,
2001,Rat der Stadt Bad Kösen (Hrsg.),1954,Bad Kösen. Ein Heimatbuch,Bad Köseb,Institut für Mundartforschung,E 006 Handbibliothek Dialektologie,Rechts das dritte Regal von hinten,2. von oben,,142,
2002,"Leist, Winfried",1975,Landesherr und Landesfrieden in Thüringen im Spätmittelalter 1247-1349,"Köln, Wien",FSU Jena Sektion Sprachwissenschaft Fachbereich Deutsch Mundartforschung,E 006 Handbibliothek Dialektologie,Rechts das dritte Regal von hinten,2. von oben,,207,Mitteldeutsche Forschungen Band 77
2003,"Bentzien, Ulrich",1980,Bauernabeit im Feudalismus. Landwirtschaftliche Arbeitsgeräte und -verfahren in Deutschland von der Mitte des ersten Jahrtausends u. Z. bis um 1800,Berlin,FSU Jena Sektion Sprachwissenschaft Fachbereich Deutsch Mundartforschung,E 006 Handbibliothek Dialektologie,Rechts das dritte Regal von hinten,2. von oben,,271,Veröffentlichungen zur Volkskunde und Kukturgeschichte Band 67
2004,Hermann Böhlaus Nachfolger,1904,Staatshandbuch für das Großherzogtum Sachsen,Weimar,FSU Jena Sektion Sprachwissenschaft Fachbereich Deutsch Mundartforschung,E 006 Handbibliothek Dialektologie,Rechts das dritte Regal von hinten,2. von oben,,342,
2005,Thüringisches Staatsministerium (Hrsg.),1931,Staatshandbuch für Thüringen ,Weimar,Institut für Mundartforschung,E 006 Handbibliothek Dialektologie,Rechts das dritte Regal von hinten,2. von oben,,558,
2006,"Roth, Elisabeth",1990,Oberfranken im 19. und 20. Jahrhundert,Bayreuth,FSU Jena Sektion Sprachwissenschaft Fachbereich Deutsch Mundartforschung,E 006 Handbibliothek Dialektologie,Rechts das dritte Regal von hinten,2. von oben,,701,
2007,Stadtmuseum Weimar (Hrsg.),1982,"Der Landkreis Weimar. Eine Heimatkunde, Städte & Gemeinden. Städte & Gemeinden 1",Weimar,Arbeitsstelle Thüringisches Wörterbuch,E 006 Handbibliothek Dialektologie,Rechts das dritte Regal von hinten,2. von oben,,108,Weimarer Schriften zur Heimatgeschichte und Naturkunde Heft 41
2008,Stadtmuseum Weimar (Hrsg.),1982,"Der Landkreis Weimar. Eine Heimatkunde, Städte & Gemeinden. Städte & Gemeinden 2",Weimar,Arbeitsstelle Thüringisches Wörterbuch,E 006 Handbibliothek Dialektologie,Rechts das dritte Regal von hinten,2. von oben,,108,Weimarer Schriften zur Heimatgeschichte und Naturkunde Heft 42
2009,Stadtmuseum Weimar (Hrsg.),1982,"Der Landkreis Weimar. Eine Heimatkunde, Städte & Gemeinden. Bilder",Weimar,Arbeitsstelle Thüringisches Wörterbuch,E 006 Handbibliothek Dialektologie,Rechts das dritte Regal von hinten,2. von oben,,72,Weimarer Schriften zur Heimatgeschichte und Naturkunde Heft 43
2010,"Flach, Willy",1938,Stamm und Landschaft Thüringen im Wandel der Geschichte,x,Landeskunde für Thüringer Mundartenforschung,E 006 Handbibliothek Dialektologie,Rechts das dritte Regal von hinten,2. von oben,,19,Blätter für deutsche Landesgeschichte Heft 4 84. Jahrgang (Sonderabruck)
2011,"Hannappel, Martin",1941,Das Gebiet des Archidiakonates Beatae Mariae Virginis Erfurt am Ausgang des Mittelalters ,Jena,Institut für Mundartforschung,E 006 Handbibliothek Dialektologie,Rechts das dritte Regal von hinten,2. von oben,,445,
2012,"Schiffner, Albert",1840,"Beschreibungen von Sachsen und der Ernestinischen, Reußkirschen und Schwatzburgischen Lande ",Stuttgart,Institut für Mundartforschung Jena,E 006 Handbibliothek Dialektologie,Rechts das dritte Regal von hinten,2. von oben,,800,
2013,"Drechsel, Rudolf",1934,Sagen und alte Geschichten aus dem Orlagau,Wernburg,x,E 006 Handbibliothek Dialektologie,Rechts das dritte Regal von hinten,2. von oben,,240,
2014,"Röttländer, Antje et. al. ",1999,Bürgeler Keramik,Jena,Arbeitsstelle Thüringisches Wörterbuch,E 006 Handbibliothek Dialektologie,Rechts das dritte Regal von hinten,2. von oben,,48,
2015,"Werner, Gerhard",,Das Rathaus in Saalfeld,Pößneck,Arbeitsstelle Thüringisches Wörterbuch,E 006 Handbibliothek Dialektologie,Rechts das dritte Regal von hinten,2. von oben,,11,
2016,"Werner, Gerhard",2002,Residenzschloß Saalfeld mit Schloßkapelle,x,Arbeitsstelle Thüringisches Wörterbuch,E 006 Handbibliothek Dialektologie,Rechts das dritte Regal von hinten,2. von oben,,15,
2017,"Guckow, Werner",1932,Natürliche Anbaugebiete Thüringens und Sortenbau landwirtschaftlicher Kulturpflanzen,Jena,"Landesstelle für Thüringische Mundartenforschung Jena, Universität",E 006 Handbibliothek Dialektologie,Rechts das dritte Regal von hinten,2. von oben,,103 + Anhang,
2018,"Werner, Gerhard",1995,Geschichte der Stadt Saalfeld Band 1. 9. Jahrhundert bis 1603,Saalfeld,Arbeitsstelle Thüringisches Wörterbuch,E 006 Handbibliothek Dialektologie,Rechts das dritte Regal von hinten,2. von oben,,170,
2019,"Werner, Gerhard",1996,Geschichte der Stadt Saalfeld Band 2. 1603-1870,Saalfeld,Arbeitsstelle Thüringisches Wörterbuch,E 006 Handbibliothek Dialektologie,Rechts das dritte Regal von hinten,2. von oben,,164,
2020,"Werner, Gerhard",1996,Geschichte der Stadt Saalfeld Band 3. 1871-1933,Saalfeld,Arbeitsstelle Thüringisches Wörterbuch,E 006 Handbibliothek Dialektologie,Rechts das dritte Regal von hinten,2. von oben,,168,
2021,"Werner, Gerhard",1996,Geschichte der Stadt Saalfeld Band 4. 1933-1990,Saalfeld,Arbeitsstelle Thüringisches Wörterbuch,E 006 Handbibliothek Dialektologie,Rechts das dritte Regal von hinten,2. von oben,,208,
2022,"Gräfe, Hans",2002,Die heimischen Mundarten. Dörna - das Dorf im Hagen,Dörna,Arbeitsstelle Thüringisches Wörterbuch,E 006 Handbibliothek Dialektologie,Rechts das dritte Regal von hinten,2. von oben,,45,
2023,"Gräfe, Richard & Patzschke, Hermann",1986,Vun Ledderläden unn Bratschnädern aos Laosens. Alter Holzländer Schnurren in Mundart ,Jena,x,E 006 Handbibliothek Dialektologie,Rechts das dritte Regal von hinten,2. von oben,,64,
2024,"Schmidt, Johann Christian",1991,Der Reußische Robinson,Greiz,Arbeitsstelle Thüringisches Wörterbuch,E 006 Handbibliothek Dialektologie,Rechts das dritte Regal von hinten,2. von oben,,107,
2025,"Werner, Gerhard",1993,Saalfeld in alten Stadtansichten 1860-1920,Saalfeld,Arbeitsstelle Thüringisches Wörterbuch,E 006 Handbibliothek Dialektologie,Rechts das dritte Regal von hinten,2. von oben,,80,
2026,"Coburger, Dieter",1994,Die alten Orts- und Gemeindesiegel der Landeskreise Saalfeld,Saalfeld,Arbeitsstelle Thüringisches Wörterbuch,E 006 Handbibliothek Dialektologie,Rechts das dritte Regal von hinten,2. von oben,,335,
2027,"Zickgraf, Eilhard",1944,Die gefürstete Grafschaft Henneberg-Schleusingen. Geschichte des Territoriums und seiner Organisation,Marburg,Institut für Mundartenforschung,E 006 Handbibliothek Dialektologie,Rechts das dritte Regal von hinten,3. von oben,,278,Schriften des Instituts für geschichtliche Landeskunde von Hessen und Nassau 22. Stück 
2028,"Hellermann, Walter",1930,Alt-Ronneburg und sein Handwerk,Ronneburg,Sektion Sprachwissenschaft Fachbereich Deutsch Mundartforschung,E 006 Handbibliothek Dialektologie,Rechts das dritte Regal von hinten,3. von oben,,366,
2029,"Füllner, Waldemar",1937,Der Stand der deutsch-slawischen Auseinandersetzung zur Zeit Thietmars von Merseburg,Jena,Institut für Mundartenforschung,E 006 Handbibliothek Dialektologie,Rechts das dritte Regal von hinten,3. von oben,,176,Beiträge zur mittelalterlichen und neueren Geschichte. Herausgegeben von Friedrich Schneider Band 8
2030,"Patze, Hans",1955,Recht und Verfassung Thüringischer Städte,Weimar,Institut für Mundartenforschung,E 006 Handbibliothek Dialektologie,Rechts das dritte Regal von hinten,3. von oben,,299,Thüringische Archivstudien Hrsg. Von Willy Flach Band 6 
2031,"Beck, August",1875,"Geschichte der gothaischen Landstädte, Marktflecken und Dörfer. Theil I & II",Gotha,FSU Jena Sektion Sprachwissenschaft Fachbereich Deutsch Mundartforschung,E 006 Handbibliothek Dialektologie,Rechts das dritte Regal von hinten,3. von oben,,480+470,
2032,"Kaiser, Ernst",1961,Ostthüringen ,Gotha,Institut für Mundartenforschung,E 006 Handbibliothek Dialektologie,Rechts das dritte Regal von hinten,3. von oben,,139,
2033,"Wendling, Peter",1994,Slang Register Hochdeutsch - Umgangsdeutsch. Würzwörter vom Feinsten,München,"Sächsische Akademie der Wissenschaften zu Leipzig, Sprachwissenschaftliche Kommission, Arbeitsstelle Thüringisches Wörterbuch",E 006 Handbibliothek Dialektologie,Rechts das dritte Regal von hinten,3. von oben,,320,
2034,Dudenverlag,1998,Duden. Wie sagt man in Österreich? Wörterbuch des österreichischen Deutsch,"Mannheim, Leipzig, Wien, Zürich",Thüringisches Wörterbuch. Arbeitsstelle der FSU Jena und der Sächsischen Akademie der Wissensachaften zu Leipzig,E 006 Handbibliothek Dialektologie,Rechts das dritte Regal von hinten,3. von oben,,381,
2035,"Buscha, Joachim",1989,Lexikon deutscher Konjunktionen,Leipzig,FSU Jena Sektion Sprachwissenschaft  ,E 006 Handbibliothek Dialektologie,Rechts das dritte Regal von hinten,3. von oben,,159,
2036,"Grimm, Hans-Jürgen",1989,Lexikon zum Artikelgebrauch,Leipzig,FSU Jena Sektion Sprachwissenschaft Wissenschaftsbereich Deutsch Abt. Mundartforschung,E 006 Handbibliothek Dialektologie,Rechts das dritte Regal von hinten,3. von oben,,236,
2037,"Schröder, Joachim",1990,Lexikon der Präpositionen,Leipzig,"Sächsische Akademie der Wissenschaften zu Leipzig, Sprachwissenschaftliche Kommission, Arbeitsstelle Thüringisches Wörterbuch",E 006 Handbibliothek Dialektologie,Rechts das dritte Regal von hinten,3. von oben,,268,
2038,"Osman, Nabil (Hrsg.)",1993,Kleines Lexikon deutscher Wörter arabischer Herkunft,München,Arbeitsstelle Thüringisches Wörterbuch,E 006 Handbibliothek Dialektologie,Rechts das dritte Regal von hinten,3. von oben,,140,Bek'sche Reihe 456
2039,"Lötzsch, Ronald",1992,Jiddisches Wörterbuch,"Mannheim, Leipzig, Wien, Zürich","Sächsische Akademie der Wissenschaften zu Leipzig, Sprachwissenschaftliche Kommission, Arbeitsstelle Thüringisches Wörterbuch",E 006 Handbibliothek Dialektologie,Rechts das dritte Regal von hinten,3. von oben,,204,
2040,"Seibicke, Wilfried",1983,"Wie sagt man anderswo? Alsterwasser oder Radlermaß? Fleischer, Metzger oder Schlachter","Mannhein, Wien, Zürich","Sächsische Akademie der Wissenschaften zu Leipzig, Sprachwissenschaftliche Kommission, Arbeitsstelle Thüringisches Wörterbuch",E 006 Handbibliothek Dialektologie,Rechts das dritte Regal von hinten,3. von oben,,190,
2041,"Osman, Nabil (Hrsg.)",1992,Kleines Lexikon untergegangener Wörter,München,"Sächsische Akademie der Wissenschaften zu Leipzig, Sprachwissenschaftliche Kommission, Arbeitsstelle Thüringisches Wörterbuch",E 006 Handbibliothek Dialektologie,Rechts das dritte Regal von hinten,3. von oben,,263,
2042,"Helbig, Gerhard & Helbig, Agnes",1993,Lexikon deutscher Modalwörter,"Leipzig, Berlin, München, Wien, Zürich, New York","Sächsische Akademie der Wissenschaften zu Leipzig, Sprachwissenschaftliche Kommission, Arbeitsstelle Thüringisches Wörterbuch",E 006 Handbibliothek Dialektologie,Rechts das dritte Regal von hinten,3. von oben,,300,
2043,"Besch, Werner",1998,"Duzen, Siezen, Titulieren. Zur Anrede im Deutschen heute und gestern",Göttingen,Thüringisches Wörterbuch. Arbeitsstelle der FSU Jena und der Sächsischen Akademie der Wissensachaften zu Leipzig,E 006 Handbibliothek Dialektologie,Rechts das dritte Regal von hinten,3. von oben,,160,
2044,"Krahl, Siegfried & Kurz, Josef",1984,Kleines Wörterbuch der Stilkunde,Leipzig,FSU Jena Sektion Sprachwissenschaft Wissenschaftsbereich Deutsch Abt. Mundartforschung,E 006 Handbibliothek Dialektologie,Rechts das dritte Regal von hinten,3. von oben,,143,
2045,"Badusch, Renate",1984,"Punkt, Punkt, Komma, Strich. Regeln und Zweifelsfälle der deutschen Zeichensetzung",Leipzig,FSU Jena Sektion Sprachwissenschaft Wissenschaftsbereich Deutsch Abt. Mundartforschung,E 006 Handbibliothek Dialektologie,Rechts das dritte Regal von hinten,3. von oben,,192,
2046,"Görner, Herbert",1979,Redensarten. Kleine Idiomatik der deutschen Sprache,Leipzig,FSU Jena Sektion Sprachwissenschaft Wissenschaftsbereich Deutsch Abt. Mundartforschung,E 006 Handbibliothek Dialektologie,Rechts das dritte Regal von hinten,3. von oben,,261,
2047,"Agricola, Christiane & Agricola, Erhard",1984,Wörter und Gegenwörter. Antonyme der deutschen Sprache ,Leipzig,FSU Jena Sektion Sprachwissenschaft Wissenschaftsbereich Deutsch Abt. Mundartforschung,E 006 Handbibliothek Dialektologie,Rechts das dritte Regal von hinten,3. von oben,,280,
2048,"Heinemann, Margot",1989,Kleines Wörterbuch der Jugendsprache,Leipzig,FSU Jena Sektion Sprachwissenschaft Wissenschaftsbereich Deutsch Abt. Mundartforschung,E 006 Handbibliothek Dialektologie,Rechts das dritte Regal von hinten,3. von oben,,122,
2049,"Görner, Herbert & Kempcke, Günter",1987,Kleines Synonymwörterbuch,Leipzig,FSU Jena Sektion Sprachwissenschaft Wissenschaftsbereich Deutsch Abt. Mundartforschung,E 006 Handbibliothek Dialektologie,Rechts das dritte Regal von hinten,3. von oben,,430,
2050,"Herfurth, Michael",1988,Kleines Wörterbuch der deutschen Sprache,Leipzig,FSU Jena Sektion Sprachwissenschaft Wissenschaftsbereich Deutsch Abt. Mundartforschung,E 006 Handbibliothek Dialektologie,Rechts das dritte Regal von hinten,3. von oben,,365,
2051,"Krahl, Siegfried & Kurz, Josef",1973,Kleines Wörterbuch der Stillkunde,Leipzig,FSU Jena Sektion Sprachwissenschaft Wissenschaftsbereich Deutsch Abt. Mundartforschung,E 006 Handbibliothek Dialektologie,Rechts das dritte Regal von hinten,3. von oben,,141,
2052,"Wiegand, Wolfgang & Schoenau, Hans Arthur",1991,Das Landkreis Sonneberg. Historisch in Wort und Bild,Horb am Necker,Arbeitsstelle Thüringisches Wörterbuch,E 006 Handbibliothek Dialektologie,Rechts das dritte Regal von hinten,3. von oben,,167,
2053,"Spiess, B.",1897,Die Rhön. Praktisches Reisehandbuch,Meiningen,Institut für Mundartenforschung,E 006 Handbibliothek Dialektologie,Rechts das dritte Regal von hinten,3. von oben,,100,
2054,"Wiesinger, Peter",1987,"Bibliographie zur Grammatik der deutschen Grammatik. Laut-, Formen-, Wortbildungs- und Satzlehre 1981 bis 1985 und Nachträgen aus frühren Jahren","Bern, Frankfurt am Main, New York, Paris",FSU Jena Sektion Sprachwissenschaft Wissenschaftsbereich Deutsch Abt. Mundartforschung,E 006 Handbibliothek Dialektologie,Rechts das dritte Regal von hinten,3. von oben,,195,
2055,"Wiesinger, Peter",1982,"Bibliographie zur Grammatik der deutschen Grammatik. Laut-, Formen-, Wortbildungs- und Satzlehre 1800 bis 1980","Bern, Frankfurt am Main ",FSU Jena Sektion Sprachwissenschaft Wissenschaftsbereich Deutsch Abt. Mundartforschung,E 006 Handbibliothek Dialektologie,Rechts das dritte Regal von hinten,3. von oben,,515,
2056,,1929,Thüringen und seine Stellung in und zu Mitteldeutschland,Weimar,"Landesstelle für Thüringische Mundartenforschung Jena, Universität",E 006 Handbibliothek Dialektologie,Rechts das dritte Regal von hinten,3. von oben,,185,
2057,Akademie gemeinnütziger Wissenschaften zu Erfurt (Hrsg.),1933,Die Einheit Thüringens,Erfurt,Landesstelle für Thüringische Volkskunde,E 006 Handbibliothek Dialektologie,Rechts das dritte Regal von hinten,3. von oben,,62,Schriftenreihe der Abteilung für Wirtschaft und Verwaltung Heft 5
2058,"Mühlmann, Ottogerd",1977,Seltene Funde und Forschungen eines Denkmalpflegers,Nürnberg,Arbeitsstelle Thüringisches Wörterbuch,E 006 Handbibliothek Dialektologie,Rechts das dritte Regal von hinten,3. von oben,,117,
2059,"Patze, Hans",1962,Die Entstehung der Landesherrschaft in Thüringen 1. Teil,"Köln, Graz",Institut für Mundartenforschung,E 006 Handbibliothek Dialektologie,Rechts das dritte Regal von hinten,3. von oben,,688 + Karten,Mitteldeutsche Forschungen Band 22
2060,"Herrmann, Rudolf",1937,Thüringische Kirchengeschichte Band 1,Jena,Landesstelle für Thüringische Mundartenforschung Universität Jena,E 006 Handbibliothek Dialektologie,Rechts das dritte Regal von hinten,4. von oben,,314,
2061,"Herrmann, Rudolf",1947,Thüringische Kirchengeschichte Band 2,Jena,Institut für Mundartforschung an der Friedrich-Schiller-Universität,E 006 Handbibliothek Dialektologie,Rechts das dritte Regal von hinten,4. von oben,,696,
2062,Pflüger,x,verschiedene Texte und Gedichte,x,Institut für Mundartforschung,E 006 Handbibliothek Dialektologie,Rechts das dritte Regal von hinten,4. von oben,,289-384,
2063,"Denner, Richard",1935,Der Reinstädter Grund im Spiegelbild der Geschichte,Kahla,"Landesstelle für Thüringische Mundartenforschung Jena, Universität",E 006 Handbibliothek Dialektologie,Rechts das dritte Regal von hinten,4. von oben,,220,
2064,"Regel, Fritz",1894,Thüringen. Ein geographisches Handbuch. Zweiter Teil: Biogeographie. Erstes Buch. Pflanzen- und Tierverbreitung,Jena,Institut für Mundartforschung an der Friedrich-Schiller-Universität,E 006 Handbibliothek Dialektologie,Rechts das dritte Regal von hinten,4. von oben,,379,
2065,"Regel, Fritz",1895,Thüringen. Ein geographisches Handbuch. Zweiter Teil: Biogeographie. Zweites Buch: Die Bewohner ,Jena,Institut für Mundartforschung an der Friedrich-Schiller-Universität,E 006 Handbibliothek Dialektologie,Rechts das dritte Regal von hinten,4. von oben,,471-840,
2066,"Regel, Fritz",1896,"Thüringen. Ein geographisches Handbuch, Dritter Teil: Kulturgeographie",Jena,Institut für Mundartforschung an der Friedrich-Schiller-Universität,E 006 Handbibliothek Dialektologie,Rechts das dritte Regal von hinten,4. von oben,,490,
2067,Verein für die Geschichte und Alterthumskunde von Erfurt,1867,Mittheilungen Drittes Heft,Erfurt,Institut für Mundartforschung an der Friedrich-Schiller-Universität,E 006 Handbibliothek Dialektologie,Rechts das dritte Regal von hinten,4. von oben,,194,
2068,Verein für die Geschichte und Alterthumskunde von Erfurt,1869,Mittheilungen Viertes Heft,Erfurt,Institut für Mundartforschung an der Friedrich-Schiller-Universität,E 006 Handbibliothek Dialektologie,Rechts das dritte Regal von hinten,4. von oben,,198,
2069,Verein für die Geschichte und Altertumskunde von Erfurt,1904,Mitteilungen Fünfundzwanzigstes Heft,Erfurt,Institut für Mundartforschung an der Friedrich-Schiller-Universität,E 006 Handbibliothek Dialektologie,Rechts das dritte Regal von hinten,4. von oben,,122,
2070,Verein für die Geschichte und Altertumskunde von Erfurt,1914,Mitteilungen Fünfunddreißigstes Heft,Erfurt,Institut für Mundartforschung an der Friedrich-Schiller-Universität,E 006 Handbibliothek Dialektologie,Rechts das dritte Regal von hinten,4. von oben,,95,
2071,"Wandsleb, Alfred",1911,Die deutsche Kolonisation des Orlagaues. (7. bis 13. Jahrhundert),Jena,Institut für Mundartforschung Jena,E 006 Handbibliothek Dialektologie,Rechts das dritte Regal von hinten,4. von oben,,72,Zeitschrift des Vereins für Thüringische Geschichte und Altertumskunde herausgegeben von Dr. Otto Dobenecker Neue Folge. Viertes Supplementheft
2072,Vereinigung für Gothaische Geschichte und Altertumsforschung,1921,Mitteilungen Jahrgang 1920/1921,Gotha,Institut für Mundartforschung an der Friedrich-Schiller-Universität,E 006 Handbibliothek Dialektologie,Rechts das dritte Regal von hinten,4. von oben,,67,
2073,"Arndt, Georg",1927,Das Kirchen patronat in Thüringen,Jena,Institut für Mundartforschung Jena,E 006 Handbibliothek Dialektologie,Rechts das dritte Regal von hinten,4. von oben,,153,Zeitschrift des Vereins für Thüringische Geschichte und Altertumskunde herausgegeben von Dr. Otto Dobenecker Neue Folge. Zehntes Beiheft
2074,"Bartholomäus, Georg",1939,Die Bevölkerungsbewegung im Eisenacher Land seit dem 16. Jahrhundert,Jena,Institut für Mundartforschung Jena,E 006 Handbibliothek Dialektologie,Rechts das dritte Regal von hinten,4. von oben,,157 + 3 Zeichnungen und 7 Tafeln,Zeitschrift des Vereins für Thüringische Geschichte und Altertumskunde in Verbindung mit Willy Flach und Günther Franz herausgegeben von Georg Mentz. Neue Folge. Zwanzigstes Beiheft
2075,Geschichts- und Altertumsforschenden Vereins zu Eisenberg im Herzogtum Sachsen-Altenburg,1909,Mitteilungen Vierundzwanzigstes und fünfundzwanzigstes Heft,Eisenberg,Institut für Mundartforschung Jena,E 006 Handbibliothek Dialektologie,Rechts das dritte Regal von hinten,4. von oben,,218-352,
2076,"Dobenecker, Otto",1930,Der ganzen Folge siebenunddreißigster Band Heft 1,Jena,Institut für Mundartforschung Jena,E 006 Handbibliothek Dialektologie,Rechts das dritte Regal von hinten,4. von oben,,288,Zeitschrift des Vereins für Thüringische Geschichte und Altertumskunde herausgegeben von Dr. Otto Dobenecker. Neue Folge. Neunundzwanzigster Band
2077,Bibliothekar Riedel,1927-1937,Mitteilungen der Gemeinde der Steinsburgfreunde 1. Band 1927-1932 und 2. Band 1933-1937,Meiningen,Institut für Mundartforschung an der Friedrich-Schiller-Universität,E 006 Handbibliothek Dialektologie,Rechts das dritte Regal von hinten,4. von oben,,,
2078,"Diezel, Rudolf",1943,Die Ämterbezirke in Sachsen=Weimar seit dem 16. Jahrhundert. Eine verwaltungsgeschichtlich-topographische Untersuchung,Jena,Institut für Mundartforschung Jena,E 006 Handbibliothek Dialektologie,Rechts das dritte Regal von hinten,4. von oben,,114,Zeitschrift der Vereins für Thüringische Geschichte 27. Beiheft
2079,"Müller, H.",1908,Rossach im Itzgrund,Coburg,Institut für Mundartforschung an der Friedrich-Schiller-Universität,E 006 Handbibliothek Dialektologie,Rechts das dritte Regal von hinten,4. von oben,,33,Heimatkundliche Bilder aus dem Herzogtum Coburg I.
2080,"Naumann, L.",1899,Skizzen und Bilder einer Heimatskunde des Kreises Erkartsberga 2. Heft,Erkartsberga,Institut für Mundartforschung an der Friedrich-Schiller-Universität,E 006 Handbibliothek Dialektologie,Rechts das dritte Regal von hinten,4. von oben,,126,
2081,"Devrient, Ernst",1903,"Saalfeldische Historien von M. Caspar Sagittarius, weiland Rector der Schule zu Saalfeld und Professor der Geschichte zu Jena 1. Teil. Bis zur Reformation",Saalfeld an der Saale,Sektion Sprachwissenschaft Fachbereich Deutsch Mundartforschung,E 006 Handbibliothek Dialektologie,Rechts das dritte Regal von hinten,4. von oben,,189,
2082,"Schmidt, P.",1900,Burgscheidungen,Burgscheidungen,Institut für Mundartforschung Jena,E 006 Handbibliothek Dialektologie,Rechts das dritte Regal von hinten,4. von oben,,143,
2083,"Schneider, Gottlob",1907,Alte Heimaterinnerungen an Dorf und Stadt I.,Gotha,"Thüringisches Wörterbuch Jena, Institut für Mundartforschung an der Friedrich-Schiller-Universität",E 006 Handbibliothek Dialektologie,Rechts das dritte Regal von hinten,4. von oben,,13,
2084,"Schneider, Gottlob",1908,Alte Heimaterinnerungen an Dorf und Stadt II.,Gotha,"Thüringisches Wörterbuch Jena, Institut für Mundartforschung an der Friedrich-Schiller-Universität",E 006 Handbibliothek Dialektologie,Rechts das dritte Regal von hinten,4. von oben,,15,
2085,"Volk, Max",1949,Das Kirchspiel Steinach Thüringen,Steinach,Institut für Mundartforschung Jena,E 006 Handbibliothek Dialektologie,Rechts das dritte Regal von hinten,4. von oben,,114,
2086,Rat der Gemeinde Aderstedt,1963,900 Jahre Aderstedt,Aderstedt,Institut für Mundartforschung Jena,E 006 Handbibliothek Dialektologie,Rechts das dritte Regal von hinten,4. von oben,,85,
2087,Museumsgesellschaft,1912,Alt-Arnstadt. Beiträge zur Heimatkunde von Arnstadt und Umgegend 4. Heft,Arnstadt,"Landesstelle für Thüringische Mundartforschung Jena, Universität",E 006 Handbibliothek Dialektologie,Rechts das dritte Regal von hinten,4. von oben,,78,
2088,Braunschweigischer Landesverein für Heimatschutz,1950,Braunschweigische Heimat,Braunschweig,Institut für Mundartforschung Jena,E 006 Handbibliothek Dialektologie,Rechts das dritte Regal von hinten,4. von oben,,188,
2089,Gemeinde Effelder,1956,"Festschrift zur Jahrtausendfeier der Gemeinde Effelder, Kreis Sonneberg am 30. Juni und 1. Juli 1956",Effelder,Institut für Mundartforschung Jena,E 006 Handbibliothek Dialektologie,Rechts das dritte Regal von hinten,4. von oben,,63,
2090,"Abbaß, Wilhelm und Buff, Albert",1924,Die Dunkelgräfin. Festspiel zum 600 jährigen Stadtjubiläum zu Hildburghausen,Hildburghausen,Institut für Mundartforschung an der Friedrich-Schiller-Universität,E 006 Handbibliothek Dialektologie,Rechts das dritte Regal von hinten,4. von oben,,64,
2091,"Apel, Hans und Apel, Klaus",1955,Lauscha und das südthüringische Rennsteiggebiet,Leipzig,Institut für Mundartforschung Jena,E 006 Handbibliothek Dialektologie,Rechts das dritte Regal von hinten,4. von oben,,63,Unser kleines Wanderheft Heft 38
2092,"Rehr, Otto",1903,Bunte Bilder aus der Geschichte von Triebes und seiner Umgebung,Triebes,Institut für Mundartforschung Jena,E 006 Handbibliothek Dialektologie,Rechts das dritte Regal von hinten,4. von oben,,55,
2093,"Berndt, Martin",1914,Benshausen. Heimatkundliche Betrachtungen,Benshausen,Institut für Mundartforschung Jena,E 006 Handbibliothek Dialektologie,Rechts das dritte Regal von hinten,4. von oben,,119,
2094,"Bechstein, Karl",1935,"Alt-Weimars örtliche Entwicklung nach Aktenmaterial, Steuerkatastern, Plänen und Karten",Weimar,Land Thüringen. Thüringisches Flurnamenarchiv,E 006 Handbibliothek Dialektologie,Rechts das dritte Regal von hinten,4. von oben,,28,"Neue Beiträge zur Geschichte der Stadt Weimar herausgegeben von Fritz Fink Band 1 , Heft 2"
2095,"Caemmerer, Erich",1956,Vor- und Frühgeschichte Arnstadts und seiner weiteren Umgebung bis zur Mitte des 10. Jahrhunderts,Jena,Institut für Mundartforschung Jena,E 006 Handbibliothek Dialektologie,Rechts das dritte Regal von hinten,4. von oben,,145,Beiträge zur mittelalterlichen und neueren Geschichte. Herausgegeben von Friedrich Schneider Band 26
2096,"Schneider, Gustav",1912,Führer durch die Rhön,Würzburg,Institut für Mundartforschung Jena,E 006 Handbibliothek Dialektologie,Rechts das dritte Regal von hinten,4. von oben,,252,
2097,"Timm, Albrecht",1956,Studien zur Siedlungs- und Agrargeschichte Mitteldeutschlands,Köln/Graz,Institut für Mundartforschung Jena,E 006 Handbibliothek Dialektologie,Rechts das dritte Regal von hinten,4. von oben,,177,
2098,"Wähler, Martin",1939,Schmiedefeld am Rennsteig,Erfurt,Institut für Mundartforschung Jena,E 006 Handbibliothek Dialektologie,Rechts das dritte Regal von hinten,4. von oben,,119,
2099,Hallische Nachrichten,1927,Halle als Kultur- und Wirtschaftszentrum,Halle,Institut für Mundartforschung an der Friedrich-Schiller-Universität,E 006 Handbibliothek Dialektologie,Rechts das dritte Regal von hinten,4. von oben,,137,
2100,Ortsgeschichtlicher Verein in Weida,1934,"Weidaer Kirchen Geschichte 1150-1550 mit 8 Tafeln, 11 Abbildungen und 1 Karte",Weida,Land Thüringen. Thüringisches Flurnamenarchiv,E 006 Handbibliothek Dialektologie,Rechts das dritte Regal von hinten,4. von oben,,90,Geschichte der Stadt Weida in Einzeldarstellungen 1. Band Heft 5
2101,"Behr, Otto",1903,Triebeser Schulchronik. Ein Beitrag zur Geschichte der Landschulen in der Herrschaft Schleiz,Triebes,Institut für Mundartforschung Jena,E 006 Handbibliothek Dialektologie,Rechts das dritte Regal von hinten,4. von oben,,43,
2102,"Bach, Erwin",1939,Das Verkehrsnetz Thüringens geographisch betrachtet,Halle (Saale),Institut für Mundartforschung an der Friedrich-Schiller-Universität,E 006 Handbibliothek Dialektologie,Rechts das dritte Regal von hinten,4. von oben,,131,Beihefte zu den Mitteilungen des sächsisch-thüringischen Vereins für Erdkunde zu Halle an der Saale Nr. 11
2103,"Gothe, Hubert",1938,Wirtschaftsgeographie des südlichen Harzvorlandes,Halle (Saale),Institut für Mundartforschung an der Friedrich-Schiller-Universität,E 006 Handbibliothek Dialektologie,Rechts das dritte Regal von hinten,4. von oben,,145,Beihefte zu den Mitteilungen des sächsisch-thüringischen Vereins für Erdkunde zu Halle an der Saale Nr. 10
2104,"Eberhardt, Hans",1932,Die Anfänge des Territorialfürstentums in Nordthüringen. Nebst Beiträgen zur Geschichte des nordthüringischen Reichsgutes,Jena,Institut für Mundartforschung an der Friedrich-Schiller-Universität,E 006 Handbibliothek Dialektologie,Rechts das dritte Regal von hinten,4. von oben,,66,Beiträge zur mittelalterlichen und neueren Geschichte herausgegeben von Friedrich Schneider Band 2
2105,"Engelmann, Johannes",1933,"Untersuchungen zur klösterlichen Verfassungsgeschichte in den Diözesen Magdeburg, Meißen, Merseburg und Zeitz-Naumburg (etwa 950 bis etwa 1350)",Jena,Institut für Mundartforschung Jena,E 006 Handbibliothek Dialektologie,Rechts das dritte Regal von hinten,4. von oben,,70,Beiträge zur mittelalterlichen und neueren Geschichte herausgegeben von Friedrich Schneider Band 4
2106,"von Geldern-Crispendorf, Günther",1930,Kulturgeographie des Frankenwaldes,Halle (Saale),Institut für Mundartforschung an der Friedrich-Schiller-Universität,E 006 Handbibliothek Dialektologie,Rechts das dritte Regal von hinten,4. von oben,,282,Beihefte zu den Mitteilungen des sächsisch-thüringischen Vereins für Erdkunde zu Halle an der Saale Nr. 1
2107,"Kahse, Karl",1936,Untersuchungen über die Führung der Verkehrswege im östlichen und nordöstlichen Harzvorland,Halle (Saale),Institut für Mundartforschung an der Friedrich-Schiller-Universität,E 006 Handbibliothek Dialektologie,Rechts das dritte Regal von hinten,4. von oben,,87,Beihefte zu den Mitteilungen des sächsisch-thüringischen Vereins für Erdkunde zu Halle an der Saale Nr. 5
2108,"Krasselt, Walter",1938,Verkehrgeographie des Vogtlandes,Halle (Saale),Institut für Mundartforschung an der Friedrich-Schiller-Universität,E 006 Handbibliothek Dialektologie,Rechts das dritte Regal von hinten,4. von oben,,121,Beihefte zu den Mitteilungen des sächsisch-thüringischen Vereins für Erdkunde zu Halle an der Saale Nr. 9
2109,"Rühn, Erich",1941,"Die bäuerlichen Güter und ihre Vererbung im Herzogtum Sachsen-Altenburg. Ein Beitrag zur Frage, ob in Sachsen-Altenburg Anerbenrecht und Jüngstenrecht bestanden hat",Jena,Institut für Mundartforschung Jena,E 006 Handbibliothek Dialektologie,Rechts das dritte Regal von hinten,4. von oben,,140,Arbeiten zur Landes- und Volksforschung herausgegeben von der Anstalt für geschichtliche Landeskunde an der Friedrich-Schiller-Universität Band 9
2110,"Schubert, Artur",1936,Nebenerwerbssiedlung unter besonderer Berücksichtigung Thüringens,Weimar,Landesstelle für Thüringische Volkskunde Universität Jena,E 006 Handbibliothek Dialektologie,Rechts das dritte Regal von hinten,4. von oben,,88,
2111,"Träger, Rudolf",1941,Das Amt Leuchtenburg im Mittelalter,Jena,Institut für Mundartforschung Jena,E 006 Handbibliothek Dialektologie,Rechts das dritte Regal von hinten,4. von oben,,196,Arbeiten zur Landes- und Volksforschung herausgegeben von der Anstalt für geschichtliche Landeskunde an der Friedrich-Schiller-Universität Band 8
2112,"Zauft, Hugo",1932,Wirtschaftsgeographie des östlichen Harzvorlandes,Halle (Saale),Institut für Mundartforschung an der Friedrich-Schiller-Universität,E 006 Handbibliothek Dialektologie,Rechts das dritte Regal von hinten,4. von oben,,108,Beihefte zu den Mitteilungen des sächsisch-thüringischen Vereins für Erdkunde zu Halle an der Saale Nr. 2
2113,"Bittorf, Hans",1930,Die Vererbungsgewohnheiten des bäuerlichen Grundbesitzes im Landkreis Hildburghausen,Jena,"Landesstelle für Thüringische Mundartforschung Jena, Universität",E 006 Handbibliothek Dialektologie,Rechts das dritte Regal von hinten,4. von oben,,75,
2114,"Bromme, Erich",1929,Das Fürstentum Sachsen-Weimar zur Zeit des Dreißigjährigen Krieges. (Darstellung an Hand der Landesvisitationsakten von 1603-1643),Halle (Saale),"Landesstelle für Thüringische Mundartforschung Jena, Universität",E 006 Handbibliothek Dialektologie,Rechts das dritte Regal von hinten,4. von oben,,95,
2115,"Claus, Herbert",1932,Der Einfluss des Altenburger Braunkohlenbergbaues auf die Landwirtschaft des Landkreises Altenburg,Jena,FSU Jena Sektion Sprachwissenschaft Wissenschaftsbereich Deutsch Abt. Mundartforschung,E 006 Handbibliothek Dialektologie,Rechts das dritte Regal von hinten,4. von oben,,73,
2116,"Henning, Günther Lothar",1932,Erfurts wirtschaftliche Zustände am Ende des 18. Jahrhunderts,Jena,"Landesstelle für Thüringische Mundartforschung Jena, Universität",E 006 Handbibliothek Dialektologie,Rechts das dritte Regal von hinten,4. von oben,,31,
2117,"Herold, Erika",1934,Die Landarbeiterverhältnisse in den beiden Mansfelder Kreisen,Eisleben-Lutherstadt,"Landesstelle für Thüringische Mundartforschung Jena, Universität",E 006 Handbibliothek Dialektologie,Rechts das dritte Regal von hinten,4. von oben,,99,
2118,"Hess, Harry",1930,Die Thüringische Dachschieferindustrie,Halle (Saale),FSU Jena Sektion Sprachwissenschaft Wissenschaftsbereich Deutsch Abt. Mundartforschung,E 006 Handbibliothek Dialektologie,Rechts das dritte Regal von hinten,4. von oben,,68,
2119,"Ruhl, Nikolaus",1933,Spannkühe in feinbäuerlichen Betrieben Thüringens. Untersuchungen über ihre Wirtschaftlichkeit an Hand von vergleichenden Fütterungsversuchen und Zugkraftmessungen,Zeulenroda,"Landesstelle für Thüringische Mundartforschung Jena, Universität",E 006 Handbibliothek Dialektologie,Rechts das dritte Regal von hinten,4. von oben,,75,
2120,"Krause, Hermann",1932,Die Landarbeiterverhältnisseim Landkreis Altenburg,Jena,FSU Jena Sektion Sprachwissenschaft Wissenschaftsbereich Deutsch Abt. Mundartforschung,E 006 Handbibliothek Dialektologie,Rechts das dritte Regal von hinten,4. von oben,,108,
2121,"Merbach, Rolf Oskar",1933,Die Versorgung der Stadt Gotha mit Lebensmitteln,Jena,"Landesstelle für Thüringische Mundartforschung Jena, Universität",E 006 Handbibliothek Dialektologie,Rechts das dritte Regal von hinten,4. von oben,,70,
2122,"Meng, Armin",1930,Die Beziehung der landwirtschaftlichen Bodennnutzung in Thüringen zu den natürlichen Verhältnissen,Jena,"Landesstelle für Thüringische Mundartforschung Jena, Universität",E 006 Handbibliothek Dialektologie,Rechts das dritte Regal von hinten,4. von oben,,94,
2123,"Schilling, Herbert",1930,Jena-Ammerbach. Eine wirtschaftsgeschichtliche Untersuchung,Jena,Mundartforschung Jena,E 006 Handbibliothek Dialektologie,Rechts das dritte Regal von hinten,4. von oben,,79,
2124,"Schnellenkamp, Werner",1929,Siedlungsgeschichtliche Abhandlung Erfurt? (nicht erkennbar),Jena,"Landesstelle für Thüringische Mundartforschung Jena, Universität",E 006 Handbibliothek Dialektologie,Rechts das dritte Regal von hinten,4. von oben,,86,
2125,"Simon, Marie",1931,Der wissenschaftliche Streit über die Berechtigung der Heimarbeit und die Heimarbeit unter der Jenaer Bevölkerung,Jena,"Landesstelle für Thüringische Mundartforschung Jena, Universität",E 006 Handbibliothek Dialektologie,Rechts das dritte Regal von hinten,4. von oben,,88-115,
2126,"Nennstiel, Karl",1931,Springquellen und andere starke Quellen Thüringens,Jena,"Landesstelle für Thüringische Mundartforschung Jena, Universität",E 006 Handbibliothek Dialektologie,Rechts das dritte Regal von hinten,4. von oben,,36,
2127,"Thierfelder, Franz",1929,Bevölkerungsentwicklung und -versicherung im Bereiche des ehemaligen Altenburger Ostkreises von 1816-1925,Jena,"Landesstelle für Thüringische Mundartforschung Jena, Universität",E 006 Handbibliothek Dialektologie,Rechts das dritte Regal von hinten,4. von oben,,146,
2128,"Thoss, Alfred",1932,"Die Geschichte der Stadt Greiz von den Anfängen bis zum Ausgang des 17. Jahrhunderts mit besonderer Berücksichtigung der Rechts-, Verfassungs- und Wirtschaftsentwicklung",Jena,"Landesstelle für Thüringische Mundartforschung Jena, Universität",E 006 Handbibliothek Dialektologie,Rechts das dritte Regal von hinten,4. von oben,,33,
2129,"Tümmler, Hans",1929,"Die Geschichte der Grafen von Gleichen von ihrem Ursprung bis zum Verkauf des Eichsfeldes, ca. 1100-1294",Jena,"Landesstelle für Thüringische Mundartforschung Jena, Universität",E 006 Handbibliothek Dialektologie,Rechts das dritte Regal von hinten,4. von oben,,27,
2130,"Zierfuß, Kurt",1931,Die Beziehungen der Mainzer Erzbischhöfe zu Thüringen von Bonifaz bis 1305,Jena,"Landesstelle für Thüringische Mundartforschung Jena, Universität",E 006 Handbibliothek Dialektologie,Rechts das dritte Regal von hinten,4. von oben,,164,
2131,"Kunze, Martin",1931,Schwarzburg-Sondershausen in der deutschen Revolution von 1848/49,Jena,"Landesstelle für Thüringische Mundartforschung Jena, Universität",E 006 Handbibliothek Dialektologie,Rechts das dritte Regal von hinten,4. von oben,,17,
2132,"Abe, Robert et al.",1933,"Breitunger Heimatbuch. Alten-, Frauen und Herrenbreitungen in Wort und Bild 933-1933",Breitungen/Werra,"Landesstelle für Thüringische Mundartforschung Jena, Universität",E 006 Handbibliothek Dialektologie,Rechts das dritte Regal von hinten,4. von oben,,240,
2133,"Loeffelholz, Karl",1913,Eichsfelder Monatsblätter für Heimat und Fremde Nr. 4,Heiligenstadt,Institut für Mundartforschung an der Friedrich-Schiller-Universität,E 006 Handbibliothek Dialektologie,Rechts das dritte Regal von hinten,4. von oben,,62-77,
2134,Landkreis Eisenach,1936,Heimatblätter für den Kreis Eisenach Heft 4,Eisenach,Institut für Mundartforschung an der Friedrich-Schiller-Universität,E 006 Handbibliothek Dialektologie,Rechts das dritte Regal von hinten,4. von oben,,51-76,
2135,Landkreis Eisenach,1935,Heimatblätter für den Kreis Eisenach Heft 1 und 2,Eisenach,Institut für Mundartforschung an der Friedrich-Schiller-Universität,E 006 Handbibliothek Dialektologie,Rechts das dritte Regal von hinten,4. von oben,,31,
2136,x,1935,Heimatblätter Gera,Gera,"Landesstelle für Thüringische Mundartforschung Jena, Universität",E 006 Handbibliothek Dialektologie,Rechts das dritte Regal von hinten,4. von oben,,,
2137,Ausschuß für das Heimatwerk Hildburghausen,1931,Heimatbuch für Südthüringen III. Heft,Hildburghausen,"Landesstelle für Thüringische Mundartforschung Jena, Universität",E 006 Handbibliothek Dialektologie,Rechts das dritte Regal von hinten,4. von oben,,175,
2138,Ausschuß für das Heimatwerk Hildburghausen,1928,Heimatbuch für das obere Werratal und die angrenzenden Gebiete II. Heft,Hildburghausen,"Landesstelle für Thüringische Mundartforschung Jena, Universität",E 006 Handbibliothek Dialektologie,Rechts das dritte Regal von hinten,4. von oben,,,
2139,"Hoppe, Friedrich",x,Geschichte der Schönburg an der Saale,Naumburg,Institut für Mundartforschung Jena,E 006 Handbibliothek Dialektologie,Rechts das dritte Regal von hinten,4. von oben,,14,
2140,Schönburgbund,1927,Foschung und Leben. Heimatblätter des Schönburgbundes. Arbeitsgemeinschaft für Heimatpflege im Regierungsbezirk Merseburg,Halle,Mundartforschung Jena,E 006 Handbibliothek Dialektologie,Rechts das dritte Regal von hinten,4. von oben,,257-320,
2141,"Beweniger, Bruno",1930,"Das Kirchspiel Thränitz mit Grobsdorf, Collins, Fschippern und dem Filial Kaimberg",Gera,Institut für Mundartforschung Jena,E 006 Handbibliothek Dialektologie,Rechts das dritte Regal von hinten,4. von oben,,208,
2142,Land- und Stadtkreis Weißenfels,1927,Unser Heimatkreis Weißenfels,Weißenfels,"Landesstelle für Thüringische Mundartforschung Jena, Universität",E 006 Handbibliothek Dialektologie,Rechts das dritte Regal von hinten,4. von oben,,194-224,
2143,"Höppner, A.",,Der Hülfensberg und ST. Bonifatius,Trettfurt,Landesstelle für Thüringiche Mundartenforschung Jena,E 006 Handbibliothek Dialektologie,Rechts das dritte Regal von hinten,5. von oben ,,52,
2144,"Hopf, Valentin (Hrsg.)",1927,Heimatbilder der Vergangenheit aus Saalfeld und Umg. IV. Heft ,Saalfeld an der Saale,Institut für Mundartenforschung,E 006 Handbibliothek Dialektologie,Rechts das dritte Regal von hinten,5. von oben ,,36,Heimatbilder der Vergangenheit aus Saalfeld und Umg. 
2145,x,1965,750 Jahre Falka Kr. Gera,"Falka, Gera",Institut für Mundartenforschung,E 006 Handbibliothek Dialektologie,Rechts das dritte Regal von hinten,5. von oben ,,34,
2146,"Spieß, F.",1912,Geschichte des Dorfes Großkrudestedt im Großherzogtum Sachseb,Großkrudestedt,FSU Jena Sektion Sprachwissenschaft Wissenschaftsbereich Deutsch Abt. Mundartforschung,E 006 Handbibliothek Dialektologie,Rechts das dritte Regal von hinten,5. von oben ,,183,
2147,"Deutscher Kulturbund, Kreisleitung Ilmenau",1959,Stadt Ilmenau. Beiträge zur Geschichte der Stadt Ilmenau,Ilmenau,Institut für Mundartenforschung,E 006 Handbibliothek Dialektologie,Rechts das dritte Regal von hinten,5. von oben ,,36,
2148,"Schuchardt, Hans",1935,Die Wasserburg Kapellendorf,Weimar,Landesstelle für Thüringische Volkskunde,E 006 Handbibliothek Dialektologie,Rechts das dritte Regal von hinten,5. von oben ,,96,
2149,Hauptausschuß der 700-Jahrfeier,1951,700 Jahre Münchenbernsdorf. Festschrift der Stadt Münchenbernsdorf anläßlich der Feier vom 25. August bis 2. September 1951,Münchenbernsdorf,Institut für Mundartenforschung,E 006 Handbibliothek Dialektologie,Rechts das dritte Regal von hinten,5. von oben ,,42+ Werbung,
2150,"Höppner, A.",x,Die Germaramart ihre Siedlung und Geschichte,Heiligenstadt,Land Thüringen. Thüringisches Flurnamenarchiv,E 006 Handbibliothek Dialektologie,Rechts das dritte Regal von hinten,5. von oben ,,134,
2151,"Höppner, A.",x,Amt Bischofstein. Südeichsfelder Lad und Leute,Wanfried ,Land Thüringen. Thüringisches Flurnamenarchiv,E 006 Handbibliothek Dialektologie,Rechts das dritte Regal von hinten,5. von oben ,,100,
2152,"Höppner, A.",x,Chronik der Burg Normannstein. Anhang: Geschlechtstafel,Trettfurt,Mundartforschung Jena,E 006 Handbibliothek Dialektologie,Rechts das dritte Regal von hinten,5. von oben ,,18,
2153,"Kohlstock, Karl",x,Entdeckungsreisen in der Heimat. Heft 30: Register Museum ,Gotha,Institut für Mundartenforschung,E 006 Handbibliothek Dialektologie,Rechts das dritte Regal von hinten,5. von oben ,,28,
2154,"Kohlstock, Karl",x,Entdeckungsreisen in der Heimat. Heft 22: Friedrichawerth und die Wallburgen bei Haina,Gotha,Institut für Mundartenforschung,E 006 Handbibliothek Dialektologie,Rechts das dritte Regal von hinten,5. von oben ,,16,
2155,"Kohlstock, Karl",1905,Kurze Geschichte des Herzogstums Gotha und seiner Fürsten,Gotha,Landesstelle für Thüringische Munartenforschung,E 006 Handbibliothek Dialektologie,Rechts das dritte Regal von hinten,5. von oben ,,54,
2156,"Kretschmer, Ernst Paul",1925,Geschichte der Stadt Gera und ihrer nächsten Umgebung,Gera,Landesstelle für Thüringische Munartenforschung,E 006 Handbibliothek Dialektologie,Rechts das dritte Regal von hinten,5. von oben ,,96,
2157,"Kretschmer, Ernst Paul",1925,Geschichte der Stadt Gera und ihrer nächsten Umgebung (weitere Seiten),Gera,Landesstelle für Thüringische Munartenforschung,E 006 Handbibliothek Dialektologie,Rechts das dritte Regal von hinten,5. von oben ,,417-480,
2158,"Kretschmer, Ernst Paul",1954,Aus vergangenen Tagen von Pohlitz und seiner Umgebung,Gera,Institut für Mundartenforschung,E 006 Handbibliothek Dialektologie,Rechts das dritte Regal von hinten,5. von oben ,,56,
2159,"Liebers, Benno",1926,Aus tausend Jahren Eckartsbergaer Vergangenheit ,Eckartsberga,Institut für Mundartenforschung,E 006 Handbibliothek Dialektologie,Rechts das dritte Regal von hinten,5. von oben ,,176,
2160,"Hembe, Heinrich",1885,Die Grafen von Mansfeld in den Liedern ihrer Zeit,Halle (Saale),x,E 006 Handbibliothek Dialektologie,Rechts das dritte Regal von hinten,5. von oben ,,,
2161,"Eisenträger, Hermann",1931,Ortschronik von Kaltenlengsfeld-Rhön,Kaltennordheim,Institut für Mundartenforschung,E 006 Handbibliothek Dialektologie,Rechts das dritte Regal von hinten,5. von oben ,,181,
2162,"Engel, Wilhelm",1933,400 Jahre Hennebergische Geschichtschreibung,Meiningen,"Landesstelle für Thüringische Mundartenforschung Jena, Universität",E 006 Handbibliothek Dialektologie,Rechts das dritte Regal von hinten,5. von oben ,,44,Sachsen und Anhalt. Jahrbuch der Historischen Kommission für die Provinz Sachsen und für Anhalt Band 9
2163,"Filcher, D.",1930,Beiträge zur Geschichte von Münschendorf (Elster) und seiner Umgebung ,Weida in Thüringen,Institut für Mundartenforschung,E 006 Handbibliothek Dialektologie,Rechts das dritte Regal von hinten,5. von oben ,,167,
2164,"Knauer, Hermann Ehrenfried",1930,Das Dorf Döhlen bei Neustadt an der Orla,Neustadt (Orla),Sektion Sprachwissenschaft Fachbereich Deutsch Mundartforschung,E 006 Handbibliothek Dialektologie,Rechts das dritte Regal von hinten,5. von oben ,,171,
2165,Thüringisches Statistisches Landesamt (Hrsg.),1933,Ortsverzeichnis des Landes Thüringen nach den Ergebnissen der Volkszählung vom 16. Juni 1933,Weimar,Institut für Mundartenforschung,E 006 Handbibliothek Dialektologie,Rechts das dritte Regal von hinten,5. von oben ,,56,
2166,Reichssportdirektion Magdeburg,1936,"Verzeichnis sämtlicher Ortsschaften in der Provinz Sachsen, in den Ländern Thüringen und Anhalt sowie in dem zur Provinz Hesse-Rassau gehörende Kreise Schkalkalden",Madgeburg,Institut für Mundartenforschung,E 006 Handbibliothek Dialektologie,Rechts das dritte Regal von hinten,5. von oben ,,179,
2167,"Besper, Reinhold (Hrsg.)",1933,Das Thüringer Fähnlein 2. Jahrgang Heft 1,Jena,Institut für Mundartenforschung,E 006 Handbibliothek Dialektologie,Rechts das dritte Regal von hinten,5. von oben ,,64,Das Thüringer Fähnlein. Monatshefte für die mitteldeutsche Heimat 2. Jahrgang
2168,"Besper, Reinhold (Hrsg.)",1933,Das Thüringer Fähnlein 2. Jahrgang Heft 2,Jena,Institut für Mundartenforschung,E 006 Handbibliothek Dialektologie,Rechts das dritte Regal von hinten,5. von oben ,,65-128,Das Thüringer Fähnlein. Monatshefte für die mitteldeutsche Heimat 2. Jahrgang
2169,"Besper, Reinhold (Hrsg.)",1933,Das Thüringer Fähnlein 2. Jahrgang Heft 4,Jena,Institut für Mundartenforschung,E 006 Handbibliothek Dialektologie,Rechts das dritte Regal von hinten,5. von oben ,,193-256,Das Thüringer Fähnlein. Monatshefte für die mitteldeutsche Heimat 2. Jahrgang
2170,"Besper, Reinhold (Hrsg.)",1933,Das Thüringer Fähnlein 2. Jahrgang Heft 5,Jena,Institut für Mundartenforschung,E 006 Handbibliothek Dialektologie,Rechts das dritte Regal von hinten,5. von oben ,,257-320,Das Thüringer Fähnlein. Monatshefte für die mitteldeutsche Heimat 2. Jahrgang
2171,"Besper, Reinhold (Hrsg.)",1933,Das Thüringer Fähnlein 2. Jahrgang Heft 6 (2x vorhanden),Jena,Institut für Mundartenforschung,E 006 Handbibliothek Dialektologie,Rechts das dritte Regal von hinten,5. von oben ,,321-384,Das Thüringer Fähnlein. Monatshefte für die mitteldeutsche Heimat 2. Jahrgang
2172,"Besper, Reinhold (Hrsg.)",1933,Das Thüringer Fähnlein 2. Jahrgang Heft 7,Jena,Institut für Mundartenforschung,E 006 Handbibliothek Dialektologie,Rechts das dritte Regal von hinten,5. von oben ,,385-446,Das Thüringer Fähnlein. Monatshefte für die mitteldeutsche Heimat 2. Jahrgang
2173,"Besper, Reinhold (Hrsg.)",1934,Das Thüringer Fähnlein 3. Jahrgang Heft 4,Jena,"Landesstelle für Thüringische Mundartenforschung Jena, Universität",E 006 Handbibliothek Dialektologie,Rechts das dritte Regal von hinten,5. von oben ,,217-286,Das Thüringer Fähnlein. Monatshefte für die mitteldeutsche Heimat 3. Jahrgang
2174,"Besper, Reinhold (Hrsg.)",1934,Das Thüringer Fähnlein 3. Jahrgang Heft 7,Jena,Institut für Mundartenforschung,E 006 Handbibliothek Dialektologie,Rechts das dritte Regal von hinten,5. von oben ,,363-426,Das Thüringer Fähnlein. Monatshefte für die mitteldeutsche Heimat 3. Jahrgang
2175,"Besper, Reinhold (Hrsg.)",1934,Das Thüringer Fähnlein 3. Jahrgang Heft 8,Jena,Institut für Mundartenforschung,E 006 Handbibliothek Dialektologie,Rechts das dritte Regal von hinten,5. von oben ,,495-560,Das Thüringer Fähnlein. Monatshefte für die mitteldeutsche Heimat 3. Jahrgang
2176,"Besper, Reinhold (Hrsg.)",1934,Das Thüringer Fähnlein 3. Jahrgang Heft 9,Jena,Institut für Mundartenforschung,E 006 Handbibliothek Dialektologie,Rechts das dritte Regal von hinten,5. von oben ,,561-628,Das Thüringer Fähnlein. Monatshefte für die mitteldeutsche Heimat 3. Jahrgang
2177,"Besper, Reinhold (Hrsg.)",1934,Das Thüringer Fähnlein 3. Jahrgang Heft 10,Jena,Institut für Mundartenforschung,E 006 Handbibliothek Dialektologie,Rechts das dritte Regal von hinten,5. von oben ,,629-694,Das Thüringer Fähnlein. Monatshefte für die mitteldeutsche Heimat 3. Jahrgang
2178,"Besper, Reinhold (Hrsg.)",1934,Das Thüringer Fähnlein 3. Jahrgang Heft 11,Jena,Institut für Mundartenforschung,E 006 Handbibliothek Dialektologie,Rechts das dritte Regal von hinten,5. von oben ,,695-760,Das Thüringer Fähnlein. Monatshefte für die mitteldeutsche Heimat 3. Jahrgang
2179,"Spangenberg, Karl",1993,Laut- und Forminventar thüringischer Dialekte. Beiband zum Thüringischen Wörterbuch (2x vorhanden),Berlin,"Thüringisches Wörterbuch Jena, Institut für Mundartforschung an der Friedrich-Schiller-Universität",E 006 Handbibliothek Dialektologie,Rechts das dritte Regal von hinten,5. von oben ,,297,
2180,"Wiegand, Susanne (Leiterin)",2003,Thüringisches Wörterbuch,Leipzig,"Thüringisches Wörterbuch Jena, Institut für Mundartforschung an der Friedrich-Schiller-Universität",E 006 Handbibliothek Dialektologie,Rechts das dritte Regal von hinten,5. von oben ,,2-768,
2181,"Wiegand, Susanne (leiterin) ",2003,Thüringisches Wörterbuch. II. Band Ginghamsrock-Haar,Leipzig,"Thüringisches Wörterbuch Jena, Institut für Mundartforschung an der Friedrich-Schiller-Universität",E 006 Handbibliothek Dialektologie,Rechts das dritte Regal von hinten,5. von oben ,,641-1024,
2182,"Lösch, Wolfgang (Leiter)",1991,Thüringisches Wörterbuch 1. Band A-abwalmen (4x vorhanden),Leipzig,x,E 006 Handbibliothek Dialektologie,Rechts das dritte Regal von hinten,5. von oben ,,77,
2183,"Lösch, Wolfgang (Leiter)",1992,Thüringisches Wörterbuch 1. Band abwamsen-anlegen (3x vorhanden),Leipzig,x,E 006 Handbibliothek Dialektologie,Rechts das dritte Regal von hinten,5. von oben ,,79-206,
2184,"Lösch, Wolfgang (Leiter)",1995,Thüringisches Wörterbuch 1. Band außenwendigs-beterig,Leipzig,x,E 006 Handbibliothek Dialektologie,Rechts das dritte Regal von hinten,5. von oben ,,463-718,
2185,"Lösch, Wolfgang (Leiter)",2000,Thüringisches Wörterbuch II. Band E-Erde ,Leipzig,"Thüringisches Wörterbuch Jena, Institut für Mundartforschung an der Friedrich-Schiller-Universität",E 006 Handbibliothek Dialektologie,Rechts das dritte Regal von hinten,5. von oben ,,128,
2186,"Lösch, Wolfgang (Leiter)",2001,Thüringisches Wörterbuch II. Band erdenken-Fieter,Leipzig,"Thüringisches Wörterbuch Jena, Institut für Mundartforschung an der Friedrich-Schiller-Universität",E 006 Handbibliothek Dialektologie,Rechts das dritte Regal von hinten,5. von oben ,,129-256,
2187,"Lösch, Wolfgang (Leiter)",2002,Thüringisches Wörterbuch II. Band Fietich-Geißbartsblühe (2x vorhanden),Leipzig,"Thüringisches Wörterbuch Jena, Institut für Mundartforschung an der Friedrich-Schiller-Universität",E 006 Handbibliothek Dialektologie,Rechts das dritte Regal von hinten,5. von oben ,,257-512,
2188,"Lösch, Wolfgang (Leiter)",2002,Thüringisches Wörterbuch II. Band Geißbauer-Gingham (2x vorhanden),Leipzig,Arbeitsstelle Thüringisches Wörterbuch,E 006 Handbibliothek Dialektologie,Rechts das dritte Regal von hinten,5. von oben ,,513-640,
2189,"Wiegand, Susanne (Leiterin)",2003,Thüringisches Wörterbuch II. Band Ginghamsrock-Haar,Leipzig,"Thüringisches Wörterbuch Jena, Institut für Mundartforschung an der Friedrich-Schiller-Universität",E 006 Handbibliothek Dialektologie,Rechts das dritte Regal von hinten,5. von oben ,,641-768,
2190,"Wiegand, Susanne (Leiterin)",2004,ThüringischesWörterbuch II. Band Haar-Hase (2x vorhanden),Leipzig,Arbeitsstelle Thüringisches Wörterbuch,E 006 Handbibliothek Dialektologie,Rechts das dritte Regal von hinten,5. von oben ,,769-896,
2191,"Wiegand, Susanne (Leiterin)",2004,Thüringisches Wörterbuch II. Band Hasel-herabkratzen (2x vorhanden),Leipzig,"Thüringisches Wörterbuch Jena, Institut für Mundartforschung an der Friedrich-Schiller-Universität",E 006 Handbibliothek Dialektologie,Rechts das dritte Regal von hinten,5. von oben ,,897-1024,
2192,Sächsische Akademie der Wissenschaften zu Leipzig,x,Flyer zur Sächsischen Akademie der Wissenschaften zu Leipzig (53x vorhanden),Leipzig,x,E 006 Handbibliothek Dialektologie,Rechts das dritte Regal von hinten,6. von oben,,48,
2193,Sächsische Akademie der Wissenschaften zu Leipzig,x,Flyer zur Sächsischen Akademie der Wissenschaften zu Leipzig (48x vorhanden),Leipzig,x,E 006 Handbibliothek Dialektologie,Rechts das dritte Regal von hinten,6. von oben,,40,
2194,Sächsische Akademie der Wissenschaften zu Leipzig,2004,Flyer zur Sächsischen Akademie der Wissenschaften zu Leipzig (33x vorhanden),Leipzig,x,E 006 Handbibliothek Dialektologie,Rechts das dritte Regal von hinten,6. von oben,,48,
2195,Sächsische Akademie der Wissenschaften zu Leipzig,2002,"Neuerscheinungen 2002. Geschichte/Kunstgeschichte, Musikwissenschafte, Natur- und Technikwissenschaften, Sprach- und Literaturwissenschaft",Leipzig,x,E 006 Handbibliothek Dialektologie,Rechts das dritte Regal von hinten,6. von oben,,16,
2196,"Wiegand, Susanne (Leiterin)",2004,Thüringisches Wörterbuch II. Band Hasel-herabkratzen,Leipzig,x,E 006 Handbibliothek Dialektologie,Rechts das dritte Regal von hinten,6. von oben,,897-1024,
2197,FSU Jena,1952/1953,Gesellschafts- und Sprachwissenschaftliche Reihe Nr. 2,Jena,Institut für Mundartenforschung,E 006 Handbibliothek Dialektologie,Rechts das dritte Regal von hinten,6. von oben,,168,Wissenschaftliche Zeitschrift der Friedrich-Schiller-Universität Jena / Thüringen (3x vorhanden)
2198,"Meier, Georg Fr.",1952/1953,Ein Beitrag zur Erforschung der Zusammenhänge von Sprache und Denken und der Entwicklungsgesetzmäßigkeiten der Sprache,Leipzig,Institut für Mundartenforschung,E 006 Handbibliothek Dialektologie,Rechts das dritte Regal von hinten,6. von oben,,517-630,Wissenschaftliche Zeitschrift der Karl-Marx-Universität Leipzig Jahrgang 1952/53 Heft 9/10
2199,Rektor der FSU Jena,1965,Gesellschafts- und Sprachwissenschaftliche Reihe 14.JG Heft 3,Jena,Institut für Mundartenforschung,E 006 Handbibliothek Dialektologie,Rechts das dritte Regal von hinten,6. von oben,,351-562,Wissenschaftliche Zeitschrift der Friedrich-Schiller-Universität Jena 14.JG 
2200,Rektor der FSU Jena,1967,Gesellschafts- und Sprachwissenschaftliche Reihe 16. JG Heft 5,Jena,Institut für Mundartenforschung,E 006 Handbibliothek Dialektologie,Rechts das dritte Regal von hinten,6. von oben,,551-770,Wissenschaftliche Zeitschrift der Friedrich-Schiller-Universität Jena 16.JG 
2201,FSU Jena,1966,Jahresbericht der Friedrich-Schiller-Universität Jena 1964/65,Jena,x,E 006 Handbibliothek Dialektologie,Rechts das dritte Regal von hinten,6. von oben,,373,Wissenschaftliche Zeitschrift der Friedrich-Schiller-Universität Jena 15.JG Heft 4/5
2202,"Krämer, Julius",x,Pfälzisches Wörterbuch K-kiebitzen,Wiesbaden,Bibliothek des Romanischen Seminars der Universität Heidelberg,E 006 Handbibliothek Dialektologie,Rechts das dritte Regal von hinten,6. von oben,,192,
2203,"Heilig, Otto & Lenz, Philipp (Hrsg.)",1900,Zeitschrift für hochdeutsche Mundarten 1.JG ,Heidelberg,Deutsches Seminar Jena,E 006 Handbibliothek Dialektologie,Rechts das vierte Regal von hinten ,1. von oben ,,384,Zeitschrift für hochdeutsche Mundarten 1.JG
2204,"Heilig, Otto & Lenz, Philipp (Hrsg.)",1901,Zeitschrift für hochdeutsche Mundarten 2.JG ,Heidelberg,Deutsches Seminar Jena,E 006 Handbibliothek Dialektologie,Rechts das vierte Regal von hinten ,1. von oben ,,378,Zeitschrift für hochdeutsche Mundarten 2.JG
2205,"Heilig, Otto & Lenz, Philipp (Hrsg.)",1902,Zeitschrift für hochdeutsche Mundarten 3.JG ,Heidelberg,Deutsches Seminar Jena,E 006 Handbibliothek Dialektologie,Rechts das vierte Regal von hinten ,1. von oben ,,380,Zeitschrift für hochdeutsche Mundarten 3.JG
2206,"Heilig, Otto & Lenz, Philipp (Hrsg.)",1903,Zeitschrift für hochdeutsche Mundarten 4.JG ,Heidelberg,Deutsches Seminar Jena,E 006 Handbibliothek Dialektologie,Rechts das vierte Regal von hinten ,1. von oben ,,380,Zeitschrift für hochdeutsche Mundarten 4.JG
2207,"Heilig, Otto & Lenz, Philipp (Hrsg.)",1904,Zeitschrift für hochdeutsche Mundarten 5.JG ,Heidelberg,Deutsches Seminar Jena,E 006 Handbibliothek Dialektologie,Rechts das vierte Regal von hinten ,1. von oben ,,380,Zeitschrift für hochdeutsche Mundarten 5.JG
2208,"Heilig, Otto & Lenz, Philipp (Hrsg.)",1905,Zeitschrift für hochdeutsche Mundarten 6.JG ,Heidelberg,Deutsches Seminar Jena,E 006 Handbibliothek Dialektologie,Rechts das vierte Regal von hinten ,1. von oben ,,378,Zeitschrift für hochdeutsche Mundarten 6.JG
2209,"Heilig, Otto & Lenz, Philipp (Hrsg.)",1906,Zeitschrift für Deutsche Mundarten JG 1906,Berlin,Deutsches Seminar der Universität Jena,E 006 Handbibliothek Dialektologie,Rechts das vierte Regal von hinten ,1. von oben ,,384,Zeitschrift für Deutsche Mundarten JG 1906
2210,"Heilig, Otto & Lenz, Philipp (Hrsg.)",1907,Zeitschrift für Deutsche Mundarten JG 1907 (2x vorhanden),Berlin,Deutsches Seminar der Universität Jena,E 006 Handbibliothek Dialektologie,Rechts das vierte Regal von hinten ,1. von oben ,,384,Zeitschrift für Deutsche Mundarten JG 1907
2211,"Heilig, Otto & Lenz, Philipp (Hrsg.)",1908,Zeitschrift für Deutsche Mundarten JG 1908,Berlin,Deutsches Seminar der Universität Jena,E 006 Handbibliothek Dialektologie,Rechts das vierte Regal von hinten ,1. von oben ,,384,Zeitschrift für Deutsche Mundarten JG 1908
2212,"Heilig, Otto & Lenz, Philipp (Hrsg.)",1909,Zeitschrift für Deutsche Mundarten JG 1909,Berlin,Deutsches Seminar der Universität Jena,E 006 Handbibliothek Dialektologie,Rechts das vierte Regal von hinten ,1. von oben ,,384,Zeitschrift für Deutsche Mundarten JG 1909
2213,"Heilig, Otto & Lenz, Philipp (Hrsg.)",1910,Zeitschrift für Deutsche Mundarten JG 1910,Berlin,Deutsches Seminar der Universität Jena,E 006 Handbibliothek Dialektologie,Rechts das vierte Regal von hinten ,1. von oben ,,384,Zeitschrift für Deutsche Mundarten JG 1910
2214,"Heilig, Otto & Lenz, Philipp (Hrsg.)",1911,Zeitschrift für Deutsche Mundarten JG 1911,Berlin,Deutsches Seminar der Universität Jena,E 006 Handbibliothek Dialektologie,Rechts das vierte Regal von hinten ,1. von oben ,,384,Zeitschrift für Deutsche Mundarten JG 1911
2215,"Heilig, Otto & Lenz, Philipp (Hrsg.)",1912,Zeitschrift für Deutsche Mundarten JG 1912,Berlin,Deutsches Seminar der Universität Jena,E 006 Handbibliothek Dialektologie,Rechts das vierte Regal von hinten ,1. von oben ,,384,Zeitschrift für Deutsche Mundarten JG 1912
2216,"Heilig, Otto & Lenz, Philipp (Hrsg.)",1913,Zeitschrift für Deutsche Mundarten JG 1913,Berlin,Deutsches Seminar der Universität Jena,E 006 Handbibliothek Dialektologie,Rechts das vierte Regal von hinten ,1. von oben ,,384,Zeitschrift für Deutsche Mundarten JG 1913
2217,"Heilig, Otto & Lenz, Philipp (Hrsg.)",1914,Zeitschrift für Deutsche Mundarten JG 1914,Berlin,Deutsches Seminar der Universität Jena,E 006 Handbibliothek Dialektologie,Rechts das vierte Regal von hinten ,1. von oben ,,384,Zeitschrift für Deutsche Mundarten JG 1914
2218,"Heilig, Otto & Teuchert, Hermann",1915,Zeitschrift für Deutsche Mundarten JG 1915,Berlin,Deutsches Seminar der Universität Jena,E 006 Handbibliothek Dialektologie,Rechts das vierte Regal von hinten ,1. von oben ,,428,Zeitschrift für Deutsche Mundarten JG 1915
2219,"Heilig, Otto & Teuchert, Hermann",1916,Zeitschrift für Deutsche Mundarten JG 1916,Berlin,x,E 006 Handbibliothek Dialektologie,Rechts das vierte Regal von hinten ,1. von oben ,,384,Zeitschrift für Deutsche Mundarten JG 1916
2220,"Heilig, Otto & Teuchert, Hermann",1917,Zeitschrift für Deutsche Mundarten JG 1917,Berlin,Deutsches Seminar der Universität Jena,E 006 Handbibliothek Dialektologie,Rechts das vierte Regal von hinten ,1. von oben ,,192,Zeitschrift für Deutsche Mundarten JG 1917
2221,"Heilig, Otto & Teuchert, Hermann",1918,Zeitschrift für Deutsche Mundarten JG 1918,Berlin,Deutsches Seminar der Universität Jena,E 006 Handbibliothek Dialektologie,Rechts das vierte Regal von hinten ,1. von oben ,,192,Zeitschrift für Deutsche Mundarten JG 1918
2222,"Teuchert, Hermann",1924,Zeitschrift für Deutsche Mundarten JG 1924,Berlin,"Landesstelle für Thüringische Mundartenforschung Jena, Universität",E 006 Handbibliothek Dialektologie,Rechts das vierte Regal von hinten ,1. von oben ,,283,Zeitschrift für Deutsche Mundarten JG 1924
2223,"Mitzka, Walther (Hrsg.)",1935,Zeitschrift für Mundartforschung 11. JG,Halle (Saale),Germanistisches Institut Jena,E 006 Handbibliothek Dialektologie,Rechts das vierte Regal von hinten ,1. von oben ,,256,Zeitschrift für Mundartforschung 11. JG
2224,"Mitzka, Walther (Hrsg.)",1936,Zeitschrift für Mundartforschung 12. JG,Halle (Saale),Germanistisches Institut Jena,E 006 Handbibliothek Dialektologie,Rechts das vierte Regal von hinten ,1. von oben ,,256,Zeitschrift für Mundartforschung 12. JG
2225,"Mitzka, Walther (Hrsg.)",1937,Zeitschrift für Mundartforschung 13. JG,Halle (Saale),Germanistisches Institut Jena,E 006 Handbibliothek Dialektologie,Rechts das vierte Regal von hinten ,1. von oben ,,256,Zeitschrift für Mundartforschung 13. JG
2226,"Mitzka, Walther (Hrsg.)",1938,Zeitschrift für Mundartforschung 14. JG,Halle (Saale),Germanistisches Institut Jena,E 006 Handbibliothek Dialektologie,Rechts das vierte Regal von hinten ,1. von oben ,,256,Zeitschrift für Mundartforschung 14. JG
2227,"Mitzka, Walther (Hrsg.)",1939,Zeitschrift für Mundartforschung 15. JG,Halle (Saale),Germanistisches Institut Jena,E 006 Handbibliothek Dialektologie,Rechts das vierte Regal von hinten ,1. von oben ,,220,Zeitschrift für Mundartforschung 15. JG
2228,"Mitzka, Walther (Hrsg.)",1940,Zeitschrift für Mundartforschung 16. JG,Halle (Saale),Germanistisches Institut Jena,E 006 Handbibliothek Dialektologie,Rechts das vierte Regal von hinten ,1. von oben ,,208,Zeitschrift für Mundartforschung 16. JG
2229,"Mitzka, Walther (Hrsg.)",1941,Zeitschrift für Mundartforschung 17. JG,Halle (Saale),Germanistisches Institut Jena,E 006 Handbibliothek Dialektologie,Rechts das vierte Regal von hinten ,1. von oben ,,224,Zeitschrift für Mundartforschung 17. JG
2230,"Mitzka, Walther (Hrsg.)",1942,Zeitschrift für Mundartforschung 18. JG,Halle (Saale),Germanistisches Institut Jena,E 006 Handbibliothek Dialektologie,Rechts das vierte Regal von hinten ,1. von oben ,,224,Zeitschrift für Mundartforschung 18. JG
2231,"Mitzka, Walther (Hrsg.)",1943,Zeitschrift für Mundartforschung 19. JG,Halle (Saale),Germanistisches Institut Jena,E 006 Handbibliothek Dialektologie,Rechts das vierte Regal von hinten ,1. von oben ,,140,Zeitschrift für Mundartforschung 19. JG
2232,"Teuchert, Hermann (Hrsg.)",1924/25,Teuthonista. Zeitschrift für Deutsche Dialektforschung und Sprachgeschichte. 1.JG,"Bonn, Leipzig",Institut für Mundartenforschung,E 006 Handbibliothek Dialektologie,Rechts das vierte Regal von hinten ,2. von oben,,320,Teuthonista. Zeitschrift für Deutsche Dialektforschung und Sprachgeschichte. 1.JG
2233,"Martin, Bernhard",1929,Bibliographie zur deutschen Mundartenforschung und - dichtung in den Jahren 1921-1926,Bonn,"Landesstelle für Thüringische Mundartenforschung Jena, Universität",E 006 Handbibliothek Dialektologie,Rechts das vierte Regal von hinten ,2. von oben,,206,Teuthonista. Zeitschrift für Deutsche Dialektforschung und Sprachgeschichte.Beiheft 2 
2234,"Teuchert, Hermann (Hrsg.)",1926/26,Teuthonista. Zeitschrift für Deutsche Dialektforschung und Sprachgeschichte. 3.JG,"Bonn, Leipzig",Institut für Mundartenforschung,E 006 Handbibliothek Dialektologie,Rechts das vierte Regal von hinten ,2. von oben,,320,Teuthonista. Zeitschrift für Deutsche Dialektforschung und Sprachgeschichte. 3.JG
2235,"Teuchert, Hermann (Hrsg.)",1927/28,Teuthonista. Zeitschrift für Deutsche Dialektforschung und Sprachgeschichte. 4.JG,Bonn,Institut für Mundartenforschung,E 006 Handbibliothek Dialektologie,Rechts das vierte Regal von hinten ,2. von oben,,320,Teuthonista. Zeitschrift für Deutsche Dialektforschung und Sprachgeschichte. 4.JG
2236,"Teuchert, Hermann (Hrsg.)",1929/30,Teuthonista. Zeitschrift für Deutsche Dialektforschung und Sprachgeschichte. 6.JG,Halle (Saale),Institut für Mundartenforschung,E 006 Handbibliothek Dialektologie,Rechts das vierte Regal von hinten ,2. von oben,,320,Teuthonista. Zeitschrift für Deutsche Dialektforschung und Sprachgeschichte. 6.JG
2237,"Teuchert, Hermann (Hrsg.)",1930/31,Teuthonista. Zeitschrift für Deutsche Dialektforschung und Sprachgeschichte. 7.JG,Halle (Saale),Institut für Mundartenforschung,E 006 Handbibliothek Dialektologie,Rechts das vierte Regal von hinten ,2. von oben,,320,Teuthonista. Zeitschrift für Deutsche Dialektforschung und Sprachgeschichte. 7.JG
2238,"Teuchert, Hermann (Hrsg.)",1931/32,Teuthonista. Zeitschrift für Deutsche Dialektforschung und Sprachgeschichte. 8.JG,Halle (Saale),Institut für Mundartenforschung,E 006 Handbibliothek Dialektologie,Rechts das vierte Regal von hinten ,2. von oben,,256,Teuthonista. Zeitschrift für Deutsche Dialektforschung und Sprachgeschichte. 8.JG
2239,"Teuchert, Hermann (Hrsg.)",1934,Teuthonista. Zeitschrift für Deutsche Dialektforschung und Sprachgeschichte. 10.JG,Halle (Saale),Institut für Mundartenforschung,E 006 Handbibliothek Dialektologie,Rechts das vierte Regal von hinten ,2. von oben,,256,Teuthonista. Zeitschrift für Deutsche Dialektforschung und Sprachgeschichte. 10.JG
2240,"Dietrich, Karl",1909,Taschenwörterbuch der neugriechischen Umgangs- und Schriftsprache.  Zweiter Teil,Berlin,Institut für Mundartenforschung,E 006 Handbibliothek Dialektologie,Rechts das vierte Regal von hinten ,2. von oben,,768,
2241,"Volný, Jan",1955,Deutsch Tschechisches Wörterbuch,"Artia, Prag",Institut für Mundartenforschung,E 006 Handbibliothek Dialektologie,Rechts das vierte Regal von hinten ,2. von oben,,1342,
2242,"Blanár, Vincent (Hrsg.)",1965,Deutsch-slowakisches Wörterbuch,Leipzig,Institut für Mundartenforschung,E 006 Handbibliothek Dialektologie,Rechts das vierte Regal von hinten ,2. von oben,,320,
2243,"Kalina, Pawel",1952,Handwörterbuch der deutschen und polnischen Sprache,Warszawa,Institut für Mundartenforschung,E 006 Handbibliothek Dialektologie,Rechts das vierte Regal von hinten ,2. von oben,,752,
2244,Sorbisches Lehrerbildungsinstitut ,1966,"Obersorbisch-deutsch, Deutsch-obersorbisch",Bautzen,FSU Jena Sektion Sprachwissenschaft Wissenschaftsbereich Deutsch Abt. Mundartforschung,E 006 Handbibliothek Dialektologie,Rechts das vierte Regal von hinten ,2. von oben,,384,
2245,"Kluge, Friedrich",1934,Etymologisches Wörterbuch der deutschen Sprache ,"Berlin, Leipzig","Landesstelle für Thüringische Mundartenforschung Jena, Universität",E 006 Handbibliothek Dialektologie,Rechts das vierte Regal von hinten ,2. von oben,,740,
2246,"Lexer, Matthias ",1949,Matthias Lexers Mittelhochdeutsches Taschenwörterbuch,Leipzig,"Landesstelle für Thüringische Mundartenforschung Jena, Universität",E 006 Handbibliothek Dialektologie,Rechts das vierte Regal von hinten ,2. von oben,,343,
2247,"Bielfeldt, Hans Holm",1963,Die Historische Gliederung des Bestandes slawischer Wörter im Deutschen,Berlin,"Sächsische Akademie der Wissenschaften zu Leipzig, Sprachwissenschaftliche Kommission, Arbeitsstelle Thüringisches Wörterbuch",E 006 Handbibliothek Dialektologie,Rechts das vierte Regal von hinten ,2. von oben,,22,"Sitzungsbreichte der deutschen Akademie der Wissenschaften zu Berlin. Klasse für Sprachen, Literatur und Kunst. JG 1963, Nr. 4"
2248,"Berneker, Erich",1924,"Slavisches, Etymologisches Wörterbuch",Heidelberg,"Landesstelle für Thüringische Mundartenforschung Jena, Universität",E 006 Handbibliothek Dialektologie,Rechts das vierte Regal von hinten ,2. von oben,,,
2249,"Walde, A.",1956,Lateinisches Etymologisches Wörterbuch,Heidelberg,Institut für Mundartenforschung,E 006 Handbibliothek Dialektologie,Rechts das vierte Regal von hinten ,2. von oben,,287,
2250,"Walde, A.",1938,Lateinisches Etymologisches Wörterbuch. Erster Band A-L,Heidelberg,"Landesstelle für Thüringische Mundartenforschung Jena, Universität",E 006 Handbibliothek Dialektologie,Rechts das vierte Regal von hinten ,2. von oben,,872,
2251,"Walde, A.",1954,Lateinisches Etymologisches Wörterbuch. Zweiter Band M-Z,Heidelberg,Institut für Mundartenforschung,E 006 Handbibliothek Dialektologie,Rechts das vierte Regal von hinten ,2. von oben,,851,
2252,"Hoffmann, P.F.L.",1942,Wörterbuch der deutschen Sprache in ihrer heutigen  Ausbildung,Leipzig,Institut für Mundartenforschung,E 006 Handbibliothek Dialektologie,Rechts das vierte Regal von hinten ,2. von oben,,702,
2253,"Wasserzieher, Ernst",1971,Kleines etymologisches Wörterbuch der deutschen Sprache,Leipzig,FSU Jena Sektion Sprachwissenschaft Wissenschaftsbereich Deutsch Abt. Mundartforschung,E 006 Handbibliothek Dialektologie,Rechts das vierte Regal von hinten ,2. von oben,,262,
2254,"Lokotsch, Karl",1927,"Etymologisches Wörterbuch der europäischen (Germanischen, Romanischen und Slavischen) Wörter Orientalischen Ursprungs",Heidelberg,Institut für Mundartenforschung,E 006 Handbibliothek Dialektologie,Rechts das vierte Regal von hinten ,2. von oben,,242,
2255,,2005,Schweizerdeutsches Wörterbuch. Bericht über das Jahr 2005 (2x vorhanden),Zürich,x,E 006 Handbibliothek Dialektologie,Rechts das vierte Regal von hinten ,2. von oben,,32,
2256,"Stellmacher, Dieter (Hrsg.)",2006,Das Niedersächsische Wörterbuch im Oldenburger Münsterland,Bielefeld,x,E 006 Handbibliothek Dialektologie,Rechts das vierte Regal von hinten ,2. von oben,,118,Göttinger Forschungen zur Landesgeschichte Band 10
2257,"Schmeller, Johann Andreas",1973,Bayerisches Wörterbuch Band 1,Aalen,Bibliothek des Romanischen Seminars der Universität Heidelberg,E 006 Handbibliothek Dialektologie,Rechts das vierte Regal von hinten ,3. von oben,,1784,
2258,"Schmeller, Johann Andreas",1877,Bayerisches Wörterbuch. Zweiter Band ,München,Bibliothek des Romanischen Seminars der Universität Heidelberg,E 006 Handbibliothek Dialektologie,Rechts das vierte Regal von hinten ,3. von oben,,1264,
2259,"Spieß, Balthasar",1869,Volksthümliches aus dem Fränkisch-Hennebergischen,Wien,"Landesstelle für Thüringische Mundartenforschung Jena, Universität",E 006 Handbibliothek Dialektologie,Rechts das vierte Regal von hinten ,3. von oben,,216,
2260,"Kiefer, G.",1940,Aus dem Volksmund der Heimat. …buch der Dübener Heide und der angrenzenden Gebiete,Düben,Institut für Mundartenforschung,E 006 Handbibliothek Dialektologie,Rechts das vierte Regal von hinten ,3. von oben,,39,Mitteilungen des Vereins für Heimatkunde der Kreise Bitterfeld und Delitzsch 16. JG
2261,"Schachtschabel, Otto",1910,Die Mundart von Kranichfeld in Thüringen,Straßburg,Institut für Mundartenforschung,E 006 Handbibliothek Dialektologie,Rechts das vierte Regal von hinten ,3. von oben,,97,
2262,"Hentrich, Konrad",1905,Die Vokale derMundart von Leinefelde,Halle (Saale),Institut für Mundartenforschung,E 006 Handbibliothek Dialektologie,Rechts das vierte Regal von hinten ,3. von oben,,54,
2263,"Jecht, Richard",1888,Wörterbuch der Mansfelder Mundart,Görlitz,FSU Jena Sektion Sprachwissenschaft Wissenschaftsbereich Deutsch Abt. Mundartforschung,E 006 Handbibliothek Dialektologie,Rechts das vierte Regal von hinten ,3. von oben,,129,
2264,"Döring, Edmund",1904,Beiträge zur Kenntnis der Sondershäuser Mundart,Sondershausen,Institut für Mundartenforschung,E 006 Handbibliothek Dialektologie,Rechts das vierte Regal von hinten ,3. von oben,,93,
2265,"Horn, Paul",1905,Die deutsche Soldatensprache,Gießen,Institut für Mundartenforschung,E 006 Handbibliothek Dialektologie,Rechts das vierte Regal von hinten ,3. von oben,,174,
2266,"Schöppe, Karl",1893,Naumburgs Mundart,Naumburg ,Institut für Mundartenforschung,E 006 Handbibliothek Dialektologie,Rechts das vierte Regal von hinten ,3. von oben,,58,
2267,"Liesenberg, Friedrich",1890,"Die Stieger Mundart, ein Idiom des Unterharzes, besonders hinsichtlich der Lautlehre dargestellt, nebst dem etymologischen Idiotikon",Halberstadt,"Thüringisches Wörterbuch Jena, Institut für Mundartforschung an der Friedrich-Schiller-Universität",E 006 Handbibliothek Dialektologie,Rechts das vierte Regal von hinten ,3. von oben,,225,
2268,"Schultze, Martin",1874,Idioticon der Nord-Thüringischen Mundart,Nordhausen,"Landesstelle für Thüringische Mundartenforschung Jena, Universität",E 006 Handbibliothek Dialektologie,Rechts das vierte Regal von hinten ,3. von oben,,69,
2269,"Grimme, Hubert",1910,Plattdeutsche Mundarten,Leipzig,Institut für Allgemeine Sprachwissenschaft und Indogermanisches Seminar der FSU Jena,E 006 Handbibliothek Dialektologie,Rechts das vierte Regal von hinten ,3. von oben,,166,
2270,"Mulch, Rudolf",1965-1968,Südhessisches Wörterbuch Band 1. A-D,"Marburg, Darmstadt",Bibliothek des Romanischen Seminars der Universität Heidelberg,E 006 Handbibliothek Dialektologie,Rechts das vierte Regal von hinten ,3. von oben,,1928 + Karten,
2271,"Mulch, Rudolf",1969-1972,Südhessisches Wörterbuch Band 2. E-G,"Marburg, Darmstadt",Bibliothek des Romanischen Seminars der Universität Heidelberg,E 006 Handbibliothek Dialektologie,Rechts das vierte Regal von hinten ,3. von oben,,1540,
2272,"Mulch, Rudolf & Mulch, Roland",1973-1977,Südhessisches Wörterbuch 3. Band. H-ksch,"Marburg, Darmstadt",Ausgeschieden Romanisches Seminar,E 006 Handbibliothek Dialektologie,Rechts das vierte Regal von hinten ,3. von oben,,1888 + Karten,
2273,"Mulch, Roland",2006,Südhessisches Wörterbuch Wesen-werk - zäckerig,Darmstadt,x,E 006 Handbibliothek Dialektologie,Rechts das vierte Regal von hinten ,3. von oben,,481-720,
2274,"Mulch, Roland",2009,Südhessisches Wörterbuch Zacker-maus - Zyriakus,Darmstadt,x,E 006 Handbibliothek Dialektologie,Rechts das vierte Regal von hinten ,3. von oben,,721-1098 + Karten,
2275,"Mulch, Roland",2010,"Südhessisches Wörterbuch. Grundwort- und Formenregister, Hinweise zur mundarlichen Synonymie, Die Geschichte des Südhessischen Wörterbuchs",Darmstadt,x,E 006 Handbibliothek Dialektologie,Rechts das vierte Regal von hinten ,3. von oben,,1103-1512 + Anhang ,
2276,Kommission für Mundartforschung (Hrsg.),1995,"Bayerisches Wörterbuch (BWB). Heft 1. Einleitung, Benutzerhinweise, A-(Hoch)acker",München,"Thüringisches Wörterbuch Jena, Institut für Mundartforschung an der Friedrich-Schiller-Universität",E 006 Handbibliothek Dialektologie,Rechts das vierte Regal von hinten ,3. von oben,,100,Bayerisches Wörterbuch
2277,Kommission für Mundartforschung (Hrsg.),1996,Bayerisches Wörterbuch (BWB). Heft 2. (Hof)acker-(Jung-frauen)almer,München,"Thüringisches Wörterbuch Jena, Institut für Mundartforschung an der Friedrich-Schiller-Universität",E 006 Handbibliothek Dialektologie,Rechts das vierte Regal von hinten ,3. von oben,,101-288,Bayerisches Wörterbuch
2278,Kommission für Mundartforschung (Hrsg.),1997,Bayerisches Wörterbuch (BWB). Heft 3. (Milch)almer-Apollonia,München,"Thüringisches Wörterbuch Jena, Institut für Mundartforschung an der Friedrich-Schiller-Universität",E 006 Handbibliothek Dialektologie,Rechts das vierte Regal von hinten ,3. von oben,,289-476,Bayerisches Wörterbuch
2279,Kommission für Mundartforschung (Hrsg.),1998,Bayerisches Wörterbuch (BWB). Heft 4. Apostel-Atmetzer,München ,Arbeitsstelle Thüringisches Wörterbuch,E 006 Handbibliothek Dialektologie,Rechts das vierte Regal von hinten ,3. von oben,,477-664,Bayerisches Wörterbuch
2280,Kommission für Mundartforschung (Hrsg.),1999,Bayerisches Wörterbuch (BWB). Heft 5. -atmig-(an)packen,München,x,E 006 Handbibliothek Dialektologie,Rechts das vierte Regal von hinten ,3. von oben,,665-852,Bayerisches Wörterbuch
2281,Kommission für Mundartforschung (Hrsg.),2000,Bayerisches Wörterbuch (BWB). Heft 6. (an)packen-(Esel(s))bank,München,Arbeitsstelle Thüringisches Wörterbuch,E 006 Handbibliothek Dialektologie,Rechts das vierte Regal von hinten ,3. von oben,,853-1040,Bayerisches Wörterbuch
2282,Kommission für Mundartforschung (Hrsg.),2001,Bayerisches Wörterbuch (BWB). Heft 7. (Fenster)bank-Partisane,München,Arbeitsstelle Thüringisches Wörterbuch,E 006 Handbibliothek Dialektologie,Rechts das vierte Regal von hinten ,3. von oben,,1041-1228,Bayerisches Wörterbuch
2283,Kommission für Mundartforschung (Hrsg.),2002,Bayerisches Wörterbuch (BWB). Heft 8. Partierei-Bazi,München,Arbeitsstelle Thüringisches Wörterbuch,E 006 Handbibliothek Dialektologie,Rechts das vierte Regal von hinten ,3. von oben,,1229-1536,Bayerisches Wörterbuch
2284,Kommission für Mundartforschung (Hrsg.),2003,Bayerisches Wörterbuch (BWB). Heft 9. be-(Heu)beißer,München,"Thüringisches Wörterbuch Jena, Institut für Mundartforschung an der Friedrich-Schiller-Universität",E 006 Handbibliothek Dialektologie,Rechts das vierte Regal von hinten ,3. von oben,,188,Bayerisches Wörterbuch
2285,Kommission für Mundartforschung (Hrsg.),2004,Bayerisches Wörterbuch (BWB). Heft 10. (Holz)beißer-petschieren,München,"Thüringisches Wörterbuch Jena, Institut für Mundartforschung an der Friedrich-Schiller-Universität",E 006 Handbibliothek Dialektologie,Rechts das vierte Regal von hinten ,3. von oben,,189-376,Bayerisches Wörterbuch
2286,Kommission für Mundartforschung (Hrsg.),2005,Bayerisches Wörterbuch (BWB). Heft 11. petschieren-(Leib)pferd,München,x,E 006 Handbibliothek Dialektologie,Rechts das vierte Regal von hinten ,3. von oben,,377-564,Bayerisches Wörterbuch
2287,Kommission für Mundartforschung (Hrsg.),1995,Bayrischer Wörterbuch. Beiheft,München,"Thüringisches Wörterbuch Jena, Institut für Mundartforschung an der Friedrich-Schiller-Universität",E 006 Handbibliothek Dialektologie,Rechts das vierte Regal von hinten ,3. von oben,,105,Bayerisches Wörterbuch
2288,Österreichische Akademie der Wissenschaft (Hrsg.),1970,Wörterbuch der Bairischen Mundarten in Österreich. Band 1 A-Azor,"Wien, Graz, Köln",Bibliothek des Romanischen Seminars der Universität Heidelberg,E 006 Handbibliothek Dialektologie,Rechts das vierte Regal von hinten ,3. von oben,,467,Wörterbuch der Bairischen Mundarten in Österreich
2289,Österreichische Akademie der Wissenschaft (Hrsg.),1976,Wörterbuch der Bairischen Mundarten in Österreich. Band 2 B(P) - Bezirk,Wien,Bibliothek des Romanischen Seminars der Universität Heidelberg,E 006 Handbibliothek Dialektologie,Rechts das vierte Regal von hinten ,3. von oben,,1182,Wörterbuch der Bairischen Mundarten in Österreich
2290,Kommission für Mundartkunde und Namenforschung (Hrsg.),1983,Wörterbuch der Bairischen Mundarten in Österreich. Band 3 Pf-C,Wien,Ausgeschieden Romanisches Seminar,E 006 Handbibliothek Dialektologie,Rechts das vierte Regal von hinten ,3. von oben,,1622,Wörterbuch der Bairischen Mundarten in Österreich
2291,Kommission für Mundartkunde und Namenforschung (Hrsg.),1988,Wörterbuch der Bairischen Mundarten in Österreich. (Unter)tänigkeit - (Huner)tarker,Wien,"Sächsische Akademie der Wissenschaften zu Leipzig, Sprachwissenschaftliche Kommission, Arbeitsstelle Thüringisches Wörterbuch",E 006 Handbibliothek Dialektologie,Rechts das vierte Regal von hinten ,3. von oben,,577-768,Wörterbuch der Bairischen Mundarten in Österreich
2292,Kommission für Mundartkunde und Namenforschung (Hrsg.),1990,Wörterbuch der Bairischen Mundarten in Österreich. Tattern-Taunel,Wien,"Sächsische Akademie der Wissenschaften zu Leipzig, Sprachwissenschaftliche Kommission, Arbeitsstelle Thüringisches Wörterbuch",E 006 Handbibliothek Dialektologie,Rechts das vierte Regal von hinten ,3. von oben,,961-1152,Wörterbuch der Bairischen Mundarten in Österreich
2293,Volkseigener Verlag Enzyklopädie (Hrsg.),1956,Lexikon A-Z in zwei Bänden. Erster Band A-K,Leipzig,Institut für Mundartenforschung,E 006 Handbibliothek Dialektologie,Rechts das vierte Regal von hinten ,3. von oben,,1024,
2294,Volkseigener Verlag Enzyklopädie (Hrsg.),1957,Lexikon A-Z in zwei Bänden. Zweiter Band L-Z,Leipzig,Institut für Mundartenforschung,E 006 Handbibliothek Dialektologie,Rechts das vierte Regal von hinten ,3. von oben,,1031,
2295,"Wehr, Hans",1952,Arabisches Wörterbuch für die Schriftsprache der Gegenwart,Leipzig,"Universitätsbibliothek Jena, Zweigstelle Sprachwissenschaft",E 006 Handbibliothek Dialektologie,Rechts das vierte Regal von hinten ,3. von oben,,986,
2296,"Zwahr, J. G.",1846,mendisch-deutsches Handwörterbuch,Spremberg,FSU Jena Sektion Sprachwissenschaft Wissenschaftsbereich Deutsch Abt. Mundartforschung,E 006 Handbibliothek Dialektologie,Rechts das vierte Regal von hinten ,3. von oben,,476,
2297,VEB Bibliographisches Institut Leizig ,1966,Stil-Wörterbuch,Leipzig,FSU Jena Sektion Sprachwissenschaft Wissenschaftsbereich Deutsch Abt. Mundartforschung,E 006 Handbibliothek Dialektologie,Rechts das vierte Regal von hinten ,3. von oben,,1286,
2298,"Kluge, Friedrich & Götze, Alfred",1951,Etymologisches Wörterbuch der deutschen Sprache ,Berlin,Germanistisches Institut Jena,E 006 Handbibliothek Dialektologie,Rechts das vierte Regal von hinten ,3. von oben,,931,
2299,"Klappenbach, Ruth & Klappenbach, H.Malige",1964,Wörterbuch der Deutschen Gegenwartssprache 1. Band A-deutsch,Berlin,Institut für Mundartforschung,E 006 Handbibliothek Dialektologie,Rechts das vierte Regal von hinten ,4. von oben,,800,Wörterbuch der Deutschen Gegenwartssprache
2300,"Klappenbach, Ruth & Klappenbach, H.Malige",1967,Wörterbuch der Deutschen Gegenwartssprache 2. Band Deutsch-Glauben,Berlin,x,E 006 Handbibliothek Dialektologie,Rechts das vierte Regal von hinten ,4. von oben,,801-1600,Wörterbuch der Deutschen Gegenwartssprache
2301,"Klappenbach, Ruth & Steinitz, Wolfgang",1969,Wörterbuch der Deutschen Gegenwartssprache 3. Band glauben-Lyzeum,Berlin,FSU Jena Sektion Sprachwissenschaft Wissenschaftsbereich Deutsch Abt. Mundartforschung,E 006 Handbibliothek Dialektologie,Rechts das vierte Regal von hinten ,4. von oben,,1601-2412,Wörterbuch der Deutschen Gegenwartssprache
2302,"Klappenbach, Ruth & Steinitz, Wolfgang",1974,Wörterbuch der Deutschen Gegenwartssprache 4. Band M-Schinken,Berlin,FSU Jena Sektion Sprachwissenschaft Wissenschaftsbereich Deutsch Abt. Mundartforschung,E 006 Handbibliothek Dialektologie,Rechts das vierte Regal von hinten ,4. von oben,,2413-3212,Wörterbuch der Deutschen Gegenwartssprache
2303,"Klappenbach, Ruth & Steinitz, Wolfgang",1976,Wörterbuch der Deutschen Gegenwartssprache 5. Band Schinken-Vater-,Berlin,FSU Jena Sektion Sprachwissenschaft Wissenschaftsbereich Deutsch Abt. Mundartforschung,E 006 Handbibliothek Dialektologie,Rechts das vierte Regal von hinten ,4. von oben,,3213-4012,Wörterbuch der Deutschen Gegenwartssprache
2304,"Klappenbach, Ruth & Steinitz, Wolfgang",1977,Wörterbuch der Deutschen Gegenwartssprache 6. Band väterlich-Zytologie,Berlin,FSU Jena Sektion Sprachwissenschaft Wissenschaftsbereich Deutsch Abt. Mundartforschung,E 006 Handbibliothek Dialektologie,Rechts das vierte Regal von hinten ,4. von oben,,4013-4579,Wörterbuch der Deutschen Gegenwartssprache
2305,"Kempcke, Günther",1984,Handwörterbuch der deutschen Gegenwartssprache in zwei Bänden. A-K,Berlin,FSU Jena Sektion Sprachwissenschaft Wissenschaftsbereich Deutsch Abt. Mundartforschung,E 006 Handbibliothek Dialektologie,Rechts das vierte Regal von hinten ,4. von oben,,705,
2306,"Kempcke, Günther",1984,Handwörterbuch der deutschen Gegenwartssprache in zwei Bänden. L-Z,Berlin,FSU Jena Sektion Sprachwissenschaft Wissenschaftsbereich Deutsch Abt. Mundartforschung,E 006 Handbibliothek Dialektologie,Rechts das vierte Regal von hinten ,4. von oben,,706-1399,
2307,"Mater, Erich",1965,Rückläufiges Wörterbuch der Deutschen Gegenwartssprache,Leipzig,Institut für Mundartforschung,E 006 Handbibliothek Dialektologie,Rechts das vierte Regal von hinten ,4. von oben,,695,
2308,Wissenschaftlicher Rat der Dudenreaktion (Hrsg.),1991,Duden Band 1,"Mannheim, Wien, Zürich",x,E 006 Handbibliothek Dialektologie,Rechts das vierte Regal von hinten ,4. von oben,,832,
2309,"Hermann, Ursula",1996,Die neue deutsche Rechtschreibung,München,Arbeitsstelle Thüringisches Wörterbuch,E 006 Handbibliothek Dialektologie,Rechts das vierte Regal von hinten ,4. von oben,,1040,
2310,"Sutermeister, O.",1882,Sammlung deutsch-schweizerischer Mundart-Literatur. ,Zürich,FSU Jena Sektion Sprachwissenschaft Wissenschaftsbereich Deutsch Abt. Mundartforschung,E 006 Handbibliothek Dialektologie,Rechts das vierte Regal von hinten ,4. von oben,,,
2311,"Sutermeister, O.",,Sammlung deutsch-schweizerischer Mundart-Literatur. ,Zürich,FSU Jena Sektion Sprachwissenschaft Wissenschaftsbereich Deutsch Abt. Mundartforschung,E 006 Handbibliothek Dialektologie,Rechts das vierte Regal von hinten ,4. von oben,,,
2312,"Wolf, Siegmund A.",1962,Jiddisches Wörterbuch. Wortschatz des deutschen Grundbestandes der jiddischen (Jüdischdeutschen) Sprache,Mannheim ,Institut für Mundartforschung,E 006 Handbibliothek Dialektologie,Rechts das vierte Regal von hinten ,4. von oben,,203,
2313,"Wolf, Siegmund A.",1960,Großer Wörterbuch der Zigeunersprache. Wortschatz deutscher und anderer europäischer Zigeunerdialekte,Mannheim,DAW. Institut für deutsche Sprache u. Literatur,E 006 Handbibliothek Dialektologie,Rechts das vierte Regal von hinten ,4. von oben,,287,
2314,"Lasch, A. & Borchling, C.",1933,"Mittelniederdeutsches Handwörterbuch. Band I, Teil 2. gâ bis godeslasterêr",Hamburg,"Landesstelle für Thüringische Mundartenforschung Jena, Universität",E 006 Handbibliothek Dialektologie,Rechts das vierte Regal von hinten ,4. von oben,,128,Mittelniederdeutsches Handwörterbuch
2315,"Lasch, A. & Borchling, C.",1934,"Mittelniederdeutsches Handwörterbuch. Band I, Teil 2. godeslasteringe bis heger",Hamburg,"Landesstelle für Thüringische Mundartenforschung Jena, Universität",E 006 Handbibliothek Dialektologie,Rechts das vierte Regal von hinten ,4. von oben,,129-236,Mittelniederdeutsches Handwörterbuch
2316,"Cordes, Gerhard (Hrsg.)",1960,"Mittelniederdeutsches Handwörterbuch. Band II, hegerdinc bis hummelenhonich",Neumünster,Institut für Mundartenforschung,E 006 Handbibliothek Dialektologie,Rechts das vierte Regal von hinten ,4. von oben,,237-384,Mittelniederdeutsches Handwörterbuch
2317,"Cordes, Gerhard (Hrsg.)",1963,"Mittelniederdeutsches Handwörterbuch. Band II, hümmelinc bis kandelgarn",Neumünster,Institut für Mundartenforschung,E 006 Handbibliothek Dialektologie,Rechts das vierte Regal von hinten ,4. von oben,,385-512,Mittelniederdeutsches Handwörterbuch
2318,"Cordes, Gerhard (Hrsg.)",1965,"Mittelniederdeutsches Handwörterbuch. Band II, kandis bis körlik",Neumünster,Institut für Mundartenforschung,E 006 Handbibliothek Dialektologie,Rechts das vierte Regal von hinten ,4. von oben,,513-640,Mittelniederdeutsches Handwörterbuch
2319,"Cordes, Gerhard (Hrsg.)",1977,"Mittelniederdeutsches Handwörterbuch. Band II, körlöper bis lêftalichêit",Neumünster,FSU Jena Sektion Sprachwissenschaft Wissenschaftsbereich Deutsch Abt. Mundartforschung,E 006 Handbibliothek Dialektologie,Rechts das vierte Regal von hinten ,4. von oben,,641-768,Mittelniederdeutsches Handwörterbuch
2320,"Cordes, Gerhard (Hrsg.)",1982,"Mittelniederdeutsches Handwörterbuch. Band II, lêfte bis mandâtenbrôt",Neumünster,FSU Jena Sektion Sprachwissenschaft Wissenschaftsbereich Deutsch Abt. Mundartforschung,E 006 Handbibliothek Dialektologie,Rechts das vierte Regal von hinten ,4. von oben,,769-896,Mittelniederdeutsches Handwörterbuch
2321,"Cordes, Gerhard (Hrsg.)",1983,"Mittelniederdeutsches Handwörterbuch. Band II, mandâtlik bis mos",Neumünster,FSU Jena Sektion Sprachwissenschaft Wissenschaftsbereich Deutsch Abt. Mundartforschung,E 006 Handbibliothek Dialektologie,Rechts das vierte Regal von hinten ,4. von oben,,897-1024,Mittelniederdeutsches Handwörterbuch
2322,"Cordes, Gerhard (Hrsg.)",1987,"Mittelniederdeutsches Handwörterbuch. Band II, môsappel bis opperkamp",Neumünster,FSU Jena Sektion Sprachwissenschaft Wissenschaftsbereich Deutsch Abt. Mundartforschung,E 006 Handbibliothek Dialektologie,Rechts das vierte Regal von hinten ,4. von oben,,1025-1152,Mittelniederdeutsches Handwörterbuch
2323,"Cordes, Gerhard (Hrsg.)",1959,"Mittelniederdeutsches Handwörterbuch. Band III, Sâbâot bis schôt",Neumünster,Institut für Mundartenforschung,E 006 Handbibliothek Dialektologie,Rechts das vierte Regal von hinten ,4. von oben,,128,Mittelniederdeutsches Handwörterbuch
2324,"Cordes, Gerhard (Hrsg.)",1961,"Mittelniederdeutsches Handwörterbuch. Band III, schotangel bis slân",Neumünster,Institut für Mundartenforschung,E 006 Handbibliothek Dialektologie,Rechts das vierte Regal von hinten ,4. von oben,,129-256,Mittelniederdeutsches Handwörterbuch
2325,"Cordes, Gerhard (Hrsg.)",1965,"Mittelniederdeutsches Handwörterbuch. Band III, slân bis spissisch",Neumünster,Institut für Mundartenforschung,E 006 Handbibliothek Dialektologie,Rechts das vierte Regal von hinten ,4. von oben,,257-384,Mittelniederdeutsches Handwörterbuch
2326,"Cordes, Gerhard (Hrsg.)",1968,"Mittelniederdeutsches Handwörterbuch. Band III, spistange bis stôten",Neumünster,Institut für Mundartenforschung,E 006 Handbibliothek Dialektologie,Rechts das vierte Regal von hinten ,4. von oben,,385-512,Mittelniederdeutsches Handwörterbuch
2327,"Cordes, Gerhard (Hrsg.)",1974,"Mittelniederdeutsches Handwörterbuch. Band III, stôtenacke bis swâr",Neumünster,FSU Jena Sektion Sprachwissenschaft Wissenschaftsbereich Deutsch Abt. Mundartforschung,E 006 Handbibliothek Dialektologie,Rechts das vierte Regal von hinten ,4. von oben,,513-640,Mittelniederdeutsches Handwörterbuch
2328,"Sachs, Kark",1901,Sachs-Villatte. Encyklopädisches Französisch-Deutsches und Deutsch-Französisches Wörterbuch. Hand- und Schul-Ausgabe,Berlin,Institut für Mundartenforschung,E 006 Handbibliothek Dialektologie,Rechts das vierte Regal von hinten ,5. von oben,,856,
2329,"Sachs, Kark",,Remarques détachées für den deutsch-französischen Teil,Berlin,Institut für Mundartenforschung,E 006 Handbibliothek Dialektologie,Rechts das vierte Regal von hinten ,5. von oben,,992,
2330,"Klotz, Reinhold",1879,Handwörterbuch der Lateinischen Sprache. Erster Band A-H,Braunschweig,"Landesstelle für Thüringische Mundartenforschung Jena, Universität",E 006 Handbibliothek Dialektologie,Rechts das vierte Regal von hinten ,5. von oben,,1718,
2331,"Klotz, Reinhold",1879,Handwörterbuch der Lateinischen Sprache. Zweiter Band,Braunschweig,"Landesstelle für Thüringische Mundartenforschung Jena, Universität",E 006 Handbibliothek Dialektologie,Rechts das vierte Regal von hinten ,5. von oben,,1844,
2332,"Tschinkel, Walter",1973,Wörterbuch der Gottscheer Mundart Band 1,Wien,FSU Jena Sektion Sprachwissenschaft Wissenschaftsbereich Deutsch Abt. Mundartforschung,E 006 Handbibliothek Dialektologie,Rechts das vierte Regal von hinten ,5. von oben,,408,Studien zur Österreichisch-Bairischen Dialektkunde Nr. 7
2333,"Tschinkel, Walter",1976,Wörterbuch der Gottscheer Mundart Band 2,Wien,FSU Jena Sektion Sprachwissenschaft Wissenschaftsbereich Deutsch Abt. Mundartforschung,E 006 Handbibliothek Dialektologie,Rechts das vierte Regal von hinten ,5. von oben,,538,Studien zur Österreichisch-Bairischen Dialektkunde Nr. 8
2334,"Avanesov, R.I. (Hrsg.)",1957,Atlas Russischer Volksdialoge. Zentralregion östlich von Moskau,Moskau,Institut für Mundartforschung,E 006 Handbibliothek Dialektologie,Rechts das vierte Regal von hinten ,5. von oben,,1100,
2335,"Müller, Josef",x,Probe zum Rheinischen Wörterbuch,x,Institut für Mundartforschung,E 006 Handbibliothek Dialektologie,Rechts das vierte Regal von hinten ,5. von oben,,31,
2336,"Krämer, Julius",1997,Unser Sprachschatz. Wörterbuch der galizischen Pfälzer und Schwaben,Stuttgart,J85 FSU Jena Sektion Sprachwissenschaft Wissenschaftsbereich Deutsch Abt. Mundartforschung,E 006 Handbibliothek Dialektologie,Rechts das vierte Regal von hinten ,5. von oben,,276 Spalten,
2337,"Deutsche Akademie der Wissenschaften zu Berlin, Institut für deutsche Sprache und Literatur ",1965,>Brandenburg-Berlinerisches Wörterbuch. Probeheft (ba-Bahre),Berlin,Institut für Mundartforschung,E 006 Handbibliothek Dialektologie,Rechts das vierte Regal von hinten ,5. von oben,,32,Brandenburg-Berlinerisches Wörterbuch 
2338,"Grosse, Rudolf (Hrsg.)",1970,Althochdeutsches Wörterbuch Band II: C und D. Erste Lieferung,Berlin,FSU Jena Sektion Sprachwissenschaft Wissenschaftsbereich Deutsch Abt. Mundartforschung,E 006 Handbibliothek Dialektologie,Rechts das vierte Regal von hinten ,5. von oben,,73,Althochdeutsches Wörterbuch
2339,"Grosse, Rudolf (Hrsg.)",1975,Althochdeutsches Wörterbuch Band II: C und D. Zweite Lieferung,Berlin,FSU Jena Sektion Sprachwissenschaft Wissenschaftsbereich Deutsch Abt. Mundartforschung,E 006 Handbibliothek Dialektologie,Rechts das vierte Regal von hinten ,5. von oben,,73-160,
2340,"Grosse, Rudolf (Hrsg.)",1971,"Althochdeutsches Wörterbuch. Band III: E und F, Erste Lieferung",Berlin,FSU Jena Sektion Sprachwissenschaft Wissenschaftsbereich Deutsch Abt. Mundartforschung,E 006 Handbibliothek Dialektologie,Rechts das vierte Regal von hinten ,5. von oben,,72,
2341,"Grosse, Rudolf (Hrsg.)",1973,"Althochdeutsches Wörterbuch. Band III: E und F, Zweite und dritte Lieferung",Berlin,FSU Jena Sektion Sprachwissenschaft Wissenschaftsbereich Deutsch Abt. Mundartforschung,E 006 Handbibliothek Dialektologie,Rechts das vierte Regal von hinten ,5. von oben,,73-232,
2342,"Grosse, Rudolf (Hrsg.)",1974,"Althochdeutsches Wörterbuch. Band III: E und F, Vierte Lieferung",Berlin,FSU Jena Sektion Sprachwissenschaft Wissenschaftsbereich Deutsch Abt. Mundartforschung,E 006 Handbibliothek Dialektologie,Rechts das vierte Regal von hinten ,5. von oben,,233-312,
2343,"Grosse, Rudolf (Hrsg.)",1975,"Althochdeutsches Wörterbuch. Band III: E und F, Fünfte Lieferung",Berlin,FSU Jena Sektion Sprachwissenschaft Wissenschaftsbereich Deutsch Abt. Mundartforschung,E 006 Handbibliothek Dialektologie,Rechts das vierte Regal von hinten ,5. von oben,,313-392,
2344,"Grosse, Rudolf (Hrsg.)",1976,"Althochdeutsches Wörterbuch. Band III: E und F, Sechste Lieferung",Berlin,FSU Jena Sektion Sprachwissenschaft Wissenschaftsbereich Deutsch Abt. Mundartforschung,E 006 Handbibliothek Dialektologie,Rechts das vierte Regal von hinten ,5. von oben,,393-480,
2345,"Grosse, Rudolf (Hrsg.)",1994,"Althochdeutsches Wörterbuch. Band IV: G-J, Dreizehnte Lieferung",Berlin,"Sächsische Akademie der Wissenschaften zu Leipzig, Sprachwissenschaftliche Kommission, Arbeitsstelle Thüringisches Wörterbuch",E 006 Handbibliothek Dialektologie,Rechts das vierte Regal von hinten ,5. von oben,,917-996,
2346,Bayerische Akademie der Wissenschaften & Deutsche Akademie der Wissenschaften zu Berlin,1959,Mittellateinisches Wörterbuch bis zum ausgehenden 13. Jahrhundert. I. Bandd. 1.Lieferung: a-adcumen,Berlin,Institut für Mundartenforschung,E 006 Handbibliothek Dialektologie,Rechts das vierte Regal von hinten ,5. von oben,,160,
2347,Bayerische Akademie der Wissenschaften & Deutsche Akademie der Wissenschaften zu Berlin,1960,Mittellateinisches Wörterbuch bis zum ausgehenden 13. Jahrhundert. I. Bandd. 2.Lieferung: addebeo-aer,Berlin,Institut für Mundartenforschung,E 006 Handbibliothek Dialektologie,Rechts das vierte Regal von hinten ,5. von oben,,161-320,
2348,Bayerische Akademie der Wissenschaften & Deutsche Akademie der Wissenschaften zu Berlin,1959,Mittellateinisches Wörterbuch bis zum ausgehenden 13. Jahrhundert. Abkürzungs- und Quellenverzeichnis,Berlin,Institut für Mundartenforschung,E 006 Handbibliothek Dialektologie,Rechts das vierte Regal von hinten ,5. von oben,,94,
2349,"Mulch, Rudolf (Bearbeiter)",1968,Südhessisches Wörterbuch. Lieferung 4: dawider-blasen - D-Zug,"Marburg, Darmstadt",Unversitätsbibliothek Jena,E 006 Handbibliothek Dialektologie,Rechts das vierte Regal von hinten ,6. von oben,,1441-1928 + Karten,Südhessisches Wörterbuch
2350,Deutsche Akademie der Wissenschaften zu Berlin (Hrsg.),1963,Deutsches Wörterbuch von jacob Grimm und Wilhelm Grimm. Probeheft zum 100. Todestag Jacob Grimms,Leipzig,Institut für Mundartenforschung,E 006 Handbibliothek Dialektologie,Rechts das vierte Regal von hinten ,6. von oben,,80,
2351,Deutsche Akademie der Wissenschaften zu Berlin (Hrsg.),1965,Deutsches Wörterbuch von jacob Grimm und Wilhelm Grimm. Hinweise für dem Benutzer Abkürzungen,Leipzig,Institut für Mundartenforschung,E 006 Handbibliothek Dialektologie,Rechts das vierte Regal von hinten ,6. von oben,,16,
2352,Sächsische Akademie der Wissenschaften zu Leipzig,1994,Brandenburg-Berlinisches Wörterbuch III. Band: L bis Schutzmann,Leipzig,x,E 006 Handbibliothek Dialektologie,Rechts das vierte Regal von hinten ,6. von oben,,16,Brandenburg-Berlinerisches Wörterbuch 
2353,"Ising, Gerhard & Wiese, Joachim (Bearbeiter)",1974,"Brandenburg-Berlinisches Wörterbuch I. Band. 8. Lieferung, Bürgermeister bis derweil","Berlin, Neumünster",x,E 006 Handbibliothek Dialektologie,Rechts das vierte Regal von hinten ,6. von oben,,833-960,Brandenburg-Berlinerisches Wörterbuch 
2354,"Ising, Gerhard & Wiese, Joachim (Bearbeiter)",1975,"Brandenburg-Berlinisches Wörterbuch I. Band. 9. Lieferung, desderwegen bis Dusel","Berlin, Neumünster",x,E 006 Handbibliothek Dialektologie,Rechts das vierte Regal von hinten ,6. von oben,,961-1088,Brandenburg-Berlinerisches Wörterbuch 
2355,"Ising, Gerhard & Wiese, Joachim (Bearbeiter)",1976,"Brandenburg-Berlinisches Wörterbuch I. Band. 10. Lieferung, Dusel bis Exzellenz",Berlin. Neumünster,x,E 006 Handbibliothek Dialektologie,Rechts das vierte Regal von hinten ,6. von oben,,1089 - 1221,Brandenburg-Berlinerisches Wörterbuch 
2356,"Gansleweit, Karl-Dieter, Wiese, Joachim & Witkowski, Teodolius",1995,"Brandenburg-Berlinisches Wörterbuch IV. Band. 1-2. Lieferung, Schwabbel bis Stein",Berlin,x,E 006 Handbibliothek Dialektologie,Rechts das vierte Regal von hinten ,6. von oben,,256,Brandenburg-Berlinerisches Wörterbuch 
2357,"Gansleweit, Karl-Dieter, Wiese, Joachim & Witkowski, Teodolius",1996,"Brandenburg-Berlinisches Wörterbuch IV. Band. 3. Lieferung,steinalt bis tappen",Berlin,x,E 006 Handbibliothek Dialektologie,Rechts das vierte Regal von hinten ,6. von oben,,257-384,Brandenburg-Berlinerisches Wörterbuch 
2358,"Heyne, Moritz (Bearbeiter)",1877,Deutsches Wörterbuch von Jacob Grimm und Wilhelm Grimm. Vierten Bandes zweite Abtheilung,Leipzig,"Landesstelle für Thüringische Mundartenforschung Jena, Universität",E 006 Handbibliothek Dialektologie,Rechts das vierte Regal von hinten ,6. von oben,,721-960,
2359,"Allmann, Rudolf",1981,"Beiträge zur Siedlungsgeschichte Thüringens, insbesondere Nordthüringens",Riestedt,x,E 006 Handbibliothek Dialektologie,Rechts das vierte Regal von hinten ,6. von oben,,,
2360,"Hirschfeld, Wolfgang",x,Das thüringische Johannisfest,x,x,E 006 Handbibliothek Dialektologie,Rechts das vierte Regal von hinten ,6. von oben,,,
2361,Siebert,1913-1920,Kinderreime des Dorfes Obernessa,Obernessa,x,E 006 Handbibliothek Dialektologie,Rechts das vierte Regal von hinten ,6. von oben,,,
2362,"Sieber, Philipp",1902,Die Forsten des regierenden Fürstenhauses Reuß j. L. in der Zeit v. 17.-19.Jh.,Berlin,FSU Jena Sektion Sprachwissenschaft Wissenschaftsbereich Deutsch Abt. Mundartforschung,E 006 Handbibliothek Dialektologie,Rechts das vierte Regal von hinten ,6. von oben,,33-102,
2363,"Allmann, Rudolf",1982,Die - leben - Orte im Mittelgebirgsraum,Riestedt,x,E 006 Handbibliothek Dialektologie,Rechts das vierte Regal von hinten ,6. von oben,,,
2364,Staatliche Zentralverwaltung für Statistik Zentrales Zählbüro,1966,Verzeichnis der Gemeinden und Ortsteile der Deutschen Demokratischen Republik,Leipzig,Institut für Mundartenforschung,E 006 Handbibliothek Dialektologie,Rechts das vierte Regal von hinten ,6. von oben,,642,
2365,Staatliche Zentralverwaltung für Statistik bei der Staatlichen Plankommission,1953,Systematisches und alphabetisches Verzeichnis der Gemeinden der Deutschen Demokratischen Republik,Berlin,Institut für Mundartenforschung,E 006 Handbibliothek Dialektologie,Rechts das vierte Regal von hinten ,6. von oben,,122,
2366,,1927,"Verzeichnis sämtlicher Ortschaften in der Provinz Sachsen, im Lande Thüringen, im Freistaat Anhalt und in dem zur Provinz Hessen-Hassau gehörigen Kreise Schmalkalden",Dessau,Institut für Mundartenforschung,E 006 Handbibliothek Dialektologie,Rechts das vierte Regal von hinten ,6. von oben,,182,
2367,Statistikstelle im Einwohner- und Meldeamt,1993,Stadt Jena. Amtliches Straßenverzeichnis,Jena,"Thüringisches Wörterbuch Jena, Institut für Mundartforschung an der Friedrich-Schiller-Universität",E 006 Handbibliothek Dialektologie,Rechts das vierte Regal von hinten ,6. von oben,,70,
2368,"Kleiber, Wolfgang",,Symposio Ernst Christmann,Mainz,FSU Jena Sektion Sprachwissenschaft Wissenschaftsbereich Deutsch Abt. Mundartforschung,E 006 Handbibliothek Dialektologie,Rechts das vierte Regal von hinten ,6. von oben,,184,Mainzer Studien zur Sprach- und Volksforschung 11
2369,Sächische Akademie der Wissenschaften zu Leipzig,1990,Jahrgang 1987-1988,Berlin,"Sächsische Akademie der Wissenschaften zu Leipzig, Sprachwissenschaftliche Kommission, Arbeitsstelle Thüringisches Wörterbuch",E 006 Handbibliothek Dialektologie,Rechts das vierte Regal von hinten ,6. von oben,,73-82,
2370,"Rosenkranz, Heinz",1969,Zum Satzbau von Mundart und Hochsprache (4x vorhanden),Rostock,FSU Jena Sektion Sprachwissenschaft Wissenschaftsbereich Deutsch Abt. Mundartforschung,E 006 Handbibliothek Dialektologie,Rechts das vierte Regal von hinten ,6. von oben,,565-570,Wissenschaftliche Zeitrschrift der Universität Rostock 18.JG 
2371,"Sachenbacher, Peter, Einicke, Ralph & Beier, Hans-Jürgen",2003,Tegkwitz und das Altenburger Land im Mittelalter (2x vorhanden),Langenweissbach,x,E 006 Handbibliothek Dialektologie,Rechts das vierte Regal von hinten ,6. von oben,,133-142,Beiträge zur Frühgeschichte und zum Mittelalter Ostthüringens 1
2372,"Patze, Hans & Schlesinger, Walter",1968,Geschichte Thüringens. Erster Band: Grundlagen und Frühes Mittelalter,"Köln, Graz",x,E 006 Handbibliothek Dialektologie,Rechts das vierte Regal von hinten ,6. von oben,,113-405,
2373,"Rosenkranz, Heinz",x,Sprache und Dialekt (21x vorhanden),x,x,E 006 Handbibliothek Dialektologie,Rechts das vierte Regal von hinten ,6. von oben,,645-651,
2374,"Rosenkranz, Heinz",,Statistische Untersuchungen zur mundartlichen Syntax als Beitrag zur Sprachsoziologie (3x vorhanden),x,x,E 006 Handbibliothek Dialektologie,Rechts das vierte Regal von hinten ,6. von oben,,171-190,
2375,"Rosenkranz, Heinz",1974,Veränderungen der sprachlichen Komminikation im Bereich der industriellen Produktion und ihre Folgen für die Sprachentwicklung in der Deutschen Demokratischen Republik (3x vorhanden),Berlin,x,E 006 Handbibliothek Dialektologie,Rechts das vierte Regal von hinten ,6. von oben,,75-134,Aktuelle Probleme der sprachlichen Kommunikation
2376,"Schmitt, Ludwig Erich (Hrsg.)",x,Verhandlungen der zweiten interaktionalen Dialektologenkongresses II,Wiesbaden,x,E 006 Handbibliothek Dialektologie,Rechts das vierte Regal von hinten ,6. von oben,,719-730,Zeitschrift für Mundartenforschung Beihefte
2377,"Huschenbett, Dietrich & von Sachsenheim, Hermann",1962,Ein Beitrag zur Literaturgeschchte des 15. Jahrhunderts (2x vorhanden),Berlin,x,E 006 Handbibliothek Dialektologie,Rechts das vierte Regal von hinten ,6. von oben,,309-318,Philologische Studien und Quellen Heft 12
2378,"Rosenkranz, Heinz",x,"Komposita auf -Ding, -Sache, -Werk, -(Ge)zeug, -Geschirr und -Kram im thüringischen Sprachraum (3x vorhanden)",Jena,x,E 006 Handbibliothek Dialektologie,Rechts das vierte Regal von hinten ,6. von oben,,212-248,
2379,"Rosenkranz, Heinz",x,"Deutscher Wortatlas: ""Ameise"" im thüringischen Raum",x,x,E 006 Handbibliothek Dialektologie,Rechts das vierte Regal von hinten ,6. von oben,,68-91,
2380,"Akademien der Wissenschaften zu Berlin, Göttingen, Heidelberg, Leipzig, München & Wien (Hrsg.)",1963,"Deutsche Literaturzeitung für Kritik der internationalen Wissenschaften. JG 84, Heft 3, März 1963 (9x vorhanden)",Berlin,x,E 006 Handbibliothek Dialektologie,Rechts das vierte Regal von hinten ,6. von oben,,218-224,
2381,"Akademien der Wissenschaften zu Berlin, Göttingen, Heidelberg, Leipzig, München & Wien (Hrsg.)",1964,"Deutsche Literaturzeitung für Kritik der internationalen Wissenschaften. JG 85, Heft 5, Mai 1964 (4x vorhanden)",Berlin,x,E 006 Handbibliothek Dialektologie,Rechts das vierte Regal von hinten ,6. von oben,,410-416,
2382,"Rosenkranz, Heinz",1964,Psychologische Beobachtungen am Wortschatz der obersächsisch-thüringischen Umgangssprache (3x vorhanden),Jena,x,E 006 Handbibliothek Dialektologie,Rechts das vierte Regal von hinten ,6. von oben,,135-141,"Wissenschaftliche Zeitschrift der FSU Jena, 13. JG 1964"
2383,diverse Autor:innen,diverse Jahre,Mehrere einzelne handschriftliche und gedruckte Dokumente,x,x,E 006 Handbibliothek Dialektologie,Rechts das vierte Regal von hinten ,6. von oben,,,
2384,"Haase, Ernst",x,Mansfäller Schnurr'n. Heiteres und Besinnliches in Mansfelder Mundart,x,FSU Jena Sektion Sprachwissenschaft FB Deutsch Mundartenforschung,E 006 Handbibliothek Dialektologie,Rechts das vierte Regal von hinten ,6. von oben,,37,Zwischen Harz und Saale
2385,"Stucki, Bernhard",x,Mansfelder Mundart. Erzählungen in der Heimatsprache aus dem Leben unserer Mansfelder Landsleute (2x vorhanden) ,x,FSU Jena Sektion Sprachwissenschaft FB Deutsch Mundartenforschung,E 006 Handbibliothek Dialektologie,Rechts das vierte Regal von hinten ,6. von oben,,32,Zwischen Harz und Saale
2386,"Haase, Ernst, Kern, Franz, Spitzbarth, Otto & Stücki, Bernhard",x,Mansfelder Mundart. Heiteres und Besinnliches aus dem Leben unserer Landsleute,x,FSU Jena Sektion Sprachwissenschaft FB Deutsch Mundartenforschung,E 006 Handbibliothek Dialektologie,Rechts das vierte Regal von hinten ,6. von oben,,,
2387,"Künnert, Max",x,Unsere heimatliche Mundart (Hundshaupten),x,Institut für Mundartenforschung,E 006 Handbibliothek Dialektologie,Rechts das vierte Regal von hinten ,6. von oben,,71,
2388,x,x,"Sammlung Bickel, Dachrieden",x,Institut für Mundartenforschung,E 006 Handbibliothek Dialektologie,Rechts das vierte Regal von hinten ,6. von oben,,,
2389,"Valiska, Jurai",,Slovnik nemeckých reliktných náreci v. Gemeri ana dolnom Spisi,Trenchin,x,E 006 Handbibliothek Dialektologie,Rechts das vierte Regal von hinten ,6. von oben,,230,
2390,"Möhn, Dieter",1962,Die Struktur der niederdeutsch-mitteldeutschen Sprachgrenze zwischen Siegerland und Eichsfeld. Kartenband (2x vorhanden),Marburg  ,x,E 006 Handbibliothek Dialektologie,Rechts das erste Regal von vorne,1. von oben,,102,"Deutsche Dialektbiographie, Untersuchungen zum Deutschen Sprachatlas Band 47b"
2391,"Messow, Theodor & Bellmann, Günter",1965,Zur Dialektgeographie des schlesisch-brandenburgischen Grenzgebietes bei Züllichau,Marburg,x,E 006 Handbibliothek Dialektologie,Rechts das erste Regal von vorne,1. von oben,,34,"Deutsche Dialektbiographie, Untersuchungen zum Deutschen Sprachatlas Band 56"
2392,"Tita, Fritz & Schönfeldt, Alfred",1965,Die Bublitzer Mundart,Marburg,x,E 006 Handbibliothek Dialektologie,Rechts das erste Regal von vorne,1. von oben,,35-105,"Deutsche Dialektbiographie, Untersuchungen zum Deutschen Sprachatlas Band 56"
2393,"Kuck, Walther & Wiesinger, Peter",1965,Die nordöstliche Sprachgrenze des Ermlandes,Marburg,x,E 006 Handbibliothek Dialektologie,Rechts das erste Regal von vorne,1. von oben,,106-167,"Deutsche Dialektbiographie, Untersuchungen zum Deutschen Sprachatlas Band 56"
2394,"Lux, Julius",1961,Wörterbuch der Mundart von Dobschau,Marburg,x,E 006 Handbibliothek Dialektologie,Rechts das erste Regal von vorne,1. von oben,,206,"Deutsche Dialektbiographie, Untersuchungen zum Deutschen Sprachatlas Band 52"
2395,"Ziegler, Horst-Bechmann",1991,Mundart-Wörterbuch unserer Heimat Neustadt b. Coburg,Neustadt bei Coburg,"Sächsische Akademie der Wissenschaften zu Leipzig, Sprachwissenschaftliche Kommission, Arbeitsstelle Thüringisches Wörterbuch",E 006 Handbibliothek Dialektologie,Rechts das erste Regal von vorne,1. von oben,,200,
2396,"Eichhoff, Jürgen",1968,Die Sprache des niederdeutschen Reepschlägerhandwerks,"Köln, Graz",x,E 006 Handbibliothek Dialektologie,Rechts das erste Regal von vorne,1. von oben,,131 + Abbildungen,Niederdeutsche Studien 16
2397,"Tonnar, August & Ebers, Wilhelm",1970,Eupener Sprache,Wiesbaden,Romanisches Seminar der Universität Heidelberg,E 006 Handbibliothek Dialektologie,Rechts das erste Regal von vorne,1. von oben,,268,
2398,"Kiefer, F.",1967,Zur synchronischen Beschreibung einer schwäbischen Mundart in Ungarn,x,KA-RE-Verlag,E 006 Handbibliothek Dialektologie,Rechts das erste Regal von vorne,1. von oben,,89-120,Acta Linguistica Academae Scientiarum Hungaricae Tomus 17 
2399,"Hinderling, Robert & Eichinger, Ludwig M. (Hrsg.)",1996,Handbuch der mitteleuropäischen Sprachminderheiten,Tübingen,"Sächsische Akademie der Wissenschaften zu Leipzig, Sprachwissenschaftliche Kommission, Arbeitsstelle Thüringisches Wörterbuch",E 006 Handbibliothek Dialektologie,Rechts das erste Regal von vorne,1. von oben,,530,
2400,"Hörlin, Rainer",1988,Fränggisch Gredd. Eine Sprachkunde (ost-)fränkischer Mundarten,Neustadt an der Aisch,Arbeitsstelle Thüringisches Wörterbuch,E 006 Handbibliothek Dialektologie,Rechts das erste Regal von vorne,2. von oben,,296,
2401,"Küpper, Wolfgang",1991,Bayerns Mundarten. Dialektproben mit Kommentaren und einer Einführung in die Verbreitung und Verwendung des Dialekts in Bayern,München,"Thüringisches Wörterbuch Jena, Institut für Mundartforschung an der Friedrich-Schiller-Universität",E 006 Handbibliothek Dialektologie,Rechts das erste Regal von vorne,2. von oben,,287,
2402,"Judenmann, Franz Xaver ",1994,Kleines Oberpfälzer Wörterbuch. Ergötzliche Kost- und Lustbarkeit oberpfälzer Mundart aus allen Lebensbereichen in 2150 unterhaltsamen Einzelprotionen,Regensburg,"Thüringisches Wörterbuch Jena, Institut für Mundartforschung an der Friedrich-Schiller-Universität",E 006 Handbibliothek Dialektologie,Rechts das erste Regal von vorne,2. von oben,,184,
2403,"Rosenfeld, Hans-Friedrich",1975,Wernigeroder Wörterbuch,Neumünster,x,E 006 Handbibliothek Dialektologie,Rechts das erste Regal von vorne,2. von oben,,266,Forschungen und Quellen zur Geschichte des Harzgebietes 
2404,"Leson, Willy (Hrsg.) ",1995,Kölsch von A bis Z. Band 2: Hochdeutsch-Kölsch,Köln ,Arbeitsstelle Thüringisches Wörterbuch,E 006 Handbibliothek Dialektologie,Rechts das erste Regal von vorne,2. von oben,,204,
2405,"Pohl, Heinz-Dieter",1994,Kärntnerisch von A bis Z. Ein kleines Büchlein,Klagenfurt,"Thüringisches Wörterbuch Jena, Institut für Mundartforschung an der Friedrich-Schiller-Universität",E 006 Handbibliothek Dialektologie,Rechts das erste Regal von vorne,2. von oben,,168,
2406,"Weise, Oscar",1900,Syntax der Altenburger Mundart,Leipzig,"Landesstelle für Thüringische Mundartenforschung Jena, Universität",E 006 Handbibliothek Dialektologie,Rechts das erste Regal von vorne,2. von oben,,164,Sammlung kruzer Grammatiken deutscher Mundarten Band VI. 
2407,"Albrecht, Karl",1881,Die Leipziger Mundart. Grammatik und Wörterbuch der Leipziger Volkssprache,Leipzig,Institut für Mundartenforschung,E 006 Handbibliothek Dialektologie,Rechts das erste Regal von vorne,2. von oben,,243,
2408,"Danneil, Johann Friedrich",1859,Wörterbuch der altmärkisch-plattendeutschen Mundart,Salzwedel,"Landesstelle für Thüringische Mundartenforschung Jena, Universität",E 006 Handbibliothek Dialektologie,Rechts das erste Regal von vorne,2. von oben,,299,
2409,"Hofmann, Fritz",1926,Niederhessisches Wörterbuch,Marburg,Institut für Mundartenforschung,E 006 Handbibliothek Dialektologie,Rechts das erste Regal von vorne,2. von oben,,278,Deutsche Dialektgeographie Heft 19
2410,"Kleemann, Selmar",1882,Beiträge zu einem Nord-thüringischen Idiotikon,x,Institut für Mundartenforschung,E 006 Handbibliothek Dialektologie,Rechts das erste Regal von vorne,2. von oben,,26,
2411,"Weijnen, A. & Van Bakel, Jan",1991,Woordenboek van de Brabantse Dialecten. Aflevering 1,Assen,FSU Jena Sektion Sprachwissenschaft FB Deutsch Mundartenforschung,E 006 Handbibliothek Dialektologie,Rechts das erste Regal von vorne,2. von oben,,186,
2412,"Weijnen, A. & Van Bakel, Jan",1991,Woordenboek van de Brabantse Dialecten. Aflevering 2,Assen,FSU Jena Sektion Sprachwissenschaft FB Deutsch Mundartenforschung,E 006 Handbibliothek Dialektologie,Rechts das erste Regal von vorne,2. von oben,,187-276,
2413,"Hennemann, Hermann",1901,Die Mundart der sogenannten Grunddörfer in der Grafschaft Mansfeld. 1. Teil: Lautlehre,Heidelberg,Institut für Mundartenforschung,E 006 Handbibliothek Dialektologie,Rechts das erste Regal von vorne,2. von oben,,50,
2414,"Schirmer, Alfred",1911,Wörterbuch der deutschen Kaufmannssprache auf geschichtlicher Grundlagen,Strassburg,"Landesstelle für Thüringische Mundartenforschung Jena, Universität",E 006 Handbibliothek Dialektologie,Rechts das erste Regal von vorne,2. von oben,,217,
2415,"Schmöckel, Hermann & Blesken, Andreas",1952,Wörterbuch der Soester Börde,Soest,Institut für Mundartenforschung,E 006 Handbibliothek Dialektologie,Rechts das erste Regal von vorne,2. von oben,,342,Soester wissenschaftliche BeiträgeBand 5
2416,"Grassow, August",1952,Wörterbuch der Kasseler Mundart,Kassel,Institut für Mundartenforschung,E 006 Handbibliothek Dialektologie,Rechts das erste Regal von vorne,2. von oben,,94,
2417,"Wilmar, A.F.G.",1868,Idiotikon von Kurhessen,"Marburg, Leipzig",FSU Jena Sektion Sprachwissenschaft FB Deutsch Mundartenforschung,E 006 Handbibliothek Dialektologie,Rechts das erste Regal von vorne,2. von oben,,479,
2418,"Pfifter, Hermann",1886,Mundartliche und Stammheitliche Nachträge zu A.F.G.Wilmar's Idiotikon von Hessen,Marburg,Universitätsbibliothek Jena  ,E 006 Handbibliothek Dialektologie,Rechts das erste Regal von vorne,2. von oben,,360,
2419,"Hertel, L.",1895,Thüringer Sprachschatz. Sammlung mundartlicher Ausdrücke aus Thüringen,Weimar,Institut für Mundartenforschung,E 006 Handbibliothek Dialektologie,Rechts das erste Regal von vorne,2. von oben,,268,
2420,"Winteler, J.",1876,Die Kerenzer Mundart des Kantons Glarus,"Leipzig, Heidelberg",Deutsches Seminar Jena,E 006 Handbibliothek Dialektologie,Rechts das erste Regal von vorne,2. von oben,,240,
2421,"Stähli, Gebhard Karl & Netstal, GL",1976,Wörterbuch des Flumser Dialektes,Flums,FSU Jena Sektion Sprachwissenschaft FB Deutsch Mundartenforschung,E 006 Handbibliothek Dialektologie,Rechts das erste Regal von vorne,2. von oben,,287,
2422,"Hentrich, Konrad",1912,Wörterbuch der nordwestthüringischen Mundart des Eichsfeldes,Göttingen,Institut für Mundartenforschung,E 006 Handbibliothek Dialektologie,Rechts das erste Regal von vorne,2. von oben,,109,
2423,"Grimm, Jacob & Grimm, Wilhelm",1854,Deutsches Wörterbuch von Jacob Grimm und Wilhelm Grimm. Erster Band: A-Biermolke,Leipzig,"Landesstelle für Thüringische Mundartenforschung Jena, Universität",E 006 Handbibliothek Dialektologie,Rechts das erste Regal von vorne,3. von oben,,1824,
2424,"Grimm, Jacob & Grimm, Wilhelm",1860,Deutsches Wörterbuch von Jacob Grimm und Wilhelm Grimm. Zweiter Band: Biermörder-D,Leipzig,"Landesstelle für Thüringische Mundartenforschung Jena, Universität",E 006 Handbibliothek Dialektologie,Rechts das erste Regal von vorne,3. von oben,,1776,
2425,"Grimm, Jacob & Grimm, Wilhelm",1862,Deutsches Wörterbuch von Jacob Grimm und Wilhelm Grimm. Dritter Band: E-Forsche,Leipzig,"Landesstelle für Thüringische Mundartenforschung Jena, Universität",E 006 Handbibliothek Dialektologie,Rechts das erste Regal von vorne,3. von oben,,1904,
2426,"Grimm, Jacob & Grimm, Wilhelm",1878,"Deutsches Wörterbuch von Jacob Grimm und Wilhelm Grimm. Vierten Bandes erste Abtheilung, erste Hälfte: Forschel-Gefolgsmann",Leipzig,"Landesstelle für Thüringische Mundartenforschung Jena, Universität",E 006 Handbibliothek Dialektologie,Rechts das erste Regal von vorne,3. von oben,,2152,
2427,"Grimm, Jacob & Grimm, Wilhelm",1897,"Deutsches Wörterbuch von Jacob Grimm und Wilhelm Grimm. Vierten Bandes erste Abtheilung, zweiter Theil: Gefoppe-Getreibs",Leipzig,Institut für Mundartenforschung,E 006 Handbibliothek Dialektologie,Rechts das erste Regal von vorne,3. von oben,,2153-4452,
2428,"Grimm, Jacob & Grimm, Wilhelm",1911,"Deutsches Wörterbuch von Jacob Grimm und Wilhelm Grimm. Vierten Bandes erste Abtheilung, dritter Theil: Getreide-Gewähnlich",Leipzig,"Landesstelle für Thüringische Mundartenforschung Jena, Universität",E 006 Handbibliothek Dialektologie,Rechts das erste Regal von vorne,3. von oben,,4453-6596,
2429,"Grimm, Jacob & Grimm, Wilhelm",1949,"Deutsches Wörterbuch von Jacob Grimm und Wilhelm Grimm. Vierter Band, 1. Abteilung, 4. Teil: Gewöhnlich-Gleve",Leipzig,Institut für Mundartenforschung,E 006 Handbibliothek Dialektologie,Rechts das erste Regal von vorne,3. von oben,,6597-8342,
2430,"Grimm, Jacob & Grimm, Wilhelm",1958,"Deutsches Wörterbuch von Jacob Grimm und Wilhelm Grimm. Vierter Band, 1. Abteilung, 5. Teil: Gribber-Gräzist",Leipzig,x,E 006 Handbibliothek Dialektologie,Rechts das erste Regal von vorne,3. von oben,,2254,
2431,"Grimm, Jacob & Grimm, Wilhelm",1935,"Deutsches Wörterbuch von Jacob Grimm und Wilhelm Grimm. Vierter Band, 1. Abteilung, 6. Teil: Greander-Gymnastik",Leipzig,"Landesstelle für Thüringische Mundartenforschung Jena, Universität",E 006 Handbibliothek Dialektologie,Rechts das erste Regal von vorne,3. von oben,,1496,
2432,"Grimm, Jacob & Grimm, Wilhelm",1877,Deutsches Wörterbuch von Jacob Grimm und Wilhelm Grimm. Vierten Bandes zweite Abtheilung: H.I.J,Leipzig,Institut für Mundartenforschung,E 006 Handbibliothek Dialektologie,Rechts das erste Regal von vorne,3. von oben,,2408,
2433,"Grimm, Jacob & Grimm, Wilhelm",1873,Deutsches Wörterbuch von Jacob Grimm und Wilhelm Grimm. Fünfter Band: K,Leipzig,"Landesstelle für Thüringische Mundartenforschung Jena, Universität",E 006 Handbibliothek Dialektologie,Rechts das erste Regal von vorne,3. von oben,,1392,
2434,"Diedrichs, Elisabeth",1952,Die Schlüsselblume. Untersuchungen zum Deutschen Wortatlas,Giessen,"Sächsische Akademie der Wissenschaften zu Leipzig, Sprachwissenschaftliche Kommission, Arbeitsstelle Thüringisches Wörterbuch",E 006 Handbibliothek Dialektologie,Rechts das erste Regal von vorne,4. von oben,,92 + Karten,Gießener Beiträge zur deutschen Philologie 100
2435,"Magerstedt, Adolph Friedrich",1876,Die genetische Bedeutung der Einzelnamen innerhalb der Flurmark  Großen-Ehrich im Fürstenthum Schwarzburg-Sondershausen,Sondershausen,Institut für Mundartenforschung,E 006 Handbibliothek Dialektologie,Rechts das erste Regal von vorne,4. von oben,,88,
2436,"Grimm, Jacob & Grimm, Wilhelm",1885,Deutsches Wörterbuch von Jacob Grimm und Wilhelm Grimm. Sechster Band: L.M.,Leipzig,Institut für Mundartenforschung,E 006 Handbibliothek Dialektologie,Rechts das erste Regal von vorne,4. von oben,,2848,
2437,"Grimm, Jacob & Grimm, Wilhelm",1889,Deutsches Wörterbuch von Jacob Grimm und Wilhelm Grimm. Siebenter Band: N.O.P.Q.,Leipzig,Institut für Mundartenforschung,E 006 Handbibliothek Dialektologie,Rechts das erste Regal von vorne,4. von oben,,2386,
2438,"Grimm, Jacob & Grimm, Wilhelm",1893,Deutsches Wörterbuch von Jacob Grimm und Wilhelm Grimm. Achter Band: R-Schiefe,Leipzig,"Landesstelle für Thüringische Mundartenforschung Jena, Universität",E 006 Handbibliothek Dialektologie,Rechts das erste Regal von vorne,4. von oben,,2684,
2439,"Grimm, Jacob & Grimm, Wilhelm",1899,Deutsches Wörterbuch von Jacob Grimm und Wilhelm Grimm. Neunter Band: Schiefeln-Seele,Leipzig,"Landesstelle für Thüringische Mundartenforschung Jena, Universität",E 006 Handbibliothek Dialektologie,Rechts das erste Regal von vorne,4. von oben,,2926,
2440,"Grimm, Jacob & Grimm, Wilhelm",1905,Deutsches Wörterbuch von Jacob Grimm und Wilhelm Grimm. Zehnten Bandes erste Abtheilung: Seeleben-Sprechen,Leipzig,"Landesstelle für Thüringische Mundartenforschung Jena, Universität",E 006 Handbibliothek Dialektologie,Rechts das erste Regal von vorne,4. von oben,,1884,
2441,"Grimm, Jacob & Grimm, Wilhelm",1905,Deutsches Wörterbuch von Jacob Grimm und Wilhelm Grimm. Zehnten Bandes erste Abtheilung: Seeleben-Sprechen,Leipzig,x,E 006 Handbibliothek Dialektologie,Rechts das erste Regal von vorne,4. von oben,,1873-2848,
2442,"Grimm, Jacob & Grimm, Wilhelm",1919,"Deutsches Wörterbuch von Jacob Grimm und Wilhelm Grimm. Zehnter Band, 2. Abteilung, 1. Teil: Sprecher-Stehuhr",Leipzig,Institut für Mundartenforschung,E 006 Handbibliothek Dialektologie,Rechts das erste Regal von vorne,4. von oben,,1776,
2443,"Grimm, Jacob & Grimm, Wilhelm",1941,"Deutsches Wörterbuch von Jacob Grimm und Wilhelm Grimm. Zehnter Band, 2. Abteilung, 2. Teil: Stehung-Stitzig",Leipzig,Institut für Mundartenforschung,E 006 Handbibliothek Dialektologie,Rechts das erste Regal von vorne,4. von oben,,1777-3214,
2444,"Grimm, Jacob & Grimm, Wilhelm",1957,Deutsches Wörterbuch von Jacob Grimm und Wilhelm Grimm. Zehnter Band dritte Abteilung: Stob-Strollen,Leipzig,Institut für Mundartenforschung,E 006 Handbibliothek Dialektologie,Rechts das erste Regal von vorne,4. von oben,,1688,
2445,"Grimm, Jacob & Grimm, Wilhelm",1942,Deutsches Wörterbuch von Jacob Grimm und Wilhelm Grimm. Zehnter Band vierte Abteilung: Strom-Szische,Leipzig,x,E 006 Handbibliothek Dialektologie,Rechts das erste Regal von vorne,4. von oben,,1448,
2446,"Grimm, Jacob & Grimm, Wilhelm",1935,"Deutsches Wörterbuch von Jacob Grimm und Wilhelm Grimm. Elfter Band, 1. Abteilung, 1. Teil: T-Treftig",Leipzig,"Landesstelle für Thüringische Mundartenforschung Jena, Universität",E 006 Handbibliothek Dialektologie,Rechts das erste Regal von vorne,4. von oben,,1702,
2447,"Grimm, Jacob & Grimm, Wilhelm",1952,"Deutsches Wörterbuch von Jacob Grimm und Wilhelm Grimm. Elfter Band, 1. Abteilung, 2. Teil: Treib-TZ",Leipzig,Institut für Mundartenforschung,E 006 Handbibliothek Dialektologie,Rechts das erste Regal von vorne,4. von oben,,1998,
2448,"Grimm, Jacob & Grimm, Wilhelm",x,Deutsches Wörterbuch von Jacob Grimm und Wilhelm Grimm. Knecht-Kyrie,x,x,E 006 Handbibliothek Dialektologie,Rechts das erste Regal von vorne,5. von oben,,1393-2916,
2449,"Grimm, Jacob & Grimm, Wilhelm",1936,"Deutsches Wörterbuch von Jacob Grimm und Wilhelm Grimm. Elfter Band, 3. Abteilung: U-Umzwingen",Leipzig,"Landesstelle für Thüringische Mundartenforschung Jena, Universität",E 006 Handbibliothek Dialektologie,Rechts das erste Regal von vorne,5. von oben,,1312,
2450,"Grimm, Jacob & Grimm, Wilhelm",1936,"Deutsches Wörterbuch von Jacob Grimm und Wilhelm Grimm. Elfter Band, 3. Abteilung: Un-Uzvogel",Leipzig,"Landesstelle für Thüringische Mundartenforschung Jena, Universität",E 006 Handbibliothek Dialektologie,Rechts das erste Regal von vorne,5. von oben,,2620,
2451,"Grimm, Jacob & Grimm, Wilhelm",1956,"Deutsches Wörterbuch von Jacob Grimm und Wilhelm Grimm. Zwölfter Band, 1. Abteilung: V-Verzwungen",Leipzig,x,E 006 Handbibliothek Dialektologie,Rechts das erste Regal von vorne,5. von oben,,2722,
2452,"Grimm, Jacob & Grimm, Wilhelm",1951,"Deutsches Wörterbuch von Jacob Grimm und Wilhelm Grimm. Zwölfter Band, 2. Abteilung: Vesche-Vulkanisch",Leipzig,Institut für Mundartenforschung,E 006 Handbibliothek Dialektologie,Rechts das erste Regal von vorne,5. von oben,,2026,
2453,"Grimm, Jacob & Grimm, Wilhelm",1922,Deutsches Wörterbuch von Jacob Grimm und Wilhelm Grimm. Dreizehnter Band: W-Wegzwitschern,Leipzig,Institut für Mundartenforschung,E 006 Handbibliothek Dialektologie,Rechts das erste Regal von vorne,5. von oben,,1520,
2454,"Grimm, Jacob & Grimm, Wilhelm",1922,"Deutsches Wörterbuch von Jacob Grimm und Wilhelm Grimm. Dreizehnter Band, 2. Abteilung: Wandaltar-Wegzeigung",Leipzig,x,E 006 Handbibliothek Dialektologie,Rechts das erste Regal von vorne,5. von oben,,1521-3160,
2455,"Grimm, Jacob & Grimm, Wilhelm",1955,"Deutsches Wörterbuch von Jacob Grimm und Wilhelm Grimm. Vierzehnter Band, 1. Abteilung, 1. Teil: Weh-Wenunmut",Leipzig,Institut für Mundartenforschung,E 006 Handbibliothek Dialektologie,Rechts das erste Regal von vorne,5. von oben,,1824,
2456,"Grimm, Jacob & Grimm, Wilhelm",1960,"Deutsches Wörterbuch von Jacob Grimm und Wilhelm Grimm. Vierzehnter Band, 1. Abteilung, 2. Teil: Wenig-Wiking",Leipzig,Institut für Mundartenforschung,E 006 Handbibliothek Dialektologie,Rechts das erste Regal von vorne,5. von oben,,1640,
2457,"Grimm, Jacob & Grimm, Wilhelm",1960,"Deutsches Wörterbuch von Jacob Grimm und Wilhelm Grimm. Vierzehnter Band, 2. Abteilung: Wilb-Ysop",Leipzig,Institut für Mundartenforschung,E 006 Handbibliothek Dialektologie,Rechts das erste Regal von vorne,5. von oben,,2578,
2458,"Grimm, Jacob & Grimm, Wilhelm",1956,Deutsches Wörterbuch von Jacob Grimm und Wilhelm Grimm. Fünfzehnter Band: Z-Zmasche,Leipzig,Institut für Mundartenforschung,E 006 Handbibliothek Dialektologie,Rechts das erste Regal von vorne,5. von oben,,1740,
2459,"Grimm, Jacob & Grimm, Wilhelm",1954,Deutsches Wörterbuch von Jacob Grimm und Wilhelm Grimm. Sechzehnter Band: Zobel-Zypressenzweig ,Leipzig,Institut für Mundartenforschung,E 006 Handbibliothek Dialektologie,Rechts das erste Regal von vorne,5. von oben,,1460,
2460,Deutsche Akademie der Wissenschaften zu Berlin (Hrsg.),1971,Deutsches Wörterbuch von Jacob Grimm und Wilhelm Grimm: Quellenverzeichnis,Leipzig,FSU Jena Sektion Sprachwissenschaft FB Deutsch Mundartenforschung,E 006 Handbibliothek Dialektologie,Rechts das erste Regal von vorne,5. von oben,,1094,
2461,Centralsammelstelle des Deutschen Wörterbuchs in Göttingen,1910,Quellenverzeichnis zum Deutschen Wörterbuch,Göttingen,x,E 006 Handbibliothek Dialektologie,Rechts das erste Regal von vorne,5. von oben,,142,
2462,Centralsammelstelle des Deutschen Wörterbuchs in Göttingen,1911,Quellenverzeichnis zum Deutschen Wörterbuch,Göttingen,x,E 006 Handbibliothek Dialektologie,Rechts das erste Regal von vorne,5. von oben,,157,
2463,"Blam, Klaus",x,Albersdorfer Dialekt: Sammelmappe,Greiz,x,E 006 Handbibliothek Dialektologie,Rechts das erste Regal von vorne,6. von oben,,,
2464,"Hirschfeld, Wolfgang",x,Das thüringische Johannisfest,x,FSU Jena Sektion Sprachwissenschaft FB Deutsch Mundartenforschung,E 006 Handbibliothek Dialektologie,Rechts das erste Regal von vorne,6. von oben,,,
2465,"Schwarz, Ernst",1958,Sudetendeutscher Wortatlas. 3. Band,München,Universitätsbibliothek Jena  ,E 006 Handbibliothek Dialektologie,Rechts das erste Regal von vorne,6. von oben,,45 + Karten,
2466,x,x,Arbeitsplan für den Atlas der Deutschen Volkskunde ,x,Institut für Mundartenforschung,E 006 Handbibliothek Dialektologie,Rechts das erste Regal von vorne,6. von oben,,61,
2467,"Enkelmann, Hans Walter",x,"Die Kotschau von der Quelle bis zur Mündung, Teil 3",Pössneck,x,E 006 Handbibliothek Dialektologie,Rechts das erste Regal von vorne,6. von oben,,14-23,Spaziergäge um Pössneck
2468,"Enkelmann, Hans Walter",x,Heimatgeschichtlicher Spaziergang durch die Griebse. Teil 1 (3x vorhanden),Pössneck,x,E 006 Handbibliothek Dialektologie,Rechts das erste Regal von vorne,6. von oben,,16-24,Spaziergäge um Pössneck
2469,"Enkelmann, Hans Walter",x,Heimatgeschichtlicher Spaziergang durch die Griebse. Teil 2 (2x vorhanden),Pössneck,x,E 006 Handbibliothek Dialektologie,Rechts das erste Regal von vorne,6. von oben,,14-17,Spaziergäge um Pössneck
2470,"Enkelmann, Hans Walter",x,Heimatgeschichtlicher Spaziergang durch die Griebse. Teil 3 und Schluß (2x vorhanden),Pössneck,x,E 006 Handbibliothek Dialektologie,Rechts das erste Regal von vorne,6. von oben,,14-19,Spaziergäge um Pössneck
2471,"Steiner, Alfred",x,Wortsammlung der fränkischen Mundart im Meininger Oberland insbesondere in Steinach/Thüringer Wald,Roth in Mittelfranken,x,E 006 Handbibliothek Dialektologie,Rechts das erste Regal von vorne,6. von oben,,,
2472,"Kirchhoff, Alfred",1870,Die ältesten Weisthümer der Stadt Erfurt über ihre Stellung zum Erzstift Mainz: I. Das Weisthum von 1289 & II. Das Bibra-Büchlen,Halle (Saale),x,E 006 Handbibliothek Dialektologie,Rechts das erste Regal von vorne,6. von oben,,311,
2473,"Heß, Karl-Heinz & Rupp, Heinz",2000,Kleines Lauschaer Wörterbuch zum Nachdenken und Schmunzeln,Lauscha,Arbeitsstelle Thüringisches Wörterbuch,E 006 Handbibliothek Dialektologie,Rechts das erste Regal von vorne,6. von oben,,100,
2474,"Kluge, Friedrich (Hrsg.)",1910,Zeitschrift für Deutsche Wortforschung. Zwölfter Band. Auszug: Apfelnamen / Birnennamen (2x vorhanden),Straßburg,x,E 006 Handbibliothek Dialektologie,Rechts das erste Regal von vorne,6. von oben,,215-255,
2475,Heimatbund Thüringen (Hrsg.),2003,"Heimat Thüringen. Kulturlandschaft, Umwelt, Lebensraum",Elgersburg,x,E 006 Handbibliothek Dialektologie,Rechts das erste Regal von vorne,6. von oben,,,
2476,"Schmidt, Louis",1930,Über Thüringer Volkspflanzennamen,x,x,E 006 Handbibliothek Dialektologie,Rechts das erste Regal von vorne,6. von oben,,16-22,Thüringer Monatshefte 
2477,"Dronke, Ernst",1922,Der Vorstand des Allgemeinen Deutschen Sprachvereins,Gotha,x,E 006 Handbibliothek Dialektologie,Rechts das erste Regal von vorne,6. von oben,,83-86,"Zeitschrift des Allgemenen Deutschen Sprachvereins 37. JG, Nr.4/5"
2478,"Veith, Werner",1971,Die Lexikalische Stellung des Nordschlesischen In ostmittel- und gesamtdeutschen Bezügen,"Köln, Wien",Arbeitsstelle Thüringisches Wörterbuch,E 006 Handbibliothek Dialektologie,Rechts das erste Regal von vorne,6. von oben,,146-149,
2479,"Küther, Waldemar ",1971,Vacha und sein Servitenkloster im Mittelalter,"Köln, Wien",x,E 006 Handbibliothek Dialektologie,Rechts das erste Regal von vorne,6. von oben,,8-11,
2480,"Mitzschke, Paul (grüner Hefter)",1920,"Erfurt in Beinamen, Sprichwörtern und Redensarten",Erfurt,x,E 006 Handbibliothek Dialektologie,Rechts das erste Regal von vorne,6. von oben,,33-35,"Thüringer Kalender 1920 herausgegeben von Thüringer Museum in Eisenach, Zeichnungen von Georg Lilie, Meiningen"
2481,"Hüfner, Bruno (grüner Hefter)",1994,Ane schpeete Christboomfreede,Altenburg,x,E 006 Handbibliothek Dialektologie,Rechts das erste Regal von vorne,6. von oben,,156-161,Altenburger Geschichts- und Hauskalender 1994 3. Jahrgang in neuer Folge für die Kreise Altenburg und Schmölln
2482,grüner Hefter,,Schriften zu Albersdorfer Dialekt,,x,E 006 Handbibliothek Dialektologie,Rechts das erste Regal von vorne,6. von oben,,,
2483,Jakob us'm Schtennerhuse (gelber Hefter),x,Noh heithinger Muuoort geformte Lachbollchen un gereimte Korzgeschichten,Karlsruhe,x,E 006 Handbibliothek Dialektologie,Rechts das erste Regal von vorne,6. von oben,,80,
2484,"Reichardt, Wilhelm (orangener Hefter)",1917,Kirchliche Sitten und Gebräuche im Herzogtum Sachsen-Altenburg. Auf Grund von Fragebogen nach dem Stand des Jahres 1913 bearbeitet,Altenburg,x,E 006 Handbibliothek Dialektologie,Rechts das erste Regal von vorne,6. von oben,,92,
2485,"Lanzendorf, Bruno (roter Hefter)",1995,Mei' Kennichsee. Schnarzch'n un Arenn'rung' von Bruno Lanzendorf,Königsee,x,E 006 Handbibliothek Dialektologie,Rechts das erste Regal von vorne,6. von oben,,84,
2486,"Banner, Josef (blau)",1981,Deutsche Personennamen in Elek,Budapest,x,E 006 Handbibliothek Dialektologie,Rechts das erste Regal von vorne,6. von oben,,261-339,"Beiträge zur Volkskunde der Ungarndeutschen 1981, Budapest Hrsg.: Manherz und Klotz"
2487,"Gläser, Dorothea (blau)",x,Willy Bergner 1894-1980,Sonneberg,x,E 006 Handbibliothek Dialektologie,Rechts das erste Regal von vorne,6. von oben,,,
2488,Graffunder (orange),1835,Ueber die Sprache der Zigeuner - eine grammatische Skizze,Erfurt,x,E 006 Handbibliothek Dialektologie,Rechts das erste Regal von vorne,6. von oben,,59,
2489,Kladde von Kornelia Demme (blau),x,Anfrage zum Eichsfelder Dialekt von Deuna (Wortliste),x,x,E 006 Handbibliothek Dialektologie,Rechts das erste Regal von vorne,6. von oben,,,
2490,"Kladden von Anita Rußwurm (gelb, schwarze Punkte)",1956-58,Kirmespredigt (1958) und Kirmesstreiche (1956/57),x,x,E 006 Handbibliothek Dialektologie,Rechts das erste Regal von vorne,6. von oben,,,
2491,"Kladde Dietz, Festschrift Tabarz (hellgelb)",1986/1997,x,x,x,E 006 Handbibliothek Dialektologie,Rechts das erste Regal von vorne,6. von oben,,,
2492,"Plötner, Gerhard (blau)",1993,"Hetzdorfer Flurnamen, deren Entstehung und (Be-)deutung",Hetzdorf,x,E 006 Handbibliothek Dialektologie,Rechts das erste Regal von vorne,6. von oben,,,
2493,brauner Umschlag,,"verschiedene Zeitungsartikel, Weeßte noch? Von Wilhelm Günther",,,E 006 Handbibliothek Dialektologie,Rechts das erste Regal von vorne,6. von oben,,,
2494,"Hertel, L.",1887,Die Greizer Mundart,Jena,x,E 006 Handbibliothek Dialektologie,Rechts das erste Regal von vorne,6. von oben,,134-165,Auszug aus Mitteilungen der Geographischen Gesellschaft (für Thüringen) zu Jena. Fünfter Band
2495,"Bierwisch, M., Heidolph, K.E. et. al.",1973,"Grammatiktheorie, Sprachtheorie und Weltanschauung",Berlin,"Sächsische Akademie der Wissenschaften zu Leipzig, Sprachwissenschaftliche Kommission, Arbeitsstelle Thüringisches Wörterbuch",E 004 Büro,links das erste Regal,1. von oben,,86,Linguistische Studien Reihe A Arbeitsberichte 1
2496,"Kirchhoff, R.",1973,"Tätigkeit, Aneignung, Vergegenstädlichung und Verhalten als Begriffen der marxistisch-leninistischen Philosophie",Berlin,"Sächsische Akademie der Wissenschaften zu Leipzig, Sprachwissenschaftliche Kommission, Arbeitsstelle Thüringisches Wörterbuch",E 004 Büro,links das erste Regal,1. von oben,,87-109,Linguistische Studien Reihe A Arbeitsberichte 1
2497,"Wurzel, W. U.",1973,Engels als Linguist,Berlin,"Sächsische Akademie der Wissenschaften zu Leipzig, Sprachwissenschaftliche Kommission, Arbeitsstelle Thüringisches Wörterbuch",E 004 Büro,links das erste Regal,1. von oben,,110-142,Linguistische Studien Reihe A Arbeitsberichte 1
2498,"Neumann, W., Ricken U., Hartung, W., Suchsland P.",1973,Gedanken zu marxistisch-leninistischen Positionen in der Sprachtheorie,Berlin,"Sächsische Akademie der Wissenschaften zu Leipzig, Sprachwissenschaftliche Kommission, Arbeitsstelle Thüringisches Wörterbuch",E 004 Büro,links das erste Regal,1. von oben,,149,Linguistische Studien Reihe A Arbeitsberichte 2
2499,"Guchmann, M.M., Lerchner G., Schildt, J. et. al.",1973,Sprache - Nation - Norm,Berlin,"Sächsische Akademie der Wissenschaften zu Leipzig, Sprachwissenschaftliche Kommission, Arbeitsstelle Thüringisches Wörterbuch",E 004 Büro,links das erste Regal,1. von oben,,133,Linguistische Studien Reihe A Arbeitsberichte 3
2500,"Kurka, E., Ginschel, G., Petermann, H.",1973,Sprache in der ideologischen Auseinandersetzung,Berlin,"Sächsische Akademie der Wissenschaften zu Leipzig, Sprachwissenschaftliche Kommission, Arbeitsstelle Thüringisches Wörterbuch",E 004 Büro,links das erste Regal,1. von oben,,153,Linguistische Studien Reihe A Arbeitsberichte 4
2501,"Schädlich, H.J.",1973,Phonologische Studien zur Sprachschichtung,Berlin,"Sächsische Akademie der Wissenschaften zu Leipzig, Sprachwissenschaftliche Kommission, Arbeitsstelle Thüringisches Wörterbuch",E 004 Büro,links das erste Regal,1. von oben,,123,Linguistische Studien Reihe A Arbeitsberichte 6
2502,"Stich, A., Frohne, G., Fleischer, W. et.al.",1974,Theoretische und emprirische Probleme bei der Untersuchung der sprachlichen Kommunikation (II),Berlin,"Sächsische Akademie der Wissenschaften zu Leipzig, Sprachwissenschaftliche Kommission, Arbeitsstelle Thüringisches Wörterbuch",E 004 Büro,links das erste Regal,1. von oben,,152,Linguistische Studien Reihe A Arbeitsberichte 9
2503,"Neumann, Werner",1974,"Zeichen, Gedanke, Handlung. Zur linguistischen Fassung des Zeichenbegriffs",Berlin,"Sächsische Akademie der Wissenschaften zu Leipzig, Sprachwissenschaftliche Kommission, Arbeitsstelle Thüringisches Wörterbuch",E 004 Büro,links das erste Regal,1. von oben,,125,Linguistische Studien Reihe A Arbeitsberichte 10
2504,"Isenberg, Horst",1974,Texttheorie und Gegenstand der Grammatik,Berlin,"Sächsische Akademie der Wissenschaften zu Leipzig, Sprachwissenschaftliche Kommission, Arbeitsstelle Thüringisches Wörterbuch",E 004 Büro,links das erste Regal,1. von oben,,125,Linguistische Studien Reihe A Arbeitsberichte 11
2505,"Motsch, W., Bierwisch, M., Wurzel, W.U. & Heidolph, K.E.",1975,Neue Aspekte der Grammatikforschung  Teil 2,Berlin,"Sächsische Akademie der Wissenschaften zu Leipzig, Sprachwissenschaftliche Kommission, Arbeitsstelle Thüringisches Wörterbuch",E 004 Büro,links das erste Regal,1. von oben,,199,Linguistische Studien Reihe A Arbeitsberichte 19
2506,"Nerius, D., Scharnhorst, J., Baudusch, R., Herberg, D.",1975,Sprachwissenschaftliche Probleme einer Reform der deutschen Orthographie (I),Berlin,"Sächsische Akademie der Wissenschaften zu Leipzig, Sprachwissenschaftliche Kommission, Arbeitsstelle Thüringisches Wörterbuch",E 004 Büro,links das erste Regal,1. von oben,,122,Linguistische Studien Reihe A Arbeitsberichte 23
2507,"Nerius, D., Hofrichter, W., Heller, K. & Riehme, J.",1975,Sprachwissenschaftliche Probleme einer Reform der deutschen Orthographie (II),Berlin,"Sächsische Akademie der Wissenschaften zu Leipzig, Sprachwissenschaftliche Kommission, Arbeitsstelle Thüringisches Wörterbuch",E 004 Büro,links das erste Regal,1. von oben,,105,Linguistische Studien Reihe A Arbeitsberichte 24
2508,"Bierwisch, M. ",1975,Psychologische Aspekte der Sprache,Berlin,"Sächsische Akademie der Wissenschaften zu Leipzig, Sprachwissenschaftliche Kommission, Arbeitsstelle Thüringisches Wörterbuch",E 004 Büro,links das erste Regal,1. von oben,,183,Linguistische Studien Reihe A Arbeitsberichte 25
2509,"Meng, K., Kraft, B. & Sachnarovic, A.M.",1975,Sprachliche Kommunikation unter Kindern,Berlin,"Sächsische Akademie der Wissenschaften zu Leipzig, Sprachwissenschaftliche Kommission, Arbeitsstelle Thüringisches Wörterbuch",E 004 Büro,links das erste Regal,1. von oben,,73,Linguistische Studien Reihe A Arbeitsberichte 26
2510,"Baumann, E., Filipec, J., Drozd, L. et.al.",1975,"Internationales Kolloquium ""Rechnerunterstützte fachsprachliche Lexikographie"". 5.-7. Februar 1975 Dresden",Berlin,"Sächsische Akademie der Wissenschaften zu Leipzig, Sprachwissenschaftliche Kommission, Arbeitsstelle Thüringisches Wörterbuch",E 004 Büro,links das erste Regal,1. von oben,,170,Linguistische Studien Reihe A Arbeitsberichte 27
2511,"Hartung, W., Schönfeld, H. et.al.",1975,Sprachwissenschaftliche Arbeiten der Germanistenkommission Deutsche Demokratische Republik - Volksrepublik Polen 2. Zur Entwicklung der Sprache unter der Bedingung der Kommunikationsbedürfnisse und -inhalte in der sozialistischen Gesellschaft. Referate und Diskussionen der Arbeitstagung zur Soziolinguistik vom 4.10.1974 bis 5.10.1974 in Heiligendamm vei Rostock (2x vorhanden),Berlin,"Sächsische Akademie der Wissenschaften zu Leipzig, Sprachwissenschaftliche Kommission, Arbeitsstelle Thüringisches Wörterbuch",E 004 Büro,links das erste Regal,1. von oben,,156,Linguistische Studien Reihe A Arbeitsberichte 28
2512,"Jäger, G., Koenitz, B., Demina, E.I., Morciniec, N., Walter, H. et.al.",1976,"Probleme des Sprachvergleichs Bulgarisch, Polnisch, Slowakisch, Tschechisch und Deutsch",Berlin,"Sächsische Akademie der Wissenschaften zu Leipzig, Sprachwissenschaftliche Kommission, Arbeitsstelle Thüringisches Wörterbuch",E 004 Büro,links das erste Regal,1. von oben,,179,Linguistische Studien Reihe A Arbeitsberichte 29/1
2513,"Paraskevov, B., Ivancev, S., Gladrow, A., Eichler, E. et.al. ",1976,"Probleme des Sprachvergleichs Bulgarisch, Polnisch, Slowakisch, Tschechisch und Deutsch",Berlin,"Sächsische Akademie der Wissenschaften zu Leipzig, Sprachwissenschaftliche Kommission, Arbeitsstelle Thüringisches Wörterbuch",E 004 Büro,links das erste Regal,1. von oben,,181-377,Linguistische Studien Reihe A Arbeitsberichte 29/2
2514,"Eichler, E., Wotjak, G., Walther, H., Gläser, R. et.al.",1976,"Beiträge zur Theorie und Geschichte der Eigennamen. (Materialien der namenkundlichen Arbeitstagung ""Name, Geschichte, kulturelles Erbe"" Karl-Marx-Universität Leipzig, 23.-24.10.1974",Berlin,"Sächsische Akademie der Wissenschaften zu Leipzig, Sprachwissenschaftliche Kommission, Arbeitsstelle Thüringisches Wörterbuch",E 004 Büro,links das erste Regal,1. von oben,,200,Linguistische Studien Reihe A Arbeitsberichte 30
2515,"Ludwig, Klaus-Dieter",1976,"Zum Verhältnis von Sprache und Wertung. Untersuchungen an eigenen Adjektiven, die negative ästhetische und moralische Wertungen fixieren",Berlin,"Sächsische Akademie der Wissenschaften zu Leipzig, Sprachwissenschaftliche Kommission, Arbeitsstelle Thüringisches Wörterbuch",E 004 Büro,links das erste Regal,1. von oben,,189,Linguistische Studien Reihe A Arbeitsberichte 31
2516,"Flämig, W., Haftka, B., Heidolph, K.E., Steinitz, R. & Wurzel, W.U.",1977,Untersuchungen zur deutschen Grammatik I ,Berlin,"Sächsische Akademie der Wissenschaften zu Leipzig, Sprachwissenschaftliche Kommission, Arbeitsstelle Thüringisches Wörterbuch",E 004 Büro,links das erste Regal,1. von oben,,166,Linguistische Studien Reihe A Arbeitsberichte 35
2517,"Pfeifer, Wolfgang",1977,Historisch-etymologisches Wörterbuch der deutschen Sprache. Vorbemerkung und Probeartikel,Berlin,"Sächsische Akademie der Wissenschaften zu Leipzig, Sprachwissenschaftliche Kommission, Arbeitsstelle Thüringisches Wörterbuch",E 004 Büro,links das erste Regal,1. von oben,,155,Linguistische Studien Reihe A Arbeitsberichte 38
2518,,1977,Handwörterbuch der  deutschen Gegenwartssprache. Grundsätze und Probeartikel,Berlin,"Sächsische Akademie der Wissenschaften zu Leipzig, Sprachwissenschaftliche Kommission, Arbeitsstelle Thüringisches Wörterbuch",E 004 Büro,links das erste Regal,1. von oben,,115,Linguistische Studien Reihe A Arbeitsberichte 39
2519,"Neumann, W., Motsch, W., Suchsland, P., Wurzel, W.U. ",1977,Skizzen zur Methodologie der Linguistik,Berlin,"Sächsische Akademie der Wissenschaften zu Leipzig, Sprachwissenschaftliche Kommission, Arbeitsstelle Thüringisches Wörterbuch",E 004 Büro,links das erste Regal,1. von oben,,133,Linguistische Studien Reihe A Arbeitsberichte 40
2520,"Fleischer, W., Koch, H., Wittich, U., Huth, H. & Kändler, U.",1977,Sprache - Stil - Ideologie. Beiträge zur Rolle der Sprache bei der Bewußtseinsbildung,Berlin,"Sächsische Akademie der Wissenschaften zu Leipzig, Sprachwissenschaftliche Kommission, Arbeitsstelle Thüringisches Wörterbuch",E 004 Büro,links das erste Regal,1. von oben,,216,Linguistische Studien Reihe A Arbeitsberichte 41
2521,"Hofrichter, Werner",1977,Zu Problemen der Abkürzung in der deutschen Gegenwartssprache,Berlin,"Sächsische Akademie der Wissenschaften zu Leipzig, Sprachwissenschaftliche Kommission, Arbeitsstelle Thüringisches Wörterbuch",E 004 Büro,links das erste Regal,1. von oben,,176,Linguistische Studien Reihe A Arbeitsberichte 44
2522,"Erb, Teja",1978,Die Handwerkerbezeichnungen im Mittellatein - Ergebnisse einer Wortschatzanalyse,Berlin,"Sächsische Akademie der Wissenschaften zu Leipzig, Sprachwissenschaftliche Kommission, Arbeitsstelle Thüringisches Wörterbuch",E 004 Büro,links das erste Regal,1. von oben,,192,Linguistische Studien Reihe A Arbeitsberichte 46
2523,"Schmidt, Veronika",1978,Gesellschaftlich deteminierte Bedeutungsveränderungen im deutschen Wortschatz seit dem 19. Jahrhundert,Berlin,"Sächsische Akademie der Wissenschaften zu Leipzig, Sprachwissenschaftliche Kommission, Arbeitsstelle Thüringisches Wörterbuch",E 004 Büro,links das erste Regal,1. von oben,,157,Linguistische Studien Reihe A Arbeitsberichte 48
2524,"Fleischer, W., Michel, G., Lerchner, G. et.al. ",1978,Das Literarische Werk als Gegenstand Linguistischer Forschung,Berlin,"Sächsische Akademie der Wissenschaften zu Leipzig, Sprachwissenschaftliche Kommission, Arbeitsstelle Thüringisches Wörterbuch",E 004 Büro,links das erste Regal,1. von oben,,216,Linguistische Studien Reihe A Arbeitsberichte 50
2525,"Neumann, Werner, Nerius, Dieter, Fix, Ulla, Hoffmann, Michael et.al.",1979,"Sprachnormen, Stil und Sprachkultur",Berlin,"Sächsische Akademie der Wissenschaften zu Leipzig, Sprachwissenschaftliche Kommission, Arbeitsstelle Thüringisches Wörterbuch",E 004 Büro,links das erste Regal,1. von oben,,148,Linguistische Studien Reihe A Arbeitsberichte 51
2526,"Nerius, Dieter, Scharnhost, Jürgen, Heller, Klaus et.al.",1978,Beiträge zu Problemen der Orthographie,Berlin,"Sächsische Akademie der Wissenschaften zu Leipzig, Sprachwissenschaftliche Kommission, Arbeitsstelle Thüringisches Wörterbuch",E 004 Büro,links das erste Regal,1. von oben,,125,Linguistische Studien Reihe A Arbeitsberichte 54
2527,"Fix, U., Fleischer, W., Eckert, R. et.al.",1979,Beiträge zur Phraseologie und Lexikologie der deutschen Gegenwartssprache,Berlin,"Sächsische Akademie der Wissenschaften zu Leipzig, Sprachwissenschaftliche Kommission, Arbeitsstelle Thüringisches Wörterbuch",E 004 Büro,links das erste Regal,1. von oben,,136,Linguistische Studien Reihe A Arbeitsberichte 56
2528,"Hartung, W., Motsch, W., Bierwisch, M., Viehweger, D. & Doherty, M. ",1979,Untersuchungen zum Verhältnis von Grammatik und Kommunikation,Berlin,"Sächsische Akademie der Wissenschaften zu Leipzig, Sprachwissenschaftliche Kommission, Arbeitsstelle Thüringisches Wörterbuch",E 004 Büro,links das erste Regal,1. von oben,,140,Linguistische Studien Reihe A Arbeitsberichte 60
2529,"Kraft, B., Sturm, E., Hasdorf, W. & Sachnarociv, A.M.",1979,Sprachliche Kommunikation bei Kindern (II). Literaturberichte,Berlin,"Sächsische Akademie der Wissenschaften zu Leipzig, Sprachwissenschaftliche Kommission, Arbeitsstelle Thüringisches Wörterbuch",E 004 Büro,links das erste Regal,1. von oben,,130,Linguistische Studien Reihe A Arbeitsberichte 61
2530,"Neubert, A., Stepanow, G.W. et.al.",1979,"Theoretische und methodologische Fragen der Sprachwissenschaft. Beiträge zur Konferenz des Rates für Sprachwissenschaft, des Zentralinstitituts für Sprachwissenschaft der Akademie der Wissenschaften der DDR un der Sektion Theoretische und angewandte Sprachwissenschaft der Karl-Marx-Universität Leipzig. 22.-25.10.1978 in Dessau, Teil I",Berlin,"Sächsische Akademie der Wissenschaften zu Leipzig, Sprachwissenschaftliche Kommission, Arbeitsstelle Thüringisches Wörterbuch",E 004 Büro,links das erste Regal,1. von oben,,157,Linguistische Studien Reihe A Arbeitsberichte 62/1
2531,"Kolschanski, G.W., Hartung, W., Albrecht, E., Suchsland, P. et.al.",1979,"Theoretische und methodologische Fragen der Sprachwissenschaft. Beiträge zur Konferenz des Rates für Sprachwissenschaft, des Zentralinstitituts für Sprachwissenschaft der Akademie der Wissenschaften der DDR und der Sektion Theoretische und angewandte Sprachwissenschaft der Karl-Marx-Universität Leipzig. 22.-25.10.1978 in Dessau, Teil II",Berlin,"Sächsische Akademie der Wissenschaften zu Leipzig, Sprachwissenschaftliche Kommission, Arbeitsstelle Thüringisches Wörterbuch",E 004 Büro,links das erste Regal,1. von oben,,151,Linguistische Studien Reihe A Arbeitsberichte 62/2
2532,"Jakuschin, B.W., Schmidt, W., Schippan, Th., Wilske, L. et.al.",1979,"Theoretische und methodologische Fragen der Sprachwissenschaft. Beiträge zur Konferenz des Rates für Sprachwissenschaft, des Zentralinstitituts für Sprachwissenschaft der Akademie der Wissenschaften der DDR und der Sektion Theoretische und angewandte Sprachwissenschaft der Karl-Marx-Universität Leipzig. 22.-25.10.1978 in Dessau, Teil III",Berlin,"Sächsische Akademie der Wissenschaften zu Leipzig, Sprachwissenschaftliche Kommission, Arbeitsstelle Thüringisches Wörterbuch",E 004 Büro,links das erste Regal,1. von oben,,113,Linguistische Studien Reihe A Arbeitsberichte 62/3
2533,"Admoni, Wladimir G., Flämig, Walter, Moskalskaja, Olga et. al.",1979,"Wort, Satz und Text. Aktuelle Probleme der grammatischen und lexikologischen Beschreibung der deutschen Sprache der Gegenwart",Berlin,"Sächsische Akademie der Wissenschaften zu Leipzig, Sprachwissenschaftliche Kommission, Arbeitsstelle Thüringisches Wörterbuch",E 004 Büro,links das erste Regal,1. von oben,,129,Linguistische Studien Reihe A Arbeitsberichte 63
2534,"Kettmann, G., Mattausch, J. & Schieb, G.",1980,Studien zur deutschen Sprachgeschichte des 19. Jahrhundert. Existenzformen der Sprache,Berlin,"Sächsische Akademie der Wissenschaften zu Leipzig, Sprachwissenschaftliche Kommission, Arbeitsstelle Thüringisches Wörterbuch",E 004 Büro,links das erste Regal,1. von oben,,252,Linguistische Studien Reihe A Arbeitsberichte 66/1
2535,"Kurka, E., Nelz, D.",1980,Studien zur deutschen Sprachgeschichte des 19. Jahrhundert. Existenzformen der Sprache,Berlin,"Sächsische Akademie der Wissenschaften zu Leipzig, Sprachwissenschaftliche Kommission, Arbeitsstelle Thüringisches Wörterbuch",E 004 Büro,links das erste Regal,1. von oben,,115,Linguistische Studien Reihe A Arbeitsberichte 66/2
2536,"Fratzke, U., Wunderlich, W., Unger, Ch. & Simon, B.",1980,Studien zur deutschen Sprachgeschichte des 19. Jahrhundert. Naturwissenschaftliche und technische Fachlexik,Berlin,"Sächsische Akademie der Wissenschaften zu Leipzig, Sprachwissenschaftliche Kommission, Arbeitsstelle Thüringisches Wörterbuch",E 004 Büro,links das erste Regal,1. von oben,,255,Linguistische Studien Reihe A Arbeitsberichte 66/3
2537,"Haftka, B., Wurzel, W.U.",1980,Untersuchungen zur deutschen Grammatik,Berlin,"Sächsische Akademie der Wissenschaften zu Leipzig, Sprachwissenschaftliche Kommission, Arbeitsstelle Thüringisches Wörterbuch",E 004 Büro,links das erste Regal,1. von oben,,129,Linguistische Studien Reihe A Arbeitsberichte 70
2538,"Peilicke, R., Abramowski, A. & Fritzke, M.E.",1980,Syntaktisch-stilistische und lexikalische Untersuchungen an den Texten aus der Zeit des Großen Deutschen Bauernkriegs,Berlin,"Sächsische Akademie der Wissenschaften zu Leipzig, Sprachwissenschaftliche Kommission, Arbeitsstelle Thüringisches Wörterbuch",E 004 Büro,links das erste Regal,1. von oben,,108,Linguistische Studien Reihe A Arbeitsberichte 69
2539,"Reiher, Ruth",1980,Zur sprachlichen Kommunikation im sozialistischen Industriebetrieb - Texte und sprachliche Analysen -,Berlin,"Sächsische Akademie der Wissenschaften zu Leipzig, Sprachwissenschaftliche Kommission, Arbeitsstelle Thüringisches Wörterbuch",E 004 Büro,links das erste Regal,1. von oben,,175,Linguistische Studien Reihe A Arbeitsberichte 71
2540,"Hartung, W., Schönfeld, H., Donath, J. et.al.",1980,"Internationales Kolloquium ""Gesellschaftliche Funktion und Strukturen sprachlicher Kommunikation"". 26.-28.November 1979 Magdeburg",Berlin,"Sächsische Akademie der Wissenschaften zu Leipzig, Sprachwissenschaftliche Kommission, Arbeitsstelle Thüringisches Wörterbuch",E 004 Büro,links das erste Regal,1. von oben,,213,Linguistische Studien Reihe A Arbeitsberichte 72/1
2541,"Meng, K., Neumann, W., Priller, E. et.al.",1980,"Internationales Kolloquium ""Gesellschaftliche Funktion und Strukturen sprachlicher Kommunikation"". 26.-28.November 1979 Magdeburg",Berlin,"Sächsische Akademie der Wissenschaften zu Leipzig, Sprachwissenschaftliche Kommission, Arbeitsstelle Thüringisches Wörterbuch",E 004 Büro,links das erste Regal,1. von oben,,219,Linguistische Studien Reihe A Arbeitsberichte 72/2
2542,"Große, R., Eichler, E., Walther, H. et.al.",1980,"Beiträge zur Onomastik. (Vorträge der namenkundlichen Arbeitstagung ""Aktuelle Probleme  der Namenforschung in der DDR"" Karl-Marx-Universität Leipzig, 23.-24.10.1979)",Berlin,"Sächsische Akademie der Wissenschaften zu Leipzig, Sprachwissenschaftliche Kommission, Arbeitsstelle Thüringisches Wörterbuch",E 004 Büro,links das erste Regal,1. von oben,,122,Linguistische Studien Reihe A Arbeitsberichte 73/1
2543,"Schlimpwert, G., Bily, I., Lochner von Hüttenbach, F. et.al.",1980,"Beiträge zur Onomastik. (Vorträge der namenkundlichen Arbeitstagung ""Aktuelle Probleme  der Namenforschung in der DDR"" Karl-Marx-Universität Leipzig, 23.-24.10.1979)",Berlin,"Sächsische Akademie der Wissenschaften zu Leipzig, Sprachwissenschaftliche Kommission, Arbeitsstelle Thüringisches Wörterbuch",E 004 Büro,links das erste Regal,1. von oben,,123-246,Linguistische Studien Reihe A Arbeitsberichte 73/2
2544,"Neumann, Werner",1980,Hermeneutik und materialistische Dialekt bei der Untersuchung sprachlicher Tätigkeit,Berlin,"Sächsische Akademie der Wissenschaften zu Leipzig, Sprachwissenschaftliche Kommission, Arbeitsstelle Thüringisches Wörterbuch",E 004 Büro,links das erste Regal,1. von oben,,105,Linguistische Studien Reihe A Arbeitsberichte 74
2545,"Gundlach, Heinz, Schildt, Joachim, Gernentz, Hans Joachim et.al.",1980,Das Niederdeutsche in Geschichte und Gegenwart,Berlin,"Sächsische Akademie der Wissenschaften zu Leipzig, Sprachwissenschaftliche Kommission, Arbeitsstelle Thüringisches Wörterbuch",E 004 Büro,links das erste Regal,1. von oben,,111,Linguistische Studien Reihe A Arbeitsberichte 75/1
2546,"Schönfeld, Helmut, Dost, Wolfgang, Wiese, Joachim et.al.",1980,Das Niederdeutsche in Geschichte und Gegenwart,Berlin,"Sächsische Akademie der Wissenschaften zu Leipzig, Sprachwissenschaftliche Kommission, Arbeitsstelle Thüringisches Wörterbuch",E 004 Büro,links das erste Regal,1. von oben,,213,Linguistische Studien Reihe A Arbeitsberichte 75/2
2547,"Tarvainen, K., Koivulehto, J., Kantola, M. et.al.",1981,"Wissenschaftliche Konferenz. ""Kommunikation und Sprache in ihrer geschichtlichen Entwicklung bis zum Neuhochdeutschen"". 26.-27.September 1980 in Oulu (Finnland)",Berlin,"Sächsische Akademie der Wissenschaften zu Leipzig, Sprachwissenschaftliche Kommission, Arbeitsstelle Thüringisches Wörterbuch",E 004 Büro,links das erste Regal,1. von oben,,147,Linguistische Studien Reihe A Arbeitsberichte 77
2548,"Große, Rudolph",1981,Wörterbuch der obersächsischen Mundarten,Berlin,"Sächsische Akademie der Wissenschaften zu Leipzig, Sprachwissenschaftliche Kommission, Arbeitsstelle Thüringisches Wörterbuch",E 004 Büro,links das erste Regal,1. von oben,,132,Linguistische Studien Reihe A Arbeitsberichte 78
2549,"Motsch, Wolfgang, Viehweger, Dieter, Hartung, Wolfdietrich et.al.",1981,"Sprachhandlung, Satz und Text",Berlin,"Sächsische Akademie der Wissenschaften zu Leipzig, Sprachwissenschaftliche Kommission, Arbeitsstelle Thüringisches Wörterbuch",E 004 Büro,links das erste Regal,1. von oben,,121,Linguistische Studien Reihe A Arbeitsberichte 80
2550,"Nerius, Dieter, Scharnhorst, Jürgen, Meinhold, Gottfried, Stock, Eberhard et.al.",1981,Sprachwissenschaftliche Untersuchungen zu einer Reform der deutschen Orthographie,Berlin,"Sächsische Akademie der Wissenschaften zu Leipzig, Sprachwissenschaftliche Kommission, Arbeitsstelle Thüringisches Wörterbuch",E 004 Büro,links das erste Regal,1. von oben,,318,Linguistische Studien Reihe A Arbeitsberichte 83/1
2551,"Nerius, Dieter, Ewald, Petra, Herberg, Dieter, Baudusch, Renate",1981,Sprachwissenschaftliche Untersuchungen zu einer Reform der deutschen Orthographie,Berlin,"Sächsische Akademie der Wissenschaften zu Leipzig, Sprachwissenschaftliche Kommission, Arbeitsstelle Thüringisches Wörterbuch",E 004 Büro,links das erste Regal,1. von oben,,323,Linguistische Studien Reihe A Arbeitsberichte 83/2
2552,"Meng, K., Hasdorf, W., Kraft, B. ",1981,Sprachliche Kommunikation bei Kindern (III). Theoretische Fragen und emprirische Untersuchungen,Berlin,"Sächsische Akademie der Wissenschaften zu Leipzig, Sprachwissenschaftliche Kommission, Arbeitsstelle Thüringisches Wörterbuch",E 004 Büro,links das erste Regal,1. von oben,,121,Linguistische Studien Reihe A Arbeitsberichte 84
2553,"Blanke, Detlev",1981,Plansprache und Nationalsprache. Einige Probleme der Wortbildung des Esperanto und des Deutschen in konfrontativer Darstellung,Berlin,"Sächsische Akademie der Wissenschaften zu Leipzig, Sprachwissenschaftliche Kommission, Arbeitsstelle Thüringisches Wörterbuch",E 004 Büro,links das erste Regal,1. von oben,,161,Linguistische Studien Reihe A Arbeitsberichte 86
2554,"Bahner, Werner, Guchmann, Mira M., Schildt, Joachim et.al.",1982,Zur Periodisierung der deutschen Sprachgeschichte Prinzipien - Probleme - Aufgaben.,Berlin,"Sächsische Akademie der Wissenschaften zu Leipzig, Sprachwissenschaftliche Kommission, Arbeitsstelle Thüringisches Wörterbuch",E 004 Büro,links das erste Regal,1. von oben,,159,Linguistische Studien Reihe A Arbeitsberichte 88
2555,"Kacala, J., Ruzicka, J., Horecky, J. et.al.",1981,Probleme der Literatursprache und der Sprachkultur in der entwickelten sozialistischen Gesellschaft,Berlin,"Sächsische Akademie der Wissenschaften zu Leipzig, Sprachwissenschaftliche Kommission, Arbeitsstelle Thüringisches Wörterbuch",E 004 Büro,links das erste Regal,1. von oben,,170,Linguistische Studien Reihe A Arbeitsberichte 89
2556,"Lechner, Gotthard, Steinberg, Willi, Bock, Christine et.al.",1981,Literarischer Text und poetische Kommunikation ,Berlin,"Sächsische Akademie der Wissenschaften zu Leipzig, Sprachwissenschaftliche Kommission, Arbeitsstelle Thüringisches Wörterbuch",E 004 Büro,links das erste Regal,1. von oben,,331,Linguistische Studien Reihe A Arbeitsberichte 90
2557,"Wurzel, Wolfgang Ullrich",1981,Phonologie - Morphonologie - Morphologie,Berlin,"Sächsische Akademie der Wissenschaften zu Leipzig, Sprachwissenschaftliche Kommission, Arbeitsstelle Thüringisches Wörterbuch",E 004 Büro,links das erste Regal,1. von oben,,101,Linguistische Studien Reihe A Arbeitsberichte 93
2558,"Karl, Ilse",1982,Linguistische Probleme der zweisprachigen Lexikologie. Eine Nachlese praktischer Wörterbucharbeit,Berlin,"Sächsische Akademie der Wissenschaften zu Leipzig, Sprachwissenschaftliche Kommission, Arbeitsstelle Thüringisches Wörterbuch",E 004 Büro,links das erste Regal,1. von oben,,94,Linguistische Studien Reihe A Arbeitsberichte 96
2559,"Bahner, Werner, Hartung, Wolfdietrich, Techtmeier, Bärbel et.al.",1982,Imperialistische Manipulation und Sprache,Berlin,"Sächsische Akademie der Wissenschaften zu Leipzig, Sprachwissenschaftliche Kommission, Arbeitsstelle Thüringisches Wörterbuch",E 004 Büro,links das erste Regal,1. von oben,,122,Linguistische Studien Reihe A Arbeitsberichte 97
2560,"Walther, G., Bartschat, B., Winkler, E. & Oehme, E.",1982,"Untersuchungen zu synatktischen, semantischen und kommunikativen Aspekten des Deutschen",Berlin,"Sächsische Akademie der Wissenschaften zu Leipzig, Sprachwissenschaftliche Kommission, Arbeitsstelle Thüringisches Wörterbuch",E 004 Büro,links das erste Regal,1. von oben,,184,Linguistische Studien Reihe A Arbeitsberichte 98
2561,"Schmidt, W., Juhász, J. et.al.",1982,"Semantische und funktionale Beschreibung des Russischen und Deutschen. Wissenschaftliche Konferenz der Forschungskollektive Deutsche und Russische Sprachwissenschaft der Pädagogischen Hochschule ""Liselotte Herrmann"" Güstrow",Berlin,"Sächsische Akademie der Wissenschaften zu Leipzig, Sprachwissenschaftliche Kommission, Arbeitsstelle Thüringisches Wörterbuch",E 004 Büro,links das erste Regal,1. von oben,,287,Linguistische Studien Reihe A Arbeitsberichte 99
2562,"Brauße, U., Pasch, R. et.al.",1982,"Untersuchungen zu Funktionswörtern (Adverbien, Konjunktionen, Partikeln)",Berlin,"Sächsische Akademie der Wissenschaften zu Leipzig, Sprachwissenschaftliche Kommission, Arbeitsstelle Thüringisches Wörterbuch",E 004 Büro,links das erste Regal,1. von oben,,282,Linguistische Studien Reihe A Arbeitsberichte 104
2563,"Fleischer, Wolfgang, Barz, Irmhild, Ladissow, Alexander et.al.",1983,Entwicklungen in Wortbildung und Wortschatz der deutschen Gegenwartssprache,Berlin,"Sächsische Akademie der Wissenschaften zu Leipzig, Sprachwissenschaftliche Kommission, Arbeitsstelle Thüringisches Wörterbuch",E 004 Büro,links das erste Regal,1. von oben,,138,Linguistische Studien Reihe A Arbeitsberichte 105
2564,"Lindgren, K.B., Seppänen, L. et.al.",1983,"Wissenschaftlcihe Konferenz ""Aspekte und Probleme semasiologischer Sprachbetrachtung in synchronischer und diachronischer Sicht""",Berlin,"Sächsische Akademie der Wissenschaften zu Leipzig, Sprachwissenschaftliche Kommission, Arbeitsstelle Thüringisches Wörterbuch",E 004 Büro,links das erste Regal,1. von oben,,164,Linguistische Studien Reihe A Arbeitsberichte 107/1
2565,"Langner, H., Lechner, G., Abramov, B.A. et.al.",1983,Entwicklungstendenzen der deutschen Sprache seit dem 18. Jahrundert. Arbeitstagung der Bilateralen Germanistenkommission DDR-UdSSr und der Sektion Sprach- und Literaturwissenschaft der Wilhelm-Pieck-Universiät Rostock aus dem Anlaß des 125jährigen Bestehens der Germanistik an der Universität Rostock,Berlin,"Sächsische Akademie der Wissenschaften zu Leipzig, Sprachwissenschaftliche Kommission, Arbeitsstelle Thüringisches Wörterbuch",E 004 Büro,links das erste Regal,1. von oben,,302,Linguistische Studien Reihe A Arbeitsberichte 111
2566,"Danes, F., Pasch, R., Brauße, U. et.al. ",1983,Ebene der Textstruktur,Berlin,"Sächsische Akademie der Wissenschaften zu Leipzig, Sprachwissenschaftliche Kommission, Arbeitsstelle Thüringisches Wörterbuch",E 004 Büro,links das erste Regal,1. von oben,,342,Linguistische Studien Reihe A Arbeitsberichte 112
2567,"Techtmeier, Bärbel, Zak, Christian, Hartung, Wolfdietrich et.al.",1983,Sprachwissenschaft und Dialekt,Berlin,"Sächsische Akademie der Wissenschaften zu Leipzig, Sprachwissenschaftliche Kommission, Arbeitsstelle Thüringisches Wörterbuch",E 004 Büro,links das erste Regal,1. von oben,,118,Linguistische Studien Reihe A Arbeitsberichte 113/1
2568,"Wurzel, Wolfgang, Ullrich, Segeth, Wolfgang, Porsch, Peter et.al.",1983,Sprachwissenschaft und Dialekt,Berlin,"Sächsische Akademie der Wissenschaften zu Leipzig, Sprachwissenschaftliche Kommission, Arbeitsstelle Thüringisches Wörterbuch",E 004 Büro,links das erste Regal,1. von oben,,131,Linguistische Studien Reihe A Arbeitsberichte 113/2
2569,"Bahner, W., Heidolph, K.-E., et al.",1984,Untersuchungen zur deutschen Grammatik III,Berlin,"Sächsische Akademie der Wissenschaften zu Leipzig, Sprachwissenschaftliche Kommission, Arbeitsstelle Thüringisches Wörterbuch",E 004 Büro,links das erste Regal,1. von oben,,163,Linguistische Studien Reihe A Arbeitsberichte 116
2570,"Meng, Katharina",1984,Zur empirischen Forschung in der Kommunikationslinguistik (Sprachliche Kommunikation bei Kindern IV),Berlin,"Sächsische Akademie der Wissenschaften zu Leipzig, Sprachwissenschaftliche Kommission, Arbeitsstelle Thüringisches Wörterbuch",E 004 Büro,links das erste Regal,1. von oben,,134,Linguistische Studien Reihe A Arbeitsberichte 118
2571,"Schildt, Joachim",1984,Luthers Sprachschaffen. Gesellschaftliche Grundlaen. Geschichtliche Wirkungen. Referate der internationalen sprachwissenschaftlichen Konferenz Eisenach 21.-25. März 1983,Berlin,"Sächsische Akademie der Wissenschaften zu Leipzig, Sprachwissenschaftliche Kommission, Arbeitsstelle Thüringisches Wörterbuch",E 004 Büro,links das erste Regal,1. von oben,,294,Linguistische Studien Reihe A Arbeitsberichte 119/1
2572,"Schildt, Joachim",1984,Luthers Sprachschaffen. Gesellschaftliche Grundlaen. Geschichtliche Wirkungen. Referate der internationalen sprachwissenschaftlichen Konferenz Eisenach 21.-25. März 1983,Berlin,"Sächsische Akademie der Wissenschaften zu Leipzig, Sprachwissenschaftliche Kommission, Arbeitsstelle Thüringisches Wörterbuch",E 004 Büro,links das erste Regal,1. von oben,,287,Linguistische Studien Reihe A Arbeitsberichte 119/2
2573,"Bahner, W., Heidolph, K.-E., et al.",1985,Beiträge zu theoretischen und praktischen Problemen in der Lexikographie der deutschen Gegenwartssprache,Berlin,"Sächsische Akademie der Wissenschaften zu Leipzig, Sprachwissenschaftliche Kommission, Arbeitsstelle Thüringisches Wörterbuch",E 004 Büro,links das erste Regal,1. von oben,,337,Linguistische Studien Reihe A Arbeitsberichte 122
2574,"Fleischer, Wolfgang",1985,Textbezogene Nominationsforschung. Studien zur deutschen Gegenwartssprache,Berlin,"Sächsische Akademie der Wissenschaften zu Leipzig, Sprachwissenschaftliche Kommission, Arbeitsstelle Thüringisches Wörterbuch",E 004 Büro,links das erste Regal,1. von oben,,140,Linguistische Studien Reihe A Arbeitsberichte 123
2575,"Wurzel, W. U.",1985,Studien zur Morphologie und Phonologie I,Berlin,"Sächsische Akademie der Wissenschaften zu Leipzig, Sprachwissenschaftliche Kommission, Arbeitsstelle Thüringisches Wörterbuch",E 004 Büro,links das erste Regal,1. von oben,,143,Linguistische Studien Reihe A Arbeitsberichte 126
2576,"Schwarz, Christiane",1985,Bedingungen der sprachlichen Kommunikation,Berlin,"Sächsische Akademie der Wissenschaften zu Leipzig, Sprachwissenschaftliche Kommission, Arbeitsstelle Thüringisches Wörterbuch",E 004 Büro,links das erste Regal,1. von oben,,135,Linguistische Studien Reihe A Arbeitsberichte 131
2577,"Schletter, Katrin",1985,Zu einigen sprachgeschichtlichen Normierungsprozessen des 17. und 18. Jahrhunderts im Urteil zeitgenössischer Poetiken. Ein Beitrag zur Untersuchung des Herausbildung der nationalsprachlichen Norm der deutschen Literatursprache,Berlin,"Sächsische Akademie der Wissenschaften zu Leipzig, Sprachwissenschaftliche Kommission, Arbeitsstelle Thüringisches Wörterbuch",E 004 Büro,links das erste Regal,1. von oben,,130,Linguistische Studien Reihe A Arbeitsberichte 132/1
2578,"Schletter, Katrin",1985,Zu einigen sprachgeschichtlichen Normierungsprozessen des 17. und 18. Jahrhunderts im Urteil zeitgenössischer Poetiken. Ein Beitrag zur Untersuchung des Herausbildung der nationalsprachlichen Norm der deutschen Literatursprache,Berlin,"Sächsische Akademie der Wissenschaften zu Leipzig, Sprachwissenschaftliche Kommission, Arbeitsstelle Thüringisches Wörterbuch",E 004 Büro,links das erste Regal,1. von oben,,131-244,Linguistische Studien Reihe A Arbeitsberichte 132/2
2579,"Gläser, Rosemarie",1985,Fachsprachliche Textlinguistik. Vorträge der sprachwissenschaftlichen Arbeitstagung an der Sektion Fremdsprachen der Karl-Marx-Universität Leipzig am 11. und 12. Dezember 1984,Berlin,"Sächsische Akademie der Wissenschaften zu Leipzig, Sprachwissenschaftliche Kommission, Arbeitsstelle Thüringisches Wörterbuch",E 004 Büro,links das erste Regal,1. von oben,,154,Linguistische Studien Reihe A Arbeitsberichte 133
2580,"Schmidt, Hartmut",1985,"Untersuchungen zu konzeptionellen Problemen der historischen Lexikographie (Bedeutungen, Definitionen, Stichwortlisten, Aussagebereich)",Berlin,"Sächsische Akademie der Wissenschaften zu Leipzig, Sprachwissenschaftliche Kommission, Arbeitsstelle Thüringisches Wörterbuch",E 004 Büro,links das erste Regal,1. von oben,,151,Linguistische Studien Reihe A Arbeitsberichte 134
2581,"Meng, Katharina",1985,Zur Funktion sprachlicher Äußerungen in der Interaktion (Sprachliche Kommunikation bei Kindern V),Berlin,"Sächsische Akademie der Wissenschaften zu Leipzig, Sprachwissenschaftliche Kommission, Arbeitsstelle Thüringisches Wörterbuch",E 004 Büro,links das erste Regal,1. von oben,,153,Linguistische Studien Reihe A Arbeitsberichte 136
2582,"Pätzold, Jörg",1986,Beschreibung und Erwerb von Handlungsmustern. Beispiel: Rezensionen wissenschaftlicher Publikationen,Berlin,"Sächsische Akademie der Wissenschaften zu Leipzig, Sprachwissenschaftliche Kommission, Arbeitsstelle Thüringisches Wörterbuch",E 004 Büro,links das erste Regal,1. von oben,,147,Linguistische Studien Reihe A Arbeitsberichte 138
2583,"Bahner, W., Neumann, W., et al.",1986,Funktionalität und Komplexität der sprachlichen Kommunikation,Berlin,"Sächsische Akademie der Wissenschaften zu Leipzig, Sprachwissenschaftliche Kommission, Arbeitsstelle Thüringisches Wörterbuch",E 004 Büro,links das erste Regal,1. von oben,,165,Linguistische Studien Reihe A Arbeitsberichte 139
2584,"Bahner, W., Neumann, W., et al.",1986,Sprachliche Kommunikation unter dem Gesichtspunkt der Ontogenese,Berlin,"Sächsische Akademie der Wissenschaften zu Leipzig, Sprachwissenschaftliche Kommission, Arbeitsstelle Thüringisches Wörterbuch",E 004 Büro,links das erste Regal,1. von oben,,144,Linguistische Studien Reihe A Arbeitsberichte 140
2585,"Duda, Walter, Frenzel, Maria, et al.",1986,Zu einer Theorie der zweisprachigen Lexikographie. Überlegungen zu einem neuen russisch-deutschen Wörterbuch,Berlin,"Sächsische Akademie der Wissenschaften zu Leipzig, Sprachwissenschaftliche Kommission, Arbeitsstelle Thüringisches Wörterbuch",E 004 Büro,links das erste Regal,1. von oben,,121,Linguistische Studien Reihe A Arbeitsberichte 142
2586,"Bahner, W., Neumann, W., et al.",1986,Untersuchungen zu Funktionswörtern II,Berlin,"Sächsische Akademie der Wissenschaften zu Leipzig, Sprachwissenschaftliche Kommission, Arbeitsstelle Thüringisches Wörterbuch",E 004 Büro,links das erste Regal,1. von oben,,171,Linguistische Studien Reihe A Arbeitsberichte 143
2587,"Bahner, W., Neumann, W., et al.",1986,"Lexik und Grammatik des Deutschen und des Russischen. Wissenschaftliche Konferenz der Forschungskollektive Deutsche Sprachwissenschaft und Russische Sprachwissenschaft der Pädagogischen Hochschule ""Liselotte Herrmann"", Güstrow, 19.-21. März 1986",Berlin,"Sächsische Akademie der Wissenschaften zu Leipzig, Sprachwissenschaftliche Kommission, Arbeitsstelle Thüringisches Wörterbuch",E 004 Büro,links das erste Regal,1. von oben,,149,Linguistische Studien Reihe A Arbeitsberichte 145
2588,"Schäffner, Christina und Neubert, Albrecht",1986,Politischer Wortschatz in textueller Sicht,Berlin,"Sächsische Akademie der Wissenschaften zu Leipzig, Sprachwissenschaftliche Kommission, Arbeitsstelle Thüringisches Wörterbuch",E 004 Büro,links das erste Regal,1. von oben,,172,Linguistische Studien Reihe A Arbeitsberichte 146
2589,"Hartung, Wolfdietrich",1986,"""Untersuchungen zur Kommunikation - Ergebnisse und Perspektiven"" Internationale Arbeitstagung in Bad Stuer Dezember 1985",Berlin,"Sächsische Akademie der Wissenschaften zu Leipzig, Sprachwissenschaftliche Kommission, Arbeitsstelle Thüringisches Wörterbuch",E 004 Büro,links das erste Regal,1. von oben,,307,Linguistische Studien Reihe A Arbeitsberichte 149
2590,"Schmidt, Hartmut",1986,Die lebendige Sprache. Zur Entstehung des Organismuskonzepts,Berlin,"Sächsische Akademie der Wissenschaften zu Leipzig, Sprachwissenschaftliche Kommission, Arbeitsstelle Thüringisches Wörterbuch",E 004 Büro,links das erste Regal,1. von oben,,145,Linguistische Studien Reihe A Arbeitsberichte 151
2591,"Bochmann, Klaus",1986,Eigenschaften und linguistische Analyse politischer Texte,Berlin,"Sächsische Akademie der Wissenschaften zu Leipzig, Sprachwissenschaftliche Kommission, Arbeitsstelle Thüringisches Wörterbuch",E 004 Büro,links das erste Regal,1. von oben,,127,Linguistische Studien Reihe A Arbeitsberichte 152
2592,"Höser, Iris",1986,Untersuchungen zur formalisierten Beschreibung von Verbsememen für die automatische Satzanalyse (am Beispiel ausgewählter Verben des Deutschen),Berlin,"Sächsische Akademie der Wissenschaften zu Leipzig, Sprachwissenschaftliche Kommission, Arbeitsstelle Thüringisches Wörterbuch",E 004 Büro,links das erste Regal,1. von oben,,154,Linguistische Studien Reihe A Arbeitsberichte 155
2593,"Wurzel, W. U.",1987,Studien zur Morphologie und Phonologie II,Berlin,"Sächsische Akademie der Wissenschaften zu Leipzig, Sprachwissenschaftliche Kommission, Arbeitsstelle Thüringisches Wörterbuch",E 004 Büro,links das erste Regal,1. von oben,,183,Linguistische Studien Reihe A Arbeitsberichte 156
2594,"Welke, Klaus und Neurath, Renate",1987,"Lexikologie und Lexikographie. Vorträge der IV. sprachwissenschaftlichen Konferenz DDR - Finnland. Humboldt-Universität zu Berlin, 3.-5. September 1986",Berlin,"Sächsische Akademie der Wissenschaften zu Leipzig, Sprachwissenschaftliche Kommission, Arbeitsstelle Thüringisches Wörterbuch",E 004 Büro,links das erste Regal,1. von oben,,194,Linguistische Studien Reihe A Arbeitsberichte 160
2595,"Bahner, W., Neumann, W., et al.",1987,Das Lexikon als autonome Komponente der Grammatik,Berlin,"Sächsische Akademie der Wissenschaften zu Leipzig, Sprachwissenschaftliche Kommission, Arbeitsstelle Thüringisches Wörterbuch",E 004 Büro,links das erste Regal,1. von oben,,136,Linguistische Studien Reihe A Arbeitsberichte 163
2596,"Fleischer, Wolfgang",1987,Textlinguistik und Stilistik. Beiträge zu Theorie und Methode,Berlin,"Sächsische Akademie der Wissenschaften zu Leipzig, Sprachwissenschaftliche Kommission, Arbeitsstelle Thüringisches Wörterbuch",E 004 Büro,links das erste Regal,1. von oben,,126,Linguistische Studien Reihe A Arbeitsberichte 164
2597,"Grosse, Rudolf",1987,Untersuchungen zur Pragmatik und Semantik von Texten aus der ersten Hälfte des 16. Jahrhunderts,Berlin,"Sächsische Akademie der Wissenschaften zu Leipzig, Sprachwissenschaftliche Kommission, Arbeitsstelle Thüringisches Wörterbuch",E 004 Büro,links das erste Regal,1. von oben,,144,Linguistische Studien Reihe A Arbeitsberichte 168
2598,"Acricola, Erhard, Brauße, Ursula, et al.",1987,"Studien zu einem Komplexwörterbuch der lexikalischen Mikro-, Medio- und Makrostrukturen (""Komplexikon"")",Berlin,"Sächsische Akademie der Wissenschaften zu Leipzig, Sprachwissenschaftliche Kommission, Arbeitsstelle Thüringisches Wörterbuch",E 004 Büro,links das erste Regal,1. von oben,,322,Linguistische Studien Reihe A Arbeitsberichte 169/I
2599,"Acricola, Erhard, Brauße, Ursula, et al.",1987,"Studien zu einem Komplexwörterbuch der lexikalischen Mikro-, Medio- und Makrostrukturen (""Komplexikon"")",Berlin,"Sächsische Akademie der Wissenschaften zu Leipzig, Sprachwissenschaftliche Kommission, Arbeitsstelle Thüringisches Wörterbuch",E 004 Büro,links das erste Regal,1. von oben,,323-514,Linguistische Studien Reihe A Arbeitsberichte 169/II
2600,"Techtmeier, Bärbel",1987,Theoretische und praktische Fragen der Sprachkultur,Berlin,"Sächsische Akademie der Wissenschaften zu Leipzig, Sprachwissenschaftliche Kommission, Arbeitsstelle Thüringisches Wörterbuch",E 004 Büro,links das erste Regal,1. von oben,,290,Linguistische Studien Reihe A Arbeitsberichte 170
2601,"Nerius, Dieter und Augst, Gerhard",1988,Beiträge zur Schriftlinguistik auf dem XIV. Internationalen Linguistenkongreß 1987 in Berlin,Berlin,"Sächsische Akademie der Wissenschaften zu Leipzig, Sprachwissenschaftliche Kommission, Arbeitsstelle Thüringisches Wörterbuch",E 004 Büro,links das erste Regal,1. von oben,,180,Linguistische Studien Reihe A Arbeitsberichte 173
2602,"Schmidt, Hartmut",1988,Berlinisch in Geschichte und Gegenwart. Stadtsprache und Stadtgeschichte,Berlin,"Sächsische Akademie der Wissenschaften zu Leipzig, Sprachwissenschaftliche Kommission, Arbeitsstelle Thüringisches Wörterbuch",E 004 Büro,links das erste Regal,1. von oben,,157,Linguistische Studien Reihe A Arbeitsberichte 174
2603,"Friedrich,Beate",1988,Sprache und Lernen in der Unterstufe - Untersuchungen zum Zusammenhang von begrifflicher und sprachlicher Strukturbildung beim Wissenserwerb,Berlin,"Sächsische Akademie der Wissenschaften zu Leipzig, Sprachwissenschaftliche Kommission, Arbeitsstelle Thüringisches Wörterbuch",E 004 Büro,links das erste Regal,1. von oben,,139,Linguistische Studien Reihe A Arbeitsberichte 175
2604,"Brandt, Gisela und Rösler, Irmtraud",1988,Zu Stellenwert und Bewältigung soziolinguistischer Fragestellungen in aktuellen germanistischen sprachhistorischen Forschungen (beiträge zum wissenschaftlichen Kolloquium Rostock 30.11. un 01.12.1987),Berlin,"Sächsische Akademie der Wissenschaften zu Leipzig, Sprachwissenschaftliche Kommission, Arbeitsstelle Thüringisches Wörterbuch",E 004 Büro,links das erste Regal,1. von oben,,150,Linguistische Studien Reihe A Arbeitsberichte 178
2605,"Helbig, Gerhard",1988,"Valenz, semantische Kasus und/oder ""Szenen""",Berlin,"Sächsische Akademie der Wissenschaften zu Leipzig, Sprachwissenschaftliche Kommission, Arbeitsstelle Thüringisches Wörterbuch",E 004 Büro,links das erste Regal,1. von oben,,157,Linguistische Studien Reihe A Arbeitsberichte 180
2606,"Meng, Katharina",1988,Kommunikationstypen und ihre Aneignung durch Kinder (Sprachliche Kommunikation bei Kindern VI),Berlin,"Sächsische Akademie der Wissenschaften zu Leipzig, Sprachwissenschaftliche Kommission, Arbeitsstelle Thüringisches Wörterbuch",E 004 Büro,links das erste Regal,1. von oben,,108,Linguistische Studien Reihe A Arbeitsberichte 181
2607,"Heller, Klaus, Herberg, Dieter, et al.",1988,Theoretische und praktische Probleme der Neologismenlexikographie. Überlegungen und Materialien zu einem Wörterbuch der in der Allgemeinsprache der DDR gebräuchlichen Neologismen,Berlin,"Sächsische Akademie der Wissenschaften zu Leipzig, Sprachwissenschaftliche Kommission, Arbeitsstelle Thüringisches Wörterbuch",E 004 Büro,links das erste Regal,1. von oben,,136,Linguistische Studien Reihe A Arbeitsberichte 184
2608,"Bahner, W., Neumann, W., et al.",1988,"Studien zum Satzmodus II (Papers from the Round Table Sentence and Modularity at the XIVth International Congress of Linguists, Berlin 1987)",Berlin,"Sächsische Akademie der Wissenschaften zu Leipzig, Sprachwissenschaftliche Kommission, Arbeitsstelle Thüringisches Wörterbuch",E 004 Büro,links das erste Regal,1. von oben,,163,Linguistische Studien Reihe A Arbeitsberichte 185
2609,"Eichler, Ernst",1988,Beiträge zur Geschichte der slawischen Sprachwissenschaft (Unter besonderer Berücksichtigung deutsch-tschechischer Wissenschaftsbeziehungen),Berlin,"Sächsische Akademie der Wissenschaften zu Leipzig, Sprachwissenschaftliche Kommission, Arbeitsstelle Thüringisches Wörterbuch",E 004 Büro,links das erste Regal,1. von oben,,144,Linguistische Studien Reihe A Arbeitsberichte 186
2610,"Milosch, Tomas und Mittelstädt, Hartmut",1988,Beiträge zur nordischen Philologie. Sammelpublikation in honorem Sveinn Bergsveinsson (23.10.1907-17.10.1988),Berlin,"Sächsische Akademie der Wissenschaften zu Leipzig, Sprachwissenschaftliche Kommission, Arbeitsstelle Thüringisches Wörterbuch",E 004 Büro,links das erste Regal,1. von oben,,155,Linguistische Studien Reihe A Arbeitsberichte 187
2611,"Wurzel, W. U.",1988,Studien zur Morphologie und Phonologie III,Berlin,"Sächsische Akademie der Wissenschaften zu Leipzig, Sprachwissenschaftliche Kommission, Arbeitsstelle Thüringisches Wörterbuch",E 004 Büro,links das erste Regal,1. von oben,,116,Linguistische Studien Reihe A Arbeitsberichte 188
2612,"Blohm, Dieter",1989,Studien zur arabischen Linguistik. Wolfgang Reuschel zum 65. Geburtstag,Berlin,"Sächsische Akademie der Wissenschaften zu Leipzig, Sprachwissenschaftliche Kommission, Arbeitsstelle Thüringisches Wörterbuch",E 004 Büro,links das erste Regal,1. von oben,,151,Linguistische Studien Reihe A Arbeitsberichte 189
2613,"Beyrer, Arthur, Henschel, Bernhard, et al.",1989,Aspekte der sprachlichen Wertung,Berlin,"Sächsische Akademie der Wissenschaften zu Leipzig, Sprachwissenschaftliche Kommission, Arbeitsstelle Thüringisches Wörterbuch",E 004 Büro,links das erste Regal,1. von oben,,154,Linguistische Studien Reihe A Arbeitsberichte 190
2614,"Hlavsa, Zdenek und Viehweger, Dieter",1989,Makrostrukturen im Text und im Gespräch,Berlin,"Sächsische Akademie der Wissenschaften zu Leipzig, Sprachwissenschaftliche Kommission, Arbeitsstelle Thüringisches Wörterbuch",E 004 Büro,links das erste Regal,1. von oben,,273,Linguistische Studien Reihe A Arbeitsberichte 191
2615,"Bahner, W., Neumann, W., et al.",1989,Studien zur Morphologie und Syntax der Balkansprachen II. Beiträge zur Balkanlinguistik VI,Berlin,"Sächsische Akademie der Wissenschaften zu Leipzig, Sprachwissenschaftliche Kommission, Arbeitsstelle Thüringisches Wörterbuch",E 004 Büro,links das erste Regal,1. von oben,,150,Linguistische Studien Reihe A Arbeitsberichte 192
2616,"Bahner, W., Neumann, W., et al.",1989,Studien zum Satzmodus III,Berlin,"Sächsische Akademie der Wissenschaften zu Leipzig, Sprachwissenschaftliche Kommission, Arbeitsstelle Thüringisches Wörterbuch",E 004 Büro,links das erste Regal,1. von oben,,158,Linguistische Studien Reihe A Arbeitsberichte 193
2617,"Motsch, W.",1989,Wortstruktur und Satzstruktur,Berlin,"Sächsische Akademie der Wissenschaften zu Leipzig, Sprachwissenschaftliche Kommission, Arbeitsstelle Thüringisches Wörterbuch",E 004 Büro,links das erste Regal,1. von oben,,298,Linguistische Studien Reihe A Arbeitsberichte 194
2618,"Heerdegen, Reinhard",1989,Aspekte der Raumwahrnehmung. Zusammenschau mit einem Experiment,Berlin,"Sächsische Akademie der Wissenschaften zu Leipzig, Sprachwissenschaftliche Kommission, Arbeitsstelle Thüringisches Wörterbuch",E 004 Büro,links das erste Regal,1. von oben,,97,Linguistische Studien Reihe A Arbeitsberichte 195
2619,"Wotjak, Gerd",1989,Untersuchungen zum spanischen Verb. Ausgewählte Beiträge vom III. Internationalen Kolloquium zur spanischen Sprachwissenschaft 04.-06.10.1988 Leipzig,Berlin,"Sächsische Akademie der Wissenschaften zu Leipzig, Sprachwissenschaftliche Kommission, Arbeitsstelle Thüringisches Wörterbuch",E 004 Büro,links das erste Regal,1. von oben,,141,Linguistische Studien Reihe A Arbeitsberichte 196
2620,"Schönfeld, Helmut",1989,Sprache und Sprachvariation in der Stadt. Zu sprachlichen Entwicklungen und zur Sprachvariation in Berlin und anderen Städten im Nordteil der DDR,Berlin,"Sächsische Akademie der Wissenschaften zu Leipzig, Sprachwissenschaftliche Kommission, Arbeitsstelle Thüringisches Wörterbuch",E 004 Büro,links das erste Regal,1. von oben,,253,Linguistische Studien Reihe A Arbeitsberichte 197
2621,"Beneke, Jürgen",1989,Die Stadtsprache Berlins im Denken und Handeln Jugendlicher,Berlin,"Sächsische Akademie der Wissenschaften zu Leipzig, Sprachwissenschaftliche Kommission, Arbeitsstelle Thüringisches Wörterbuch",E 004 Büro,links das erste Regal,1. von oben,,137,Linguistische Studien Reihe A Arbeitsberichte 198
2622,"Pätzold, M. und Lindemann, P.",1989,Kommunikationstagung 1989. Internationale Arbeitstagung Wulkow 18.-20. April 1989,Berlin,"Sächsische Akademie der Wissenschaften zu Leipzig, Sprachwissenschaftliche Kommission, Arbeitsstelle Thüringisches Wörterbuch",E 004 Büro,links das erste Regal,1. von oben,,254,Linguistische Studien Reihe A Arbeitsberichte 199
2623,"Eckert, Rainer und Gladrow, Wolfgang",1989,Synchroner slawisch-deutscher Sprachvergleich,Berlin,"Sächsische Akademie der Wissenschaften zu Leipzig, Sprachwissenschaftliche Kommission, Arbeitsstelle Thüringisches Wörterbuch",E 004 Büro,links das erste Regal,1. von oben,,186,Linguistische Studien Reihe A Arbeitsberichte 200
2624,"Fricke, Corinna",1990,Zwischen Leibniz und Humboldt: Zur Stellung des sprachwissenschaftlichen Werkes von Karl Philipp Moritz im geistigen Leben des ausgehenden 18. Jahrhunderts (Zur Dialektik der Determinanten in der Geschichte der Sprachwissenschaft) IV,Berlin,"Sächsische Akademie der Wissenschaften zu Leipzig, Sprachwissenschaftliche Kommission, Arbeitsstelle Thüringisches Wörterbuch",E 004 Büro,links das erste Regal,1. von oben,,140,Linguistische Studien Reihe A Arbeitsberichte 201
2625,"Filin, F.P.",1973,Zu einigen philosophischen Fragen der Sprachwissenschaft,Berlin,x,E 004 Büro,links das erste Regal,1. von oben,,25,Linguistische Studien Reihe B Übersetzungen 1
2626,"Sawtschenko, A.N.",1973,Sprache und Zeichensysteme,Berlin,"Sächsische Akademie der Wissenschaften zu Leipzig, Sprachwissenschaftliche Kommission, Arbeitsstelle Thüringisches Wörterbuch",E 004 Büro,links das erste Regal,1. von oben,,22,Linguistische Studien Reihe B Übersetzungen 2
2627,"Serebrennikow, B.A.",1973,Der Zusammenhang zwischen der allgemeinen Methodologie der linguistischen Wissenschaft und den besonderen Methoden der linguistischen Forschung,Berlin,"Sächsische Akademie der Wissenschaften zu Leipzig, Sprachwissenschaftliche Kommission, Arbeitsstelle Thüringisches Wörterbuch",E 004 Büro,links das erste Regal,1. von oben,,49,Linguistische Studien Reihe B Übersetzungen 3
2628,"Panfilow, W.S.",1975,Die Rolle der natürlichen Sprachen bei der Widerspiegelung der Wirklichkeit und das Problem des sprachlichen Zeichens,Berlin,"Sächsische Akademie der Wissenschaften zu Leipzig, Sprachwissenschaftliche Kommission, Arbeitsstelle Thüringisches Wörterbuch",E 004 Büro,links das erste Regal,1. von oben,,1-20,Linguistische Studien Reihe B Übersetzungen 4
2629,"Koduchow, W.I.",1975,Die Entwicklung der Sprachtheorie an der Akademie der Wissenschaften der UdSSR,Berlin,"Sächsische Akademie der Wissenschaften zu Leipzig, Sprachwissenschaftliche Kommission, Arbeitsstelle Thüringisches Wörterbuch",E 004 Büro,links das erste Regal,1.von oben,,21-42,Linguistische Studien Reihe B Übersetzungen 4
2630,"Berésin, F.M.",1975,Die russische theoretische Sprachwissenschaft an der Russischen Akademie der Wissenschaften,Berlin,"Sächsische Akademie der Wissenschaften zu Leipzig, Sprachwissenschaftliche Kommission, Arbeitsstelle Thüringisches Wörterbuch",E 004 Büro,links das erste Regal,1.von oben,,43-68,Linguistische Studien Reihe B Übersetzungen 4
2631,"Filin, F.P.",1975,Über die Struktur der russischen Literatursprache der Gegenwart,Berlin,"Sächsische Akademie der Wissenschaften zu Leipzig, Sprachwissenschaftliche Kommission, Arbeitsstelle Thüringisches Wörterbuch",E 004 Büro,links das erste Regal,1.von oben,,69-87,Linguistische Studien Reihe B Übersetzungen 4
2632,"Schtscherba, L.W.",1976,Die drei Aspekte sprachlicher Erscheinungen und das Experiment in der Sprachwissenschaft,Berlin,"Sächsische Akademie der Wissenschaften zu Leipzig, Sprachwissenschaftliche Kommission, Arbeitsstelle Thüringisches Wörterbuch",E 004 Büro,links das erste Regal,1.von oben,,22,Linguistische Studien Reihe B Übersetzungen 5
2633,"Stahl, I.",1979,Sowjetische Arbeiten zur sprachwissenschaftlichen Methodologie,Berlin,"Sächsische Akademie der Wissenschaften zu Leipzig, Sprachwissenschaftliche Kommission, Arbeitsstelle Thüringisches Wörterbuch",E 004 Büro,links das erste Regal,1.von oben,,180,Linguistische Studien Reihe B Übersetzungen 6
2634,"Fleischer, Wolfgang",1985,Textbezogene Nominationsforschung. Studien zur deutschen Gegenwartssprache,Berlin,J1 Universitätsbibliothek Jena Zweigstelle Sprachwissenschaft 6900 Jena Universitätshochhaus,E 004 Büro,links das erste Regal,2. von oben,,140,Linguistische Studien Reihe A Arbeitsberichte 123
2635,"Rowly, A.R.",2005,GOGGOLORI. Aus der Werkstatt des Bayerischen Wörterbuchs,Oldenbourg,x,E 004 Büro,links das erste Regal,2. von oben,,7,
2636,Woeste,1882,Wörterbuch der westfälischen Mundart,Leipzig,J85 FSU Jena Sektion Sprachwissenschaft Wissenschaftsbereich Deutsch Abt. Mundartforschung,E 004 Büro,links das erste Regal,2. von oben,,331,Wörterbücher. Herausgegeben vom Verein für niederdeutsche Sprachforschung. Band 1
2637,Heimatbund Thüringen e.V. (Hrsg.),2019,Kulturlandschaft. Umwelt. Lebensraum,Weimar,x,E 004 Büro,links das erste Regal,2. von oben,,72,Heimat Thüringen 26. Jahrgang 2019 Heft 4
2638,"Aehnlich, Barbara und Meineke, Eckhard (Hrsg.)",2015,Namen und Kulturlandschaften,Leipzig,x,E 004 Büro,links das erste Regal,2. von oben,,27,Onomastica Lipsiensia. Leipziger Untersuchungen zur Namenforschung Band 10
2639,Heimatbund Thüringen e.V. (Hrsg.),2000,Kulturlandschaft. Umwelt. Lebensraum,Elgersburg,x,E 004 Büro,links das erste Regal,2. von oben,,51,Heimat Thüringen 7. Jahrgang 2000 Heft 1
2640,"Aehnlich, Barbara ",2008,Flurnamensammlung. Eine praktische Anleitung zur Sammlung und Dokumentation von Flurnamen in Thüringen,"Jena, Weimar",x,E 004 Büro,links das erste Regal,2. von oben,,26,
2641,Forschungsstelle Sprachatlas von NordOstBayern Universität Bayreuth,1989,Wörterverzeichnis zum Sprachatlas von NordOstBayern. Von Afterklaue bis Zwiebelschale,"Jena, Weimar",x,E 004 Büro,links das erste Regal,2. von oben,,26,
2642,Forschungsstelle Sprachatlas von NordOstBayern Universität Bayreuth,1989,Wörterverzeichnis zum Sprachatlas von NordOstBayern. Von Afterklaue bis Zwiebelschale,Bayreuth,x,E 004 Büro,links das erste Regal,2. von oben,,26,
2643,"Schifferle, Hans-Peter; Hammer, Tomas A., et al.",2008,Schweizerdeutsches Wörterbuch. Schweizerisches Idiotikon. Bericht über das Jahr 2008,Zürich,x,E 004 Büro,links das erste Regal,2. von oben,,36,
2644,"Schifferle, Hans-Peter; Hammer, Tomas A., et al.",2009,Schweizerdeutsches Wörterbuch. Schweizerisches Idiotikon. Bericht über das Jahr 2009,Zürich,x,E 004 Büro,links das erste Regal,2. von oben,,37,
2645,"Schifferle, Hans-Peter; Hammer, Tomas A., et al.",2010,Schweizerdeutsches Wörterbuch. Schweizerisches Idiotikon. Bericht über das Jahr 2010,Zürich,x,E 004 Büro,links das erste Regal,2. von oben,,53,
2646,"von Künßberg, Eberhard",1936,Flurnamen und Rechtsgeschichte,Weimar,J85 FSU Jena Sektion Sprachwissenschaft Wissenschaftsbereich Deutsch Abt. Mundartforschung,E 004 Büro,links das erste Regal,2. von oben,,32,
2647,"Maier, Karl",1931,Die Flurnamen der Blaubeurer Alb in ihrer sprachlichen und siedlungsgeschichtlichen Bedeutung,Leipzig,J85 FSU Jena Sektion Sprachwissenschaft Wissenschaftsbereich Deutsch Abt. Mundartforschung,E 004 Büro,links das erste Regal,2. von oben,,63,
2648,"Hoßfeld, Hermann",x,Vom Warum und Wie der Flurnamensammlung,Eisenach,FSU Jena Sektion Sprachwissenschaft FB Deutsch Mundartenforschung,E 004 Büro,links das erste Regal,2. von oben,,31-36,
2649,"Eichler, Ernst; Hengst, Karlheinz; Krüger, Dietlind",1995,Namenkundliche Informationen 67/68,Leipzig,Arbeitsstelle Thüringisches Wörterbuch,E 004 Büro,links das erste Regal,2. von oben,,191,
2650,"Eichler, Ernst; Hengst, Karlheinz; Krüger, Dietlind",1994,Namenkundliche Informationen 65/66,Leipzig,Arbeitsstelle Thüringisches Wörterbuch,E 004 Büro,links das erste Regal,2. von oben,,211,
2651,"Hengst, Karlheinz und Kremer, Dietlind",2011,Namenkundliche Informationen 99/100,Leipzig,x,E 004 Büro,links das erste Regal,2. von oben,,539,
2652,"Baudsich, Susanne et al.",2014,Namenkundliche Informationen 103/104,Leipzig,x,E 004 Büro,links das erste Regal,2. von oben,,555,
2653,"Eichler, Ernst; Hengst, Karlheinz; Krüger, Dietlind",2007,Namenkundliche Informationen 91/92,Leipzig,x,E 004 Büro,links das erste Regal,2. von oben,,435,
2654,"Baudsich, Susanne et al.",2015,Namenkundliche Informationen 105/106,Leipzig,x,E 004 Büro,links das erste Regal,2. von oben,,487,
2655,"Meyer, Monika; Lacroix, Gunter; Reinhardt, Rüdiger",2009,"Die Flurnamen von Manebach, Kammerberg und der näheren Umgebung",Ilmenau,x,E 004 Büro,links das erste Regal,2. von oben,,55,
2656,Landkreis Saalfeld-Rudolstadt (Hrsg.),2005,Rudolstädter Heimathefte 51. Jg. (2005) Heft 7/8 (Juli/August),Saalfeld-Rudolstadt,Thüringisches Wörterbuch Arbeitsstelle der FSU Jena und der Sächsischen Akademie der Wissenschaften zu Leipzig,E 004 Büro,links das erste Regal,2. von oben,,179-231,
2657,Landkreis Saalfeld-Rudolstadt (Hrsg.),2005,Rudolstädter Heimathefte 51. Jg. (2005) Heft 9/10 (September/Oktober),Saalfeld-Rudolstadt,x,E 004 Büro,links das erste Regal,2. von oben,,234-287,
2658,Landkreis Saalfeld-Rudolstadt (Hrsg.),2005,Rudolstädter Heimathefte 51. Jg. (2005) Heft 1/2 (Januar/Februar),Saalfeld-Rudolstadt,x,E 004 Büro,links das erste Regal,2. von oben,,63,
2659,"Krahe, Hans",1949,Ortsnamen als Geschichtsquelle,Heidelberg,Institut für Mundartforschung an der FSU Jena,E 004 Büro,links das erste Regal,2. von oben,,30,
2660,"Beschoner, Hans & Leopoldt, Johannes",1932/1941,Nachrichtenblatt für deutsche Flurnamenkunde Band I,Dresden,Institut für Mundartforschung an der FSU Jena,E 004 Büro,links das erste Regal,2. von oben,,,
2661,"Döll, Manfred",x,Flur- und Gewässernamen des Saalkreises und der Stadt Halle,Saalkreis,Arbeitsstelle Thüringisches Wörterbuch,E 004 Büro,links das erste Regal,2. von oben,,72,
2662,"Weigen, Wilhelm",1898,Die deutschen Pflanzennamen,Berlin,J85 FSU Jena Sektion Sprachwissenschaft Wissenschaftsbereich Deutsch Abt. Mundartforschung,E 004 Büro,links das erste Regal,2. von oben,,120,
2663,"Pritzel, G. & Jessen, C.",1882,Die deutschen Volksnamen der Pflanzen. Neuer Beitrag zum deutschen Sprachschatze. Aus allen Mundarten und Zeiten zusammengestellt,Hannover,J85 FSU Jena Sektion Sprachwissenschaft Wissenschaftsbereich Deutsch Abt. Mundartforschung,E 004 Büro,links das erste Regal,2. von oben,,256,
2664,"Leithaeuser, Julius",1906,Volkskundliches aus dem Bergischen Lande. I. Tiernamen im Volksmunde. 1. Teil,Barmen,Institut für Mundartforschung an der FSU Jena,E 004 Büro,links das erste Regal,2. von oben,,43,
2665,"Hertel, L.",1895,"Thüringer Sprachschatz. Sammlung mundartlicher Ausdrücke aus Thüringen, nebst Einleitung, Sprachkarte und Sprachproben",Weimar,x,E 004 Büro,links das erste Regal,2. von oben,,268,
2666,"Moritz, Karl Philipp & Schmidt, Valentin Heinrich",1794,Mythologisches Wörterbuch zum Gebrauch für Schulen,Berlin,Institut für Sprachwissenschaft an der Universität Jena,E 004 Büro,links das erste Regal,2. von oben,,488,
2667,"Gabriel, Eugen",1969,Die Entwicklung der althochdeutschen Vokalquantitäten in den oberdeutschen Mundarten,Wien,J85 FSU Jena Sektion Sprachwissenschaft Wissenschaftsbereich Deutsch Abt. Mundartforschung,E 004 Büro,links das erste Regal,2. von oben,,232,
2668,"Renn, Manfred & König, Werner",2006,Kleiner Bayerischer Sprachatlas,München,x,E 004 Büro,links das erste Regal,2. von oben,,256,
2669,"Klausmann, Hubert; Kunze, Konrad; Schrambke, Renate",1994,Kleiner Dialektatlas. Alemannisch und Schwäbisch in Baden-Württemberg,Bühl/Baden,"Sächsische Akademie der Wissenschaften zu Leipzig, Sprachwissenschaftliche Kommission, Arbeitsstelle Thüringisches Wörterbuch",E 004 Büro,links das erste Regal,2. von oben,,192,
2670,Strich/Richey,1984,Berufe im Sprichwort,Leipzig,J85 FSU Jena Sektion Sprachwissenschaft Wissenschaftsbereich Deutsch Abt. Mundartforschung,E 004 Büro,links das erste Regal,2. von oben,,134,
2671,"Dieth, Eugen",1986,Schwyzertütschi Dialäktschrift. Dieth-Schreibung,"Aarau, Frankfurt am Main, Salzburg",x,E 004 Büro,links das erste Regal,2. von oben,,64,Reihe Lebendige Mundart herausgegeben von Robert Schläpfer und Christian Schmid-Cadalbert Band I
2672,"Baller, Wilfried",1998,plattdeutsch schreiben. Empfehlungen zur Schreibweise und plattdeutsche Texte,Duderstadt,Thüringisches Wörterbuch Arbeitsstelle der FSU Jena und der Sächsischen Akademie der Wissenschaften zu Leipzig,E 004 Büro,links das erste Regal,2. von oben,,192,
2673,Pfarrer Höppner,1922,Eine kursächsische Erbhuldigung in Treffurt,Treffurt,x,E 004 Büro,links das erste Regal,2. von oben,,,
2674,"Schäffner, Christina   ",1990,Gibt es eine prototypische Wortschatzbeschreibung? Eine Problemdikussion,Berlin,"Sächsische Akademie der Wissenschaften zu Leipzig, Sprachwissenschaftliche Kommission, Arbeitsstelle Thüringisches Wörterbuch",E 004 Büro,links das erste Regal,2. von oben,,138,Linguistische Studien Reihe A Arbeitsberichte 202
2675,"Bahner, W., Neumann, W., et al.",1990,Gedanken und Materialien zur Geschichte der deutschen Sprachwissenschaft in der zweiten Hälfte des 19. Jahrhunderts. Zur Dialektik der Determinanetn in der Geschichte der Sprachwissenschaft IV,Berlin,"Sächsische Akademie der Wissenschaften zu Leipzig, Sprachwissenschaftliche Kommission, Arbeitsstelle Thüringisches Wörterbuch",E 004 Büro,links das erste Regal,2. von oben,,138,Linguistische Studien Reihe A Arbeitsberichte 203
2676,"Nitsche, U. & Reimann, B.",1990,Sprachliche Kommunikation bei Kindern (VII),Berlin,"Sächsische Akademie der Wissenschaften zu Leipzig, Sprachwissenschaftliche Kommission, Arbeitsstelle Thüringisches Wörterbuch",E 004 Büro,links das erste Regal,2. von oben,,156,Linguistische Studien Reihe A Arbeitsberichte 204
2677,"Günther, Kurt",1990,Wörterbuch phraseologischer Termini,Berlin,"J85 Sächsische Akademie der Wissenschaften zu Leipzig, Sprachwissenschaftliche Kommission, Arbeitsstelle Thüringisches Wörterbuch",E 004 Büro,links das erste Regal,2. von oben,,164,Linguistische Studien Reihe A Arbeitsberichte 205
2678,"Steube, A. ",1990,Syntaktische Repräsentationen mit leeren Kategorien oder Proformen und ihre semantischen Interpretationen,Berlin,"J85 Sächsische Akademie der Wissenschaften zu Leipzig, Sprachwissenschaftliche Kommission, Arbeitsstelle Thüringisches Wörterbuch",E 004 Büro,links das erste Regal,2. von oben,,254,Linguistische Studien Reihe A Arbeitsberichte 206
2679,"Peilicke, Roswitha & Schildt, Joachim",1990,"Thomas Müntzers deutsches Sprachschaffen. Referate der internationalen sprachwissenschaftlichen Konferenz. Berlin, 23.-24- Oktober 1989",Berlin,"J85 Sächsische Akademie der Wissenschaften zu Leipzig, Sprachwissenschaftliche Kommission, Arbeitsstelle Thüringisches Wörterbuch",E 004 Büro,links das erste Regal,2. von oben,,251,Linguistische Studien Reihe A Arbeitsberichte 207
2680,"Bassarak, A.; Bittner, D.; Bittner, A.; Thiele, P.",1990,Wurzel(n) der Natürlichkeit. Studien zur Morphologie und Phonologie IV,Berlin,"Sächsische Akademie der Wissenschaften zu Leipzig, Sprachwissenschaftliche Kommission, Arbeitsstelle Thüringisches Wörterbuch",E 004 Büro,links das erste Regal,2. von oben,,161,Linguistische Studien Reihe A Arbeitsberichte 208
2681,Zentralinstitut für Sprachwissenschaft,1991,Sprachwissenschaft in der DDR - Oktober 1989. Vorträge einer Tagung des Zentralinstituts für Sprachwissenschaft am 31.10. und 01.11.1989,Berlin,"Sächsische Akademie der Wissenschaften zu Leipzig, Sprachwissenschaftliche Kommission, Arbeitsstelle Thüringisches Wörterbuch",E 004 Büro,links das erste Regal,2. von oben,,211,Linguistische Studien Reihe A Arbeitsberichte 209
2682,"Schentke, Manfred; Hansen, Barbara; Krahl, Cordula",1991,Syntaktisch-semantische Kombinationen und ihre Einführung in ein Lexikon - eine Studie über englische Temperaturadjektive,Berlin,"Sächsische Akademie der Wissenschaften zu Leipzig, Sprachwissenschaftliche Kommission, Arbeitsstelle Thüringisches Wörterbuch",E 004 Büro,links das erste Regal,2. von oben,,202,Linguistische Studien Reihe A Arbeitsberichte 210
2683,"Muschner, Annette",1991,ESSE - Verbalphraseme (am Material des Tschechischen),Berlin,"Sächsische Akademie der Wissenschaften zu Leipzig, Sprachwissenschaftliche Kommission, Arbeitsstelle Thüringisches Wörterbuch",E 004 Büro,links das erste Regal,2. von oben,,136,Linguistische Studien Reihe A Arbeitsberichte 211
2684,"Schick, Ivanka Petkova",1991,Tendenzen der Syntaxforschung der bulgarischen Gegenwartssprache,Berlin,"Sächsische Akademie der Wissenschaften zu Leipzig, Sprachwissenschaftliche Kommission, Arbeitsstelle Thüringisches Wörterbuch",E 004 Büro,links das erste Regal,2. von oben,,118,Linguistische Studien Reihe A Arbeitsberichte 212
2685,"Hoffmann-Krayer, E. & Bächtold-Stäubli, Hanns",1927,Handwörterbuch des deutschen Aberglaubens Band I Aal - Butzenmann,Berlin/Leipzig,Deutsches Seminar Jena,E 004 Büro,links das erste Regal,2. von oben,,1763,Handwörterbücher zur deutschen Volkskunde. Herausgegeben vom Verband Deutscher Vereine für Volkskunde Abteilung I. Aberglaube
2686,"Hoffmann-Krayer, E. & Bächtold-Stäubli, Hanns",1930/31,Handwörterbuch des deutschen Aberglaubens Band III Freen - Hexenschuss,Berlin/Leipzig,Deutsches Seminar Jena,E 004 Büro,links das erste Regal,2. von oben,,1919,Handwörterbücher zur deutschen Volkskunde. Herausgegeben vom Verband Deutscher Vereine für Volkskunde Abteilung I. Aberglaube
2687,"Hoffmann-Krayer, E. & Bächtold-Stäubli, Hanns",1931/1932,Handwörterbuch des deutschen Aberglaubens Band IV hieb- und stichfest - knistern,Berlin/Leipzig,Deutsches Seminar Jena,E 004 Büro,links das erste Regal,2. von oben,,1583,Handwörterbücher zur deutschen Volkskunde. Herausgegeben vom Verband Deutscher Vereine für Volkskunde Abteilung I. Aberglaube
2688,"Hoffmann-Krayer, E. & Bächtold-Stäubli, Hanns",1932/1933,Handwörterbuch des deutschen Aberglaubens Band V Knoblauch - Matthias,Berlin/Leipzig,Deutsches Seminar Jena,E 004 Büro,links das erste Regal,2. von oben,,1871,Handwörterbücher zur deutschen Volkskunde. Herausgegeben vom Verband Deutscher Vereine für Volkskunde Abteilung I. Aberglaube
2689,"Hoffmann-Krayer, E. & Bächtold-Stäubli, Hanns",1934/1935,Handwörterbuch des deutschen Aberglaubens Band VI Mauer - Pflugbrot,Berlin/Leipzig,Deutsches Seminar Jena,E 004 Büro,links das erste Regal,2. von oben,,1727,Handwörterbücher zur deutschen Volkskunde. Herausgegeben vom Verband Deutscher Vereine für Volkskunde Abteilung I. Aberglaube
2690,"Hoffmann-Krayer, E. & Bächtold-Stäubli, Hanns",1935/1936,Handwörterbuch des deutschen Aberglaubens Band VII pflügen - Signatur,Berlin/Leipzig,Deutsches Seminar Jena,E 004 Büro,links das erste Regal,2. von oben,,1711,Handwörterbücher zur deutschen Volkskunde. Herausgegeben vom Verband Deutscher Vereine für Volkskunde Abteilung I. Aberglaube
2691,"Hoffmann-Krayer, E. & Bächtold-Stäubli, Hanns",1936/1937,Handwörterbuch des deutschen Aberglaubens Band VIII Silber - Vulkan,Berlin/Leipzig,Deutsches Seminar Jena,E 004 Büro,links das erste Regal,2. von oben,,1762,Handwörterbücher zur deutschen Volkskunde. Herausgegeben vom Verband Deutscher Vereine für Volkskunde Abteilung I. Aberglaube
2692,"Jungandreas, Wolfgang",1965,Niedersächsisches Wörterbuch Erster Band A bis bersen,Neumünster,Romanisches Seminar der Universität Heidelberg,E 004 Büro,links das erste Regal,2. von oben,,1014,
2693,"Stellmacher, Dieter",1993,Niedersächsisches Wörterbuch Dritter Band C - exzeren,Neumünster,x,E 004 Büro,links das erste Regal,2. von oben,,1127,
2694,"Hermann, Eduard",1957,Die Coburger Mundart. Aus dem Nachlass des Verfassers. Herausgegeben von Dr. Adolf Siegel,Coburg,"Sächsische Akademie der Wissenschaften zu Leipzig, Sprachwissenschaftliche Kommission, Arbeitsstelle Thüringisches Wörterbuch",E 004 Büro,links das erste Regal,2. von oben,,430,Coburger Heimatkunde und Heimatgeschichte II. Teil Heft 20
2695,Spangenberg,1969,rund 500 Wörter Hundeshagener Kochum,x,x,E 004 Büro,links das erste Regal,2. von oben,,,
2696,"Weiland, Thorsten",2000,Das Hundeshagener Kochum,Münster,x,E 004 Büro,links das erste Regal,2. von oben,,183,
2697,"Nail, Norbert & Göschel, Joachim",1999,Über Jena. Das Rätsel eines Ortsnamens,Stuttgart,Thüringer Universitäts- und Landesbibliothek Jena. Zweigbibliothek Germanistik,E 004 Büro,links das erste Regal,3. von oben,,134,ZDL Beihefte 104
2698,"Debus, Friedhelm & Puchner, Karl",1978,Name und Geschichte. Henning Kaufmann zum 80. Geburtstag,München,J85 FSU Jena Sektion Sprachwissenschaft Wissenschaftsbereich Deutsch Abt. Mundartforschung,E 004 Büro,links das erste Regal,3. von oben,,385,
2699,"Karlmann, Josef",1928,Deutsches Namenbuch,Stuttgart,Institut für Mundartforschung an der FSU Jena,E 004 Büro,links das erste Regal,3. von oben,,388,
2700,"Reuter, Monika",1991,Das neue Vornamenlexikon,Bindlach,"Sächsische Akademie der Wissenschaften zu Leipzig, Sprachwissenschaftliche Kommission, Arbeitsstelle Thüringisches Wörterbuch",E 004 Büro,links das erste Regal,3. von oben,,341,
2701,"Seibicke, Wilfried",1991,Vornamen,Frankfurt am Main,"J85 FSU Jena Philosophische Fakultät Institut für Germanistische Sprachwissenschaft Fachgruppe Deutsche Dialektologie/Soziolinguistik Arbeitsstelle ""Thüringisches Wörterbuch""",E 004 Büro,links das erste Regal,3. von oben,,351,
2702,"Müller, Erhard",1988,Personennamen auf dem Eichsfeld,Heiligenstadt,"J85 FSU Jena Philosophische Fakultät Institut für Germanistische Sprachwissenschaft Fachgruppe Deutsche Dialektologie/Soziolinguistik Arbeitsstelle ""Thüringisches Wörterbuch""",E 004 Büro,links das erste Regal,3. von oben,,95,
2703,"Rosenkranz, Heinz",1982,Ortsnamen des Bezirkes Gera,Greiz,FSU Jena Sektion Sprachwissenschaft Wissenschaftsbereich Deutsch Abt. Mundartforschung,E 004 Büro,links das erste Regal,3. von oben,,86,
2704,"Bahlow, Hans",1988,Deutsches Namenlexikon. Familien- und Vornamen nach Ursprung und Sinn erklärt,Hamburg,"J85 FSU Jena Philosophische Fakultät Institut für Germanistische Sprachwissenschaft Fachgruppe Deutsche Dialektologie/Soziolinguistik Arbeitsstelle ""Thüringisches Wörterbuch""",E 004 Büro,links das erste Regal,3. von oben,,576,
2705,"Naumann, Horst",1999,Das große Buch der Familiennamen. Alter Herkunft Bedeutung,Wiesbaden,Thüringisches Wörterbuch Arbeitsstelle der FSU Jena und der Sächsischen Akademie der Wissenschaften zu Leipzig,E 004 Büro,links das erste Regal,3. von oben,,320,
2706,"Kunze, Konrad",1998,dtv-Atlas Namenkunde. Vor- und Familiennamen im deutschen Sprachgebiet,München,x,E 004 Büro,links das erste Regal,3. von oben,,255,
2707,"Hänse, Günther",1970,Die Flurnamen des Stadt- und Landkreises Weimar,Berlin,FSU Jena Sektion Sprachwissenschaft Fachbereich Deutsch Mundartforschung,E 004 Büro,links das erste Regal,3. von oben,,278,Sächsische Akademie der Wissenschaften zu Leipzig. Historische Kommission. Deutsch-slawische Forschungen zur Namenkunde und Siedlungsgeschichte Nr. 24
2708,"Naumann, Horst",1987,Familiennamenbuch,Leipzig,J85 FSU Jena Sektion Sprachwissenschaft Wissenschaftsbereich Deutsch Abt. Mundartforschung,E 004 Büro,links das erste Regal,3. von oben,,328,
2709,"Naumann, Horst; Schlimpert, Gerhard; Schultheis, Johannes",1988,Vornamenbuch,Leipzig,J85 FSU Jena Sektion Sprachwissenschaft Wissenschaftsbereich Deutsch Abt. Mundartforschung,E 004 Büro,links das erste Regal,3. von oben,,160,
2710,"Hörlin, Rainer",1988,Fränggisch gredd - eine Sprachkunde (ost-) fränkischer Mundarten,Neustadt an der Aisch,x,E 004 Büro,links das erste Regal,3. von oben,,296,
2711,"Flex, Rudolf",x,Beiträge zur Erforschung der Eisenacher Mundart,x,"Landesstelle für Thüringische Mundartenforschung Jena, Universität",E 004 Büro,links das erste Regal,3. von oben,,16,
2712,"Becker, Horst; Bergmann, Gunter; Flechsig, Lieselotte",1969,"Sächsische Mundartenkunde. Entstehung, Geschichte und Lautstand der Mundarten des obersächsischen Gebietes",Halle (Saale),FSU Jena Sektion Sprachwissenschaft Fachbereich Deutsch Mundartforschung,E 004 Büro,links das erste Regal,3. von oben,,271,
2713,"Gottlieb, Josef",1996,Die plattdeutsche Mundart des Untereichsfeldes,Duderstadt,Thüringisches Wörterbuch Arbeitsstelle der FSU Jena und der Sächsischen Akademie der Wissenschaften zu Leipzig,E 004 Büro,links das erste Regal,3. von oben,,119,
2714,"Bergmann, Gunter",1990,Kleines sächsisches Wörterbuch,Leipzig,x,E 004 Büro,links das erste Regal,3. von oben,,176,
2715,"Herrmann-Winter, Renate",1995,Kleiner mecklenburg-vorpommersches Wörterbuch,Leipzig,Thüringisches Wörterbuch Arbeitsstelle der FSU Jena und der Sächsischen Akademie der Wissenschaften zu Leipzig,E 004 Büro,links das erste Regal,3. von oben,,150,
2716,"Reinhold, Frank",2013,Mundarten in Thüringen. Überblick - Bibliographie,Erfurt,x,E 004 Büro,links das erste Regal,3. von oben,,55,
2717,"Spangenberg, Karl",1994,Kleines thüringisches Wörterbuch,Rudolstadt/Jena,Arbeitsstelle Thüringisches Wörterbuch,E 004 Büro,links das erste Regal,3. von oben,,383,
2718,"Lott, Martin",1996,Versuch einer Kategorisierung grammatischer Differenzen am Beispiel der Mundart von Ottersdorf,Hamburg,Thüringisches Wörterbuch Arbeitsstelle der FSU Jena und der Sächsischen Akademie der Wissenschaften zu Leipzig,E 004 Büro,links das erste Regal,3. von oben,,123,
2719,"Bergmann, Gunter",1986,Kleines sächsisches Wörterbuch,Leipzig,J85 FSU Jena Sektion Sprachwissenschaft Wissenschaftsbereich Deutsch Abt. Mundartforschung,E 004 Büro,links das erste Regal,3. von oben,,234,
2720,"König, Wilhelm",x,"""schwädds"" mundart. Zeitschrift Nr. 7",Münsingen,x,E 004 Büro,links das erste Regal,3. von oben,,95,
2721,"Stern, Heidi",2000,Wörterbuch zum jiddischen Lehnwortschatz in den deutschen Dialekten,Tübingen,Thüringisches Wörterbuch Arbeitsstelle der FSU Jena und der Sächsischen Akademie der Wissenschaften zu Leipzig,E 004 Büro,links das erste Regal,3. von oben,,248,
2722,"Christmann, Ernst; Krämer, Julius; Post, Rudolf; Bingenheimer, Sigrid; Schwing, Josef",1987-1993,Pfälzisches Wörterbuch N - Schw,Stuttgart,x,E 004 Büro,links das erste Regal,3. von oben,,1627,
2723,"Christmann, Ernst; Krämer, Julius ",1965-1968,Pfälzisches Wörterbuch Band I ,Wiesbaden,"Sächsische Akademie der Wissenschaften zu Leipzig, Sprachwissenschaftliche Kommission, Arbeitsstelle Thüringisches Wörterbuch",E 004 Büro,links das erste Regal,3. von oben,,1438,
2724,"Christmann, Ernst; Krämer, Julius ",1969-1975,Pfälzisches Wörterbuch Band II,Wiesbaden,"Sächsische Akademie der Wissenschaften zu Leipzig, Sprachwissenschaftliche Kommission, Arbeitsstelle Thüringisches Wörterbuch",E 004 Büro,links das erste Regal,3. von oben,,1671,
2725,"Christmann, Ernst; Krämer, Julius ",1976-1980,Pfälzisches Wörterbuch Band III,Wiesbaden,"Sächsische Akademie der Wissenschaften zu Leipzig, Sprachwissenschaftliche Kommission, Arbeitsstelle Thüringisches Wörterbuch",E 004 Büro,links das erste Regal,3. von oben,,1387,
2726,"Christmann, Ernst; Krämer, Julius; Post, Rudolf; Schwing, Josef ",1981-1986,Pfälzisches Wörterbuch Band IV,Stuttgart,x,E 004 Büro,links das erste Regal,3. von oben,,1503,
2727,"van Reydt, Aimé",1997,Dialect en onderwijs in emmen,Amsterdam,x,E 004 Büro,links das erste Regal,3. von oben,,225,
2728,"Reichardt, Lutz",2004,Der zentralschwäbische Mundartraum. Dialekthistorisches Register,Stuttgart,x,E 004 Büro,links das erste Regal,3. von oben,,153,Veröffentlichungen der Kommission für geschichtliche Landeskunde in Baden-Württemberg. Reihe B. Forschungen 155. Band
2729,"Eichenseer, Adolf J.",1977,Zammglaabt. Oberpfälzer Mundartdichtung heute,Regensburg,x,E 004 Büro,links das erste Regal,3. von oben,,156,
2730,"Hain, Bruno und Lehr, Rudolf",1993,"Do sin mer dehääm. Mundartliches aus Baden, Hessen, Rheinland-Pfalz und von der Saar",Schwetzingen,Arbeitsstelle Thüringisches Wörterbuch,E 004 Büro,links das erste Regal,3. von oben,,123,
2731,"Hain, Bruno und Lehr, Rudolf",1992,Pfälzisch vun hiwwe un driwwe Band II,Schwetzingen,Arbeitsstelle Thüringisches Wörterbuch,E 004 Büro,links das erste Regal,3. von oben,,115,
2732,"Post, Rudolf",2000,Kleines Pfälzisches Wörterbuch,Edenkoben,x,E 004 Büro,links das erste Regal,3. von oben,,167,
2733,"Post, Rudolf",1990,Pfälzisch - Einführung in eine Sprachlandschaft,Landau,"J85 Sächsische Akademie der Wissenschaften zu Leipzig, Sprachwissenschaftliche Kommission, Arbeitsstelle Thüringisches Wörterbuch",E 004 Büro,links das erste Regal,3. von oben,,360,
2734,"Herrmann-Winter, Renate",1985,Kleines plattdeutsches Wörterbuch,Rostock,"Sächsische Akademie der Wissenschaften zu Leipzig, Sprachwissenschaftliche Kommission, Arbeitsstelle Thüringisches Wörterbuch",E 004 Büro,links das erste Regal,3. von oben,,400,
2735,"Greule, Albrecht; Hochholzer, Rubert; Wildfeuer, Alfred",2004,"Die bairische Sprache. Studien zu ihrer Geographie, Grammatik, Lexik und Pragmatik",x,x,E 004 Büro,links das erste Regal,3. von oben,,127-141,Regensburger Dialektforum herausgegeben von Rupert Hochholzer und Ludwig Zehetner Band 5
2736,"Hentrich, Konrad",1912,Wörterbuch der nordwestthüringischen Mundart des Eichsfeldes,Göttingen,Deutsches Seminar Jena,E 004 Büro,links das erste Regal,3. von oben,,109,
2737,"Döring, Edmund",1903,Beiträge zur Kenntnis der Sondershäuser Mundart 1. Teil,Sondershausen,"Landesstelle für Thüringische Mundartenforschung Jena, Universität",E 004 Büro,links das erste Regal,3. von oben,,94,
2738,"Döring, Edmund",1912,Beiträge zu einer Laut- und Wortlehre der Sondershäuser Mundart,Sondershausen,Institut für Mundartforschung Jena,E 004 Büro,links das erste Regal,3. von oben,,41,
2739,"Schultze, Martin",1874,Idioticon der nord-thürigischen Mundart,Nordhausen,"Landesstelle für Thüringische Mundartenforschung Jena, Universität",E 004 Büro,links das erste Regal,3. von oben,,69,
2740,"Hentrich, Konrad",1912,Wörterbuch der nordwestthüringischen Mundart des Eichsfeldes,Göttingen,Institut für Mundartforschung an der FSU Jena,E 004 Büro,links das erste Regal,3. von oben,,109,
2741,"Spieß, Balthasar",1873,Die fränkisch-hennebergische Mundart,Wien,Institut für Mundartforschung Jena,E 004 Büro,links das erste Regal,3. von oben,,102,
2742,"Krämer, Sabine",1995,Die Steigerwaldschranke. Zum Aufbau einer ostfränkischen Dialektgrenze,Würzburg,"Sächsische Akademie der Wissenschaften zu Leipzig, Sprachwissenschaftliche Kommission, Arbeitsstelle Thüringisches Wörterbuch",E 004 Büro,links das erste Regal,3. von oben,,175 + 33 Karten,Würzburger Beiträge zur deutschen Philologie Band XIV
2743,"Peesch, Reinhard",1955,Der Wortschatz der Fischer im Kietz von Berlin-Köpenick,Berlin,Institut für Mundartforschung Jena,E 004 Büro,links das erste Regal,3. von oben,,116,Deutsche Akademie der Wissenschaften zu Berlin. Veröffentlichungen des Instituts für Deutsche Sprache und Literatur 3
2744,"Schildt, Joachim; Schmidt, Hartmut",1986,Berlinisch. Geschichtliche Einführung in die Sprache einer Stadt,Berlin,J85 FSU Jena Sektion Sprachwissenschaft Wissenschaftsbereich Deutsch Abt. Mundartforschung,E 004 Büro,links das erste Regal,3. von oben,,444,
2745,"Nachama, Andreas",1994,Jiddisch im Berliner Jargon oder Hebräische Sprachelemente im deutschen Wortschatz,Berlin,Arbeitsstelle Thüringisches Wörterbuch,E 004 Büro,links das erste Regal,3. von oben,,78,
2746,"Wiese, Joachim",1987,Berliner Wörter & Wendungen,Berlin,J85 FSU Jena Sektion Sprachwissenschaft Wissenschaftsbereich Deutsch Abt. Mundartforschung,E 004 Büro,links das erste Regal,3. von oben,,159,
2747,"Post, Rudolf",1985,Die Mundart von Bad Salzschlirf. Einführung. Wörterbuch.Flur- und Hausnamen,Bad Salzschlirf,x,E 004 Büro,links das erste Regal,3. von oben,,155,
2748,"Teuchert, Hermann",x,Niederdeutsche Mundarten,Dresden,Staatliche Museen zu Berlin,E 004 Büro,links das erste Regal,3. von oben,,124,Volkskundliche Texte/Herausgegeben von Lutz Madensen Heft 4
2749,"Gundlach, Jürgen",1982,Von Aant bis Zäg'. Plattdeutsche Wörter und Wendungen,Leipzig,"Sächsische Akademie der Wissenschaften zu Leipzig, Sprachwissenschaftliche Kommission, Arbeitsstelle Thüringisches Wörterbuch",E 004 Büro,links das erste Regal,3. von oben,,72,
2750,"Stellmacher, Dieter",1981,Niedersächsisch,Düsseldorf,J85 FSU Jena Sektion Sprachwissenschaft Wissenschaftsbereich Deutsch Abt. Mundartforschung,E 004 Büro,links das erste Regal,3. von oben,,123,
2751,"Stellmacher, Dieter",2004,Das Niedersächsische Wörterbuch im Ammerland. Berichte und Mitteilungen aus der Arbeitsstelle,Bielefeld,x,E 004 Büro,links das erste Regal,3. von oben,,113,Göttinger Forschungen zur Landesgeschichte. Herausgegeben vom Institut für Historische Landesforschung der Universität Göttingen Band 9
2752,"Schambach, Georg",1863,Niederdeutsche Sprichwörter der Fürstenthümer Göttingen und Grubenhagen,Göttingen,Institut für Mundartforschung an der FSU Jena,E 004 Büro,links das erste Regal,3. von oben,,188,
2753,"Weigel, Heinrich",2008,Ludwig Storch und die Ruhlaer Mundart,Erfurt,x,E 004 Büro,links das erste Regal,3. von oben,,54,
2754,"Grober-Glück, Gerda",2008,"""Feldforschungen in Ostthüringen waren Ausgangspunkt meiner wissenschaftlichen Arbeit""",Erfurt,x,E 004 Büro,links das erste Regal,3. von oben,,30,
2755,"Löwenthal, Leo",1978,Treebz'jer Allerlei,Gröbzig,J85 FSU Jena Sektion Sprachwissenschaft Wissenschaftsbereich Deutsch Abt. Mundartforschung,E 004 Büro,links das erste Regal,3. von oben,,104,
2756,"Barthel, Friedrich",1978,Vogtländische Wörter und Wendungen. Beiträge zur Etymologie der vogtländischen Mundart 1. Teil,Plauen,J85 FSU Jena Sektion Sprachwissenschaft Wissenschaftsbereich Deutsch Abt. Mundartforschung,E 004 Büro,links das erste Regal,3. von oben,,88,Vogtländisches Kreismuseum Heft 46
2757,"Barthel, Friedrich",1983,Vogtländische Wörter und Wendungen. Beiträge zur Etymologie der vogtländischen Mundart 2. Teil,Plauen,J85 FSU Jena Sektion Sprachwissenschaft Wissenschaftsbereich Deutsch Abt. Mundartforschung,E 004 Büro,links das erste Regal,3. von oben,,96,Vogtlandmuseum Plauen Heft 51
2758,"Bergmann, Gunter",1965,Das Vorerzgebirgische. Mundart und Umgangssprache im Industriegebiet um Karl-Marx-Stadt - Zwickau,Halle (Saale),Institut für Mundartforschung Jena,E 004 Büro,links das erste Regal,3. von oben,,199,Mitteldeutsche Studien herausgegeben von Th. Frings und R. Grosse 27
2759,"Bergmann, Gunter; Hellfritzsch, Volkmar",1990,Kleines vogtländisches Wörterbuch,Leipzig,"Sächsische Akademie der Wissenschaften zu Leipzig, Sprachwissenschaftliche Kommission, Arbeitsstelle Thüringisches Wörterbuch",E 004 Büro,links das erste Regal,3. von oben,,148,
2760,"Soumagne, Ludwig",1991,Die Litanei Band 3,Krefeld,x,E 004 Büro,links das erste Regal,3. von oben,,120,
2761,"Martin, Bernhard",1939,Die deutschen Mundarten,Marburg,"Sächsische Akademie der Wissenschaften zu Leipzig, Sprachwissenschaftliche Kommission, Arbeitsstelle Thüringisches Wörterbuch",E 004 Büro,links das erste Regal,3. von oben,,159,
2762,"Moosmüller, Sylvia",1991,"Hochsprache und Dialekt Österreich. Soziophonologische Untersuchungen zu ihrer Abgrenzung in Wien, Graz, Salzburg und Innsbruck",Böhlau,Arbeitsstelle Thüringisches Wörterbuch,E 004 Büro,links das erste Regal,3. von oben,,212,Sprachwissenschaftliche Reihe herausgegeben von Wolfgang U. Dressler Band 1
2763,"Ebner, Jakob",1980,DUDEN Wie sagt man in Österreich? Wörterbuch der österreichischen Besonderheiten (2. Auflage),Mannheim/Wien/Zürich,"Sächsische Akademie der Wissenschaften zu Leipzig, Sprachwissenschaftliche Kommission, Arbeitsstelle Thüringisches Wörterbuch",E 004 Büro,links das erste Regal,3. von oben,,252,
2764,Kommision für Mundartforschung (Hrsg.),1995,"Bayrisches Wörterbuch (BWB). Heft 1: Einleitung, Benutzerhinweise, A-[Hoch]acker",München,Thüringisches Wörterbuch Arbeitsstelle der FSU Jena und der Sächsischen Akademie der Wissenschaften zu Leipzig,E 004 Büro,links das erste Regal,4. von oben,,100,BWB Heft 1
2765,Kommision für Mundartforschung (Hrsg.),1996,Bayrisches Wörterbuch (BWB). Heft 2: [Hoch]acker-[Jung-frauen]slmer,München,Thüringisches Wörterbuch Arbeitsstelle der FSU Jena und der Sächsischen Akademie der Wissenschaften zu Leipzig,E 004 Büro,links das erste Regal,4. von oben,,101-288,BWB Heft 2
2766,Kommision für Mundartforschung (Hrsg.),1997,Bayrisches Wörterbuch (BWB). Heft 3: [Milch]almer-Apollonia,München,Thüringisches Wörterbuch Arbeitsstelle der FSU Jena und der Sächsischen Akademie der Wissenschaften zu Leipzig,E 004 Büro,links das erste Regal,4. von oben,,289-476,BWB Heft 3
2767,Kommision für Mundartforschung (Hrsg.),2006,Bayrisches Wörterbuch (BWB). Heft 12 (4. Heft des 2. Bandes): [Men]pferd-Bieg,München,Thüringisches Wörterbuch Arbeitsstelle der FSU Jena und der Sächsischen Akademie der Wissenschaften zu Leipzig,E 004 Büro,links das erste Regal,4. von oben,,565-752,BWB Heft 12
2768,Kommision für Mundartforschung (Hrsg.),1995,Bayrisches Wörterbuch (BWB). Beiheft: Orts- und Quellenverzeichnis nach dem Stand vom 1.7.1993,München,Thüringisches Wörterbuch Arbeitsstelle der FSU Jena und der Sächsischen Akademie der Wissenschaften zu Leipzig,E 004 Büro,links das erste Regal,4. von oben,,105,BWB Beiheft
2769,Institut für Corpuslinguistik und Texttechnologie (ICLTT),2013,Wörterbuch der Bairischen Mundarten in Österreich (WBÖ). 40. Lieferung (8. Lieferung des 5.Bandes): eigen-eléktrisch,Wien,x,E 004 Büro,links das erste Regal,4. von oben,,1435-1626,WBÖ (40. Lieferung des 5.Bandes)
2770,Institut für Corpuslinguistik und Texttechnologie (ICLTT),2008,Wörterbuch der Bairischen Mundarten in Österreich (WBÖ). 38. Lieferung (6. Lieferung des 5. Bandes): Tunst-Twasper,Wien,x,E 004 Büro,links das erste Regal,4. von oben,,1041-1242,WBÖ (38. Lieferung des 5.Bandes)
2771,"Post, Rudolf",1985,Lehn- und Reliktwörter im Rheinland,Köln,FSU Jena Sektion Sprachwissenschaft Fachbereich Deutsch Mundartforschung,E 004 Büro,links das erste Regal,4. von oben,,19 + Karte ,Geschichtlicher Atlas der Rheinlande Beiheft X/1
2772,"Eichler, Ernst; Hengst, Karlheinz; Krüger, Dietlind",2010,Namenkundliche Informationen 97,Leipzig,x,E 004 Büro,links das erste Regal,4. von oben,,239,Journal of Onomastics 
2773,"Grober-Glück, Gerda",2003,Beiträge zur sprachlichen Volkskultur. Nach Materialien des Atlas der deutschen Volkskunde,Frankfurt am Main,Thüringisches Wörterbuch Arbeitsstelle der FSU Jena und der Sächsischen Akademie der Wissenschaften zu Leipzig,E 004 Büro,links das erste Regal,4. von oben,,316,Germanistische Arbeiten zu Sprache und Kulturgeschichte 43
2774,"Post, Rudolf",1982,"Romanische Entlehnungen in den westmitteldeutschen Mundarten: Diatopische, Diachrone und Diastratische Untersuchungen zur sprachlichen Inferenz am Beispiel des landwirtschaftlichen Sachwortschatzes",Wiesbaden,FSU Jena Sektion Sprachwissenschaft Fachbereich Deutsch Mundartforschung,E 004 Büro,links das erste Regal,4. von oben,,374,Mainzer Studien zur Sprach- und Volksforschung 6
2775,"Aehnlich, Barbara & Wiegand, Susanne",2010,Die Flurnamen des Reinstädter Grundes,"Erfurt, Jena",x,E 004 Büro,links das erste Regal,4. von oben,,169,Thüringer Hefte für Volkskunde Band 17
2776,"Meineke, Eckhard",2003,Perspektiven der thüringischen Flurnamenforschung,Frankfurt am Main,Thüringisches Wörterbuch Arbeitsstelle der FSU Jena und der Sächsischen Akademie der Wissenschaften zu Leipzig,E 004 Büro,links das erste Regal,4. von oben,,288,
2777,"Buck, M.R.",1931,Oberdeutsches Flurnamenbuch. Ein alphabetisch geordneter Handweiser für Freunde deutscher Sprach- und Kulturgeschichte,Bayreuth,Institut für Mundartforschung Jena,E 004 Büro,links das erste Regal,4. von oben,,316,
2778,"Wolf, Siegmund A.",1956,Wörterbuch des Rotwelschen. Deutsche Gaunersprache,Mannheim ,Institut für Mundartforschung Jena,E 004 Büro,links das erste Regal,4. von oben,,431,
2779,"Wehle, Peter",1997,Die Wiener Gaunersprache von Auszuzln bis Zimmerwanzen,Wien,Thüringisches Wörterbuch Arbeitsstelle der FSU Jena und der Sächsischen Akademie der Wissenschaften zu Leipzig,E 004 Büro,links das erste Regal,4. von oben,,118,
2780,"Finck, Franz Nikolaus",1903,Lehrbuch des Dialekts der deutschen Zigeuner,Marburg,FSU Jena Sektion Sprachwissenschaft Fachbereich Deutsch Mundartforschung,E 004 Büro,links das erste Regal,4. von oben,,95,
2781,"Spangenberg, Karl",1970,Baumhauers Stromergespräche in Rotwelsch. Mit soziologischen und sprachlichen Erläuerungen,Halle (Saale),FSU Jena Sektion Sprachwissenschaft Fachbereich Deutsch Mundartforschung,E 004 Büro,links das erste Regal,4. von oben,,105,
2782,"Pfeiffer, Herbert",1996,Das große Schimpfwörterbuch,München,Thüringisches Wörterbuch Arbeitsstelle der FSU Jena und der Sächsischen Akademie der Wissenschaften zu Leipzig,E 004 Büro,links das erste Regal,4. von oben,,559,
2783,"von Train, J.K.",1833,Wörterbuch der Gauner- und Diebessprache,Leipzig,Thüringisches Wörterbuch Arbeitsstelle der FSU Jena und der Sächsischen Akademie der Wissenschaften zu Leipzig,E 004 Büro,links das erste Regal,4. von oben,,286,
2784,"Schmitt, Ludwig Erich (Hrsg.)",1970,Kurzer Grundriß der germanischen Philologie bis 1500. Band 1: Sprachgeschichte,Berlin,x,E 004 Büro,links das erste Regal,4. von oben,,440,
2785,"Schade, Oscar",1866,Altdeutsches Wörterbuch,Halle (Saale),Institut für Mundartforschung,E 004 Büro,links das erste Regal,4. von oben,,765,
2786,,1996,Wörterbuch SNOB Sprachatlas von Nord Ost Bayern,Bayreuth,x,E 004 Büro,links das erste Regal,4. von oben,,24,
2787,,1989,SNOB - Sprachatlas von Nordostbayern (Regierungsbezirke Oberfranken und Oberpfalz). Fragebuch Kurzfassung,Bayreuth,x,E 004 Büro,links das erste Regal,4. von oben,,59,SNOB
2788,,1990,SNOB - Sprachatlas von Nordostbayern (Regierungsbezirke Oberfranken und Oberpfalz). Fragebuch Band 1,Bayreuth,x,E 004 Büro,links das erste Regal,4. von oben,,244,SNOB
2789,,1990,SNOB - Sprachatlas von Nordostbayern (Regierungsbezirke Oberfranken und Oberpfalz). Fragebuch Band 2,Bayreuth,x,E 004 Büro,links das erste Regal,4. von oben,,245-480,SNOB
2790,,,SNOB - Sprachatlas von Nordostbayern (Regierungsbezirke Oberfranken und Oberpfalz). Bildmaterial zum Fragebuch,Bayreuth,x,E 004 Büro,links das erste Regal,4. von oben,,42,SNOB
2791,"Lexer, Matthias",1872,Mittelhochdeutsches Handwörterbuch. Erster Band: A-M (1869-1872),Würzburg,"Sächsische Akademie der Wissenschaften zu Leipzig, Sprachwissenschaftliche Kommission, Arbeitsstelle Thüringisches Wörterbuch",E 004 Büro,links das erste Regal,4. von oben,,2262,
2792,"Lexer, Matthias",1876,Mittelhochdeutsches Handwörterbuch. Zweiter Band: N-U (1873-1876),Würzburg,"Sächsische Akademie der Wissenschaften zu Leipzig, Sprachwissenschaftliche Kommission, Arbeitsstelle Thüringisches Wörterbuch",E 004 Büro,links das erste Regal,4. von oben,,2050,
2793,"Lexer, Matthias",1878,Mittelhochdeutsches Handwörterbuch. Dritter Band: VF-Z (1873-1876),Würzburg,"Sächsische Akademie der Wissenschaften zu Leipzig, Sprachwissenschaftliche Kommission, Arbeitsstelle Thüringisches Wörterbuch",E 004 Büro,links das erste Regal,4. von oben,,1226,
2794,"Lexer, Matthias",1878,Nachträge zum Mittelhochdeutschen Handwörterbuch,Leipzig,x,E 004 Büro,links das erste Regal,4. von oben,,406,
2795,"Heyne, Moriz",1892,Deutsches Wörterbuch. Zweiter Band: H-O,Leipzig,Institut für Mundartforschung Jena,E 004 Büro,links das erste Regal,4. von oben,,1238,
2796,"Lessing, Gotthold Ephraim",1779,Nathan der Weise,Berlin,x,E 004 Büro,links das zweite Regal,1. von oben,,272,
2797,"Goethe, Johann Wolfgang",1774,Die Leiden des jungen Werthers,Leipzig,x,E 004 Büro,links das zweite Regal,1. von oben,,175,
2798,"Immermann, Karl",1924,Der Oberhof,Leipzig,x,E 004 Büro,links das zweite Regal,1. von oben,,316,
2799,,1978,Das Kamel auf der Pilgerfahrt IIII Arabische Spichwörter,Weimar,x,E 004 Büro,links das zweite Regal,1. von oben,,195,
2800,"Bezzel, Einhard ",1985,"Natur entdecken: Schmetterlinge, Singvögel, Wildblumen, Säugetiere, Pilze, Früchte und Beeren",Greven,x,E 004 Büro,links das zweite Regal,1. von oben,,384,
2801,"Wiesner, C.U.",1990,Frisör Kleinekorte in Venedig und anderswo ,Berlin,x,E 004 Büro,links das zweite Regal,1. von oben,,151,
2802,"Valiska, Juraj",1980,memecké nárecie dobsinej,,x,E 004 Büro,links das zweite Regal,1. von oben,,305,
2803,"Kahnmeyer, L. & Schulze, H.",1917,Anschaulich ausführliches Realienbuch,"Bielefeld, Leipzig",x,E 004 Büro,links das zweite Regal,1. von oben,,100,
2804,"Hildebrand, Rudolf",1947,Vom Deutschen Sprachunterricht in der Schule und von Erziehung und Bildung überhaupt ,"Berlin, Leipzig",x,E 004 Büro,links das zweite Regal,1. von oben,,354,
2805,"Weigand, Friedrich Ludwig Karl",1857,Deutsches Wörterbuch. Erster Band: A-K,Gießen,Institut für Mundartforschung Jena,E 004 Büro,links das zweite Regal,1. von oben,,656,
2806,"Schönheit, Friedrich Christian Heinrich",1850,Taschenbuch der Flora Thüringens,Rudolstadt,Thüringisches Wörterbuch Arbeitsstelle der FSU Jena und der Sächsischen Akademie der Wissenschaften zu Leipzig,E 004 Büro,links das zweite Regal,1. von oben,,561,
2807,"Pfeifer, Wolfgang (Leiter)",1989,Etymologisches Wörterbuch des Deutschen A-G,Berlin,FSU Jena Sektion Sprachwissenschaft Fachbereich Deutsch Mundartforschung,E 004 Büro,links das zweite Regal,1. von oben,,621,
2808,"Pfeifer, Wolfgang (Leiter)",1989,Etymologisches Wörterbuch des Deutschen H-P,Berlin,FSU Jena Sektion Sprachwissenschaft Fachbereich Deutsch Mundartforschung,E 004 Büro,links das zweite Regal,1. von oben,,622-1345,
2809,"Pfeifer, Wolfgang (Leiter)",1989,Etymologisches Wörterbuch des Deutschen H-P,Berlin,FSU Jena Sektion Sprachwissenschaft Fachbereich Deutsch Mundartforschung,E 004 Büro,links das zweite Regal,1. von oben,,1346-2093,
2810,"Schmidt, Wilhelm",1973,Zur Funktion der marxistisch-leninistischen Sprachtheorie in der Sprachlehrerausbildung,Potsdam,FSU Jena Sektion Sprachwissenschaft Wissenschaftsbereich Deutsch Abt. Mundartforschung,E 004 Büro,links das zweite Regal,2. von oben,,97,"Potsdamer Forschungen der Pädagogischen Hochschule ""Karl Liebknecht"" Potsdam Reihe A Heft 6"
2811,"Bolck, Franz (Hrsg.)",1977,Historizität und gesellschaftliche Bedingtheit der Sprache. Beiträge zum sprachgeschichtlichen Colloquium der Sektion Sprachwissenschaft an der Friedrich-Schiller-Universität Jena Band 1,Jena,x,E 004 Büro,links das zweite Regal,2. von oben,,169,Wissenschaftliche Beiträge der Friedrich-Schiller-Universität Jena
2812,"Bolck, Franz (Hrsg.)",1973,Beiträge zur marxistisch-leninistischen Sprachtheorie,Jena,x,E 004 Büro,links das zweite Regal,2. von oben,,158,Wissenschaftliche Beiträge der Friedrich-Schiller-Universität Jena
2813,"Wilhelmi, Bernd (Hrsg.)",1985,Sprach- und literaturhistorische Beiträge Jena - Presov,Jena,x,E 004 Büro,links das zweite Regal,2. von oben,,133,Wissenschaftliche Beiträge der Friedrich-Schiller-Universität Jena
2814,"Spitzbardt, Harry (Hrsg.)",1970,Sprache und Gesellschaft,Jena,FSU Jena Sektion Sprachwissenschaft Fachbereich Deutsch Mundartforschung,E 004 Büro,links das zweite Regal,2. von oben,,293,Wissenschaftliche Beiträge der Friedrich-Schiller-Universität Jena
2815,"Bolck, Franz (Hrsg.)",1978,Historizität und gesellschaftliche Bedingtheit der Sprache. Beiträge zum sprachgeschichtlichen Colloquium der Sektion Sprachwissenschaft an der Friedrich-Schiller-Universität Jena Band 2,Jena,x,E 004 Büro,links das zweite Regal,2. von oben,,183,Wissenschaftliche Beiträge der Friedrich-Schiller-Universität Jena
2816,"Bolck, Franz (Hrsg.)",1980,Sprache in Geschichte und Gegenwart,Jena,x,E 004 Büro,links das zweite Regal,2. von oben,,240,Wissenschaftliche Beiträge der Friedrich-Schiller-Universität Jena
2817,"Bolck, Franz (Hrsg.)",1976,Studien zur allgemeinen und vergleichenden Sprachwissenschaft,Jena,x,E 004 Büro,links das zweite Regal,2. von oben,,196,Wissenschaftliche Beiträge der Friedrich-Schiller-Universität Jena
2818,"Bolck, Franz (Hrsg.)",1974,Ideologie und Sprache,Jena,FSU Jena Sektion Sprachwissenschaft Wissenschaftsbereich Deutsch Abt. Mundartforschung,E 004 Büro,links das zweite Regal,2. von oben,,210,Wissenschaftliche Beiträge der Friedrich-Schiller-Universität Jena
2819,"Bolck, Franz (Hrsg.)",1973,Deutsche Standardaussprache. Lautschwächungen und Formstufen,Jena,Sektion Sprachwissenschaft. Information und Dokumentation,E 004 Büro,links das zweite Regal,2. von oben,,145,Wissenschaftliche Beiträge der Friedrich-Schiller-Universität Jena
2820,"Schönfeld, Helmut",1983,Sprache - Heimatgeschichte. Mundart. Gruppensprache. Namengut als Gegenstand von Forschung und Pflege,Jena,FSU Jena Sektion Sprachwissenschaft Wissenschaftsbereich Deutsch Abt. Mundartforschung,E 004 Büro,links das zweite Regal,2. von oben,,59,
2821,,2004,Sprachwissenschaft Katalog 71,Berlin,x,E 004 Büro,links das zweite Regal,2. von oben,,183,
2822,hain Wissenschaft,1999,Wissen schaffen,Rudolstadt,x,E 004 Büro,links das zweite Regal,2. von oben,,71,
2823,hain Wissenschaft,1998,Wissen schaffen,Rudolstadt,x,E 004 Büro,links das zweite Regal,2. von oben,,47,
2824,"Tschacher, Günter",1970,Quantitative Methoden in der Soziologie,Berlin,FSU Jena Sektion Sprachwissenschaft Fachbereich Deutsch Mundartforschung,E 004 Büro,links das zweite Regal,2. von oben,,394,
2825,"Tschacher, Günter",1970,Quantitative Methoden in der Soziologie,Berlin,FSU Jena Sektion Sprachwissenschaft Fachbereich Deutsch Mundartforschung,E 004 Büro,links das zweite Regal,2. von oben,,394,
2826,"Steiner, Christiane",1994,Sprachvariation in Mainz. Quantitative und qualitative Analysen,Stuttgart,x,E 004 Büro,links das zweite Regal,2. von oben,,239,Mainzer Studien zur Sprach- und Volksforschung 19
2827,"Besch, Werner; Hufschmidt, Jochen; Kall-Holland, Angelika; Klein, Eva; Mattheier, Klaus J.",1981,Sprachverhalten in ländlichen Gemeinden. Ansätze zur Theorie und Methode. Forschungsbericht Erp-Projekt Band I,Berlin,Universitätsbibliothek Jena,E 004 Büro,links das zweite Regal,2. von oben,,326,
2828,"Besch, Werner; Hufschmidt, Jochen; Kall-Holland, Angelika; Klein, Eva; Mattheier, Klaus J.",1983,Sprachverhalten in ländlichen Gemeinden. Ansätze zur Theorie und Methode. Forschungsbericht Erp-Projekt Band II,Berlin,Universitätsbibliothek Jena,E 004 Büro,links das zweite Regal,2. von oben,,302,
2829,"Hofer, Lorenz",1997,Sprachwandel im städtischen Dialektrepertoire. Eine variationslinguistische Untersuchung am Beispiel des Baseldeutschen,Tübingen/Basel,Thüringisches Wörterbuch Arbeitsstelle der FSU Jena und der Sächsischen Akademie der Wissenschaften zu Leipzig,E 004 Büro,links das zweite Regal,2. von oben,,306,Basler Studien zur deutschen Sprache und Literatur 72
2830,"Froitzheim, Claudia",1984,Artikulationsnormen der Umgangssprache in Köln,Tübingen ,Arbeitsstelle Thüringisches Wörterbuch,E 004 Büro,links das zweite Regal,2. von oben,,233,Continuum Schriftenreihe zur Linguistik
2831,"Harnisch, Rüdiger; Eichinger, Ludwig M.; Rowley, Anthony",1995,"""… im Gefüge der Sprachen"" Studien zu System und Soziologie der Dialekte. Festschrift für Robert Hinderling zum 60. Geburtstag",Stuttgart,J85 Thüringer Universitäts- und Landesbibliothek Jena. Zweigbibliothek Germanistik,E 004 Büro,links das zweite Regal,2. von oben,,301,ZDL Beihefte 90
2832,"Schönfeld, Helmut & Donath, Joachim",1978,Sprache im sozialistischen Industribetrieb. Untersuchungen zum Wortschatz bei sozialen Gruppen,Berlin,"J85 FSU Jena Philosophische Fakultät Institut für Germanistische Sprachwissenschaft Fachgruppe Deutsche Dialektologie/Soziolinguistik Arbeitsstelle ""Thüringisches Wörterbuch""",E 004 Büro,links das zweite Regal,2. von oben,,208,Sprache und Gesellschaft Band 15
2833,"Bister-Broosen, Helga",1989,Sprachwandel im Dialekt von Krefeld,New York,Arbeitsstelle Thüringisches Wörterbuch,E 004 Büro,links das zweite Regal,2. von oben,,143,Berkeley Insights in Linguistics and Semiotics Vol. 3
2834,"Rosenkranz, Heinz & Spangenberg, Karl",1963,Sprachsoziologische Studien in Thüringen,Berlin,x,E 004 Büro,links das zweite Regal,2. von oben,,80,Sitzungsberichte der Sächsischen Akademie der Wissenschaften zu Leipzig. Philologisch-historische Klasse Band 108 Heft 3
2835,"Grosse, Rudolf",1990,Sprache in der sozialen und kulturellen Entwicklung. Beiträge eines Kolloquiums zu Ehren von Theodor Frings (1886-1968),Berlin,"Sächsische Akademie der Wissenschaften zu Leipzig, Sprachwissenschaftliche Kommission, Arbeitsstelle Thüringisches Wörterbuch",E 004 Büro,links das zweite Regal,2. von oben,,447,Abhandlungen der sächsischen Akademie der Wissenschaften zu Leipzig. Philologisch-historische Klasse Band 73 Heft 1
2836,"Grosse, Rudolf",1990,Sprache in der sozialen und kulturellen Entwicklung. Beiträge eines Kolloquiums zu Ehren von Theodor Frings (1886-1968) Kartentasche,Berlin,"J85 Sächsische Akademie der Wissenschaften zu Leipzig, Sprachwissenschaftliche Kommission, Arbeitsstelle Thüringisches Wörterbuch",E 004 Büro,links das zweite Regal,2. von oben,,x,Abhandlungen der sächsischen Akademie der Wissenschaften zu Leipzig. Philologisch-historische Klasse Band 73 Heft 1
2837,"Langner, Helmut",1977,Untersuchungen zur Mundart und zur Umgangssprache im Raum um Wittenberg,Berlin,"Sächsische Akademie der Wissenschaften zu Leipzig, Sprachwissenschaftliche Kommission, Arbeitsstelle Thüringisches Wörterbuch",E 004 Büro,links das zweite Regal,2. von oben,,296 + 39 Karten,Dialektologische Studien zur Sprachgeschichte und Sprachsoziologie Band 1 Hrsg. Rudolf Grosse
2838,"Leuenberger, Petra",1999,Ortsloyalität als verhaltens- und sprachsteuernder Faktor. Eine empirische Untersuchung,Tübingen/Basel,Thüringisches Wörterbuch Arbeitsstelle der FSU Jena und der Sächsischen Akademie der Wissenschaften zu Leipzig,E 004 Büro,links das zweite Regal,2. von oben,,308,Basler Studien zur deutschen Sprache und Literatur 74
2839,"Dittmar, Norbert",1997,Grundlagen der Soziolinguistik - Ein Arbeitsbuch mit Aufgaben,Tübingen,Thüringisches Wörterbuch Arbeitsstelle der FSU Jena und der Sächsischen Akademie der Wissenschaften zu Leipzig,E 004 Büro,links das zweite Regal,2. von oben,,358,Konzepte der Sprach- und Literaturwissenschaft 57
2840,"Keller, Rudi",1990,Sprachwandel. Von der unsichtbaren Hand in der Sprache,Tübingen,"Sächsische Akademie der Wissenschaften zu Leipzig, Sprachwissenschaftliche Kommission, Arbeitsstelle Thüringisches Wörterbuch",E 004 Büro,links das zweite Regal,2. von oben,,218,
2841,"Schlieben-Lange, Brigitte",1991,Soziolinguistik. Eine Einführung (3. Auflage),Stuttgart/Berlin/Köln,"Sächsische Akademie der Wissenschaften zu Leipzig, Sprachwissenschaftliche Kommission, Arbeitsstelle Thüringisches Wörterbuch",E 004 Büro,links das zweite Regal,2. von oben,,165,
2842,"Cherubim, Dieter",1980,Fehlerlinguistik. Beiträge zum Problem der sprachlichen Abweichung,Tübingen,J85 FSU Jena Sektion Sprachwissenschaft Wissenschaftsbereich Deutsch Abt. Mundartforschung/ Universitätsbibliothek Jena,E 004 Büro,links das zweite Regal,2. von oben,,306,Reihe Germanistische Linguistik 24
2843,"Hasselberg, Joachim & Wegera, Klaus-Peter",1976,Hessisch,Düsseldorf,J85 FSU Jena Sektion Sprachwissenschaft Wissenschaftsbereich Deutsch Abt. Mundartforschung/ Universitätsbibliothek Jena,E 004 Büro,links das zweite Regal,2. von oben,,88,Dialekt/Hochsprache - Kontrastiv. Sprachhefte für den Deutschunterricht Heft 1
2844,"Zehetner, Ludwig G.",1977,Bairisch,Düsseldorf,J85 FSU Jena Sektion Sprachwissenschaft Wissenschaftsbereich Deutsch Abt. Mundartforschung/ Universitätsbibliothek Jena,E 004 Büro,links das zweite Regal,2. von oben,,159,Dialekt/Hochsprache - Kontrastiv. Sprachhefte für den Deutschunterricht Heft 2
2845,"Ammon, Ulrich",1973,Dialekt und Einheitssprache in ihrer sozialen Verflechtung,Weinheim/Basel,J85 FSU Jena Sektion Sprachwissenschaft Wissenschaftsbereich Deutsch Abt. Mundartforschung/ Universitätsbibliothek Jena,E 004 Büro,links das zweite Regal,2. von oben,,296,
2846,"Ammon, Ulrich",1973,"Dialekt, soziale Ungleichheit und Schule (2. Auflage)",Weinheim/Basel,J85 Universitätsbibliothek Jena,E 004 Büro,links das zweite Regal,2. von oben,,193,
2847,"Ammon, Ulrich",1978,Schulschwierigkeiten von Dialektsprechern,Weinheim/Basel,x,E 004 Büro,links das zweite Regal,2. von oben,,337,
2848,Tübinger Vereinigung für Volkskunde E.V. Tübingen Schloss,1973,Dialekt als Sprachbarriere?. Ergebnisbericht einer Tagung zur alemannischen Dialektforschung,Tübingen,"Sächsische Akademie der Wissenschaften zu Leipzig, Sprachwissenschaftliche Kommission, Arbeitsstelle Thüringisches Wörterbuch",E 004 Büro,links das zweite Regal,2. von oben,,221,"Untersuchungen des Ludwig-Uhland-Instituts der Universität Tübingen im Auftrag der Tübinger Vereinigung für Volkskunde herausgegeben von Hermann Bausinger, Utz Jeggle, Gottfried Korff, Martin Scharfe und Rudolf Schenda Band 33"
2849,"Strassner, Erich",1977,Aufgabenfeld Sprache im Deutschunterricht. Zur Wandlung sprachdidaktischer Konzepte zwischen 1945 und 1975,Tübingen,Arbeitsstelle Thüringisches Wörterbuch,E 004 Büro,links das zweite Regal,2. von oben,,165,Tübinger Beiträge zur Linguistik herausgegeben von Gunter Narr 77
2850,"Große, Rudolf & Neubert, Albrecht",1974,Beiträge zur Soziolinguistik,Halle (Saale),"Sächsische Akademie der Wissenschaften zu Leipzig, Sprachwissenschaftliche Kommission, Arbeitsstelle Thüringisches Wörterbuch",E 004 Büro,links das zweite Regal,2. von oben,,225,
2851,"Hoffmann, Ludger",1998,Grammatik der gesprochenen Sprache,Heidelberg,Thüringisches Wörterbuch Arbeitsstelle der FSU Jena und der Sächsischen Akademie der Wissenschaften zu Leipzig,E 004 Büro,links das zweite Regal,2. von oben,,56,Studienbibliographien Sprachwissenschaft 25
2852,"Stehl, Thomas",1999,Dialektgenerationen. Dialektfunktionen. Sprachwandel,Tübingen,Thüringisches Wörterbuch Arbeitsstelle der FSU Jena und der Sächsischen Akademie der Wissenschaften zu Leipzig,E 004 Büro,links das zweite Regal,2. von oben,,194,
2853,"Penzl, Herbert",1972,Methoden der germanischen Linguistik,Tübingen,"Sprachwissenschaftliche Kommission. Arbeitsstelle Thüringisches Wörterbuch. 69 Jena. Universitätshochhaus, 8. Etage",E 004 Büro,links das zweite Regal,2. von oben,,174,Sprachstrukturen Reihe A Historische Sprachstrukturen 1
2854,"Ammon, Ulrich",1973,Probleme der Soziolinguistik,Tübingen,"Sächsische Akademie der Wissenschaften zu Leipzig, Arbeitsstelle Thüringisches Wörterbuch",E 004 Büro,links das zweite Regal,2. von oben,,145,Germanistische Arbeitshefte 15
2855,"Klotz, Peter & Sieber, Peter",1993,Vielerlei Deutsch. Umgang mit Sprachvarietäten in der Schule,Stuttgart/Düsseldorf/Berlin/Leipzig,x,E 004 Büro,links das zweite Regal,2. von oben,,215,
2856,"Böhm, Gisela",1984,Der Dialekt als Sprachbarriere? Eine empirische Untersuchung über den Einfluß des Dialektes auf den Schulerfolg im Fach Deutsch in den 5. Klassen weiterführender Schulen in Heidelberg unter Anwendung der kontrastiven Methode und auf der Grundlage von Diktat- und Aufsatzmaterial,Kiel,x,E 004 Büro,links das zweite Regal,2. von oben,,240,
2857,"Uessler, Manfred",1982,Soziolinguistik ,Berlin,"Sächsische Akademie der Wissenschaften zu Leipzig, Sprachwissenschaftliche Kommission, Arbeitsstelle Thüringisches Wörterbuch",E 004 Büro,links das zweite Regal,2. von oben,,181,
2858,"Veith, Werner H.",2002,Soziolinguistik. Ein Arbeitsbuch,Tübingen,Thüringisches Wörterbuch Arbeitsstelle der FSU Jena und der Sächsischen Akademie der Wissenschaften zu Leipzig,E 004 Büro,links das zweite Regal,2. von oben,,275,
2859,"Karstädt, Otto",1922,Mundart und Schule.,Langensalza,x,E 004 Büro,links das zweite Regal,2. von oben,,164,Friedrich Mann's Pädagogisches Magazin. Abhandlungen vom Gebiete der Pädagogik und ihrer Hilfswissenschaften Heft 346
2860,"Karstädt, Otto",1908,Mundart und Schule.,Langensalza,x,E 004 Büro,links das zweite Regal,2. von oben,,38,Pädagogisches Magazin. Abhandlungen vom Gebiete der Pädagogik und ihrer Hilfswissenschaften. Herausgegeben von Friedrich Mann. 346. Heft
2861,"Klein, Wolfgang & Wunderlich, Dieter",1971,Aspekte der Soziolinguistik,Frankfurt am Main,"Sächsische Akademie der Wissenschaften zu Leipzig, Sprachwissenschaftliche Kommission, Arbeitsstelle Thüringisches Wörterbuch",E 004 Büro,links das zweite Regal,2. von oben,,321,Schwerpunkte Linguistik und Kommunikationswissenschaft Band 1
2862,"Göschel, Joachim",1977,Die Schallaufnahme deutscher Dialekte im Forschungsinstitut für deutsche Sprache. Bestandsbeschreibung und Arbeitsbericht,Marburg (Lahn),J85 FSU Jena Sektion Sprachwissenschaft Wissenschaftsbereich Deutsch Abt. Mundartforschung,E 004 Büro,links das zweite Regal,2. von oben,,83,
2863,"Bichel, Ulf",1973,Problem und Begriff der Umgangssprache in der germanistischen Forschung,Tübingen,Sächsische Akademie der Wissenschaften zu Leipzig,E 004 Büro,links das zweite Regal,2. von oben,,473,Hermaea Germanistische Forschungen neue Folge Band 32
2864,"Auwärter, Manfred",1982,Sprachgebrauch in Abhängigkeit von Merkmalen der Sprecher und der Sprechsituation. Eine soziolinguistische Untersuchung,Berlin,"Sächsische Akademie der Wissenschaften zu Leipzig, Sprachwissenschaftliche Kommission, Arbeitsstelle Thüringisches Wörterbuch",E 004 Büro,links das zweite Regal,2. von oben,,365,Studien und Berichte 42 Max-Planck-Institut für Bildungsforschung
2865,Wissenschaftlicher Rat & Mitarbeoter der Dudenredaktion unter der Leitung von Günther Drosdowski,1989,Duden. Deutsches Wörterbuch,"Mannheim, Leipzig, Wien, Zürich","Sächsische Akademie der Wissenschaften zu Leipzig, Sprachwissenschaftliche Kommission, Arbeitsstelle Thüringisches Wörterbuch",E 004 Büro,links das zweite Regal,3. von oben,,1816,
2866,"Wahrig, Gerhard et.al.",1986,"Deutsches Wörterbuch mit einem ""Lexikon der deutschen Sprachlehre"". Jubiläumsausgabe","Gütersloh, München",Universitätsbibliothek Jena,E 004 Büro,links das zweite Regal,3. von oben,,1493,
2867,"Sowinski, Bernhard",1997,Lexikon deutschsprachiger Mundartautoren,"Hildesheim, Zürich, New York",Thüringisches Wörterbuch Arbeitsstelle der FSU Jena und der Sächsischen Akademie der Wissenschaften zu Leipzig,E 004 Büro,links das zweite Regal,3. von oben,,797,
2868,Wissenschaftlicher Rat der Dudenredaktion,1994,Duden. Das Große Fremdwörterbuch: Herkunft und Bedeutung der Fremdwörter,"Mannheim, Leipzig, Wien, Zürich",Thüringisches Wörterbuch Arbeitsstelle der FSU Jena und der Sächsischen Akademie der Wissenschaften zu Leipzig,E 004 Büro,links das zweite Regal,3. von oben,,1557,
2869,"Schützeichel, Rudolf",1969,Althochdeutsches Wörterbuch,Tübingen,"FSU Jena, Sektion Sprachwissenschaft, FB Deutsch, Mundartforschung",E 004 Büro,links das zweite Regal,3. von oben,,250,
2870,"Lexer, Matthias",1953,Matthias Lexers Mittelhochdeutsches Taschenwörterbuch. Siebenundzwanzigste Auflage (Unveränderter Nachdruck),Leipzig,Institut für Mundartforschung,E 004 Büro,links das zweite Regal,3. von oben,,343,
2871,"Richter, Helga (Redakteurin)",1982,Großes Wörterbuch der deutschen Aussprache,Leipzig,"FSU Jena, Sektion Sprachwissenschaft, FB Deutsch, Mundartforschung",E 004 Büro,links das zweite Regal,3. von oben,,599,
2872,Dudenredaktion des VEB Bibliographisches Institut Leipzig ,1984,Der Große Duden. Wörterbuch und Leitfaden der deutschen Rechtschreibung,Leipzig,"FSU Jena, Sektion Sprachwissenschaft, WB Germanistik, Abt. Mundartforschung / Thür. Wörterbuch",E 004 Büro,links das zweite Regal,3. von oben,,764,
2873,"Drosdowski, Günther & Scholze-Stubenrecht, Werner",1992,Duden. Redewendungen und sprichwörtliche Redensarten: Wörterbich der deutschen Idiomatik,"Mannheim, Leipzig, Wien, Zürich","Sächsische Akademie der Wissenschaften zu Leipzig, Sprachwissenschaftliche Kommission, Arbeitsstelle Thüringisches Wörterbuch",E 004 Büro,links das zweite Regal,3. von oben,,864,
2874,Dudenredaktion  ,1996,Duden. Rechtschreibung der deutschen Sprache ,"Mannheim, Leipzig, Wien, Zürich",Thüringische Universitäts- und Landesbibliothek Jena,E 004 Büro,links das zweite Regal,3. von oben,,910,
2875,Wissenschaftlicher Rat der Dudenredaktion,1991,Duden Band 1,"Mannheim, Wien, Zürich",x,E 004 Büro,links das zweite Regal,3. von oben,,832,
2876,"Nerius, Dieter & Scharnhorst, Jürgen (Hrsg.)",1980,Theoretische Probleme der deutschen Orthographie,Berlin,x,E 004 Büro,links das zweite Regal,3. von oben,,371,Sprache und Gesellschaft Band 16
2877,"Görner, Herbert & Kempcke, Günter (Hrsg.)",1973,Synonymwörterbuch. Sinnverwandte Ausdrücke der deutschen Sprache,Leipzig,"FSU Jena, Sektion Sprachwissenschaft, FB Deutsch, Mundartforschung",E 004 Büro,links das zweite Regal,3. von oben,,643,
2878,"Helbig, Gerhard & Schenkel, Wolfgang",1969,Wörterbuch zur Valenz und Distribution deutscher Verben,Leipzig,"FSU Jena, Sektion Sprachwissenschaft, FB Deutsch, Mundartforschung",E 004 Büro,links das zweite Regal,3. von oben,,311,
2879,"Sommerfeldt, Karl-Ernst & Schreiber, Herbert",1974,Wörterbuch zur Valenz und Distribution deutscher Adjektive,Leipzig,"FSU Jena, Sektion Sprachwissenschaft, WB Germanistik, Abt. Mundartforschung / Thür. Wörterbuch",E 004 Büro,links das zweite Regal,3. von oben,,435,
2880,"Dückert, Joachim & Kempcke, Günther (Hrsg.)",1984,"Wörterbuch der Sprachschwierigkeiten. Zweifelsfälle, Normen und Varianten im gegenwärtigen deutschen Sprachgebrauch",Leipzig,"FSU Jena, Sektion Sprachwissenschaft, WB Germanistik, Abt. Mundartforschung / Thür. Wörterbuch",E 004 Büro,links das zweite Regal,3. von oben,,543,
2881,"Koblischke, Heinz",1978,Großes Abkürzungsbuch. Abkürzungen - Kurzwörter - Zeichen - Symbole,Leipzig,"FSU Jena, Sektion Sprachwissenschaft, WB Germanistik, Abt. Mundartforschung / Thür. Wörterbuch",E 004 Büro,links das zweite Regal,3. von oben,,508,
2882,"Böttcher, Kurt et. al.",1988,"Geflügelte Worte. Zitate, Sentenzen und Begriffe in ihrem geschichtlichen Zusammenhang",Leipzig,"FSU Jena, Sektion Sprachwissenschaft, WB Germanistik, Abt. Mundartforschung / Thür. Wörterbuch",E 004 Büro,links das zweite Regal,3. von oben,,778,
2883,"Reinwald, W.F.H",1793,Hennebergisches Idiotikon oder Sammlung der in der gefürschten Grafschaft Henneberg gebräuchlichen Idiotismen,"Berlin, Stettin","FSU Jena, Sektion Sprachwissenschaft, WB Germanistik, Abt. Mundartforschung / Thür. Wörterbuch",E 004 Büro,links das zweite Regal,4. von oben,,171,
2884,"Richey, Michael",1755,Idioticon Hamburgense ,Hamburg,"Sächsische Akademie der Wissenschaften zu Leipzig, Sprachwissenschaftliche Kommission, Arbeitsstelle Thüringisches Wörterbuch",E 004 Büro,links das zweite Regal,4. von oben,,480,
2885,"Wustmann-Schoppe, Borchardt",1954,Die sprichwörtlichen Redensarten im deutschen Volksmund,Leipzig,Institut für Mundartforschung,E 004 Büro,links das zweite Regal,4. von oben,,539,
2886,"Eifelein, J.",1840,Die Sprichwörter und Sinnreden des deutschen Volkes in alter und neuer Zeit,Freiburg,"Sächsische Akademie der Wissenschaften zu Leipzig, Sprachwissenschaftliche Kommission, Arbeitsstelle Thüringisches Wörterbuch",E 004 Büro,links das zweite Regal,4. von oben,,674,
2887,"Sommerfeldt, Karl-Ernst & Spiewok, Wolfgang",1989,Sachwörterbuch für die deutsche Sprache ,Leipzig,"FSU Jena, Sektion Sprachwissenschaft, WB Germanistik, Abt. Mundartforschung / Thür. Wörterbuch",E 004 Büro,links das zweite Regal,4. von oben,,284,
2888,"Conrad, Rudi (Hrsg.)",1975,Kleines Wörterbuch sprachwissenschaftlicher Termini,Leipzig,"FSU Jena, Sektion Sprachwissenschaft, WB Germanistik, Abt. Mundartforschung ",E 004 Büro,links das zweite Regal,4. von oben,,306,
2889,"Spiewok, Wolfgang",1978,Wörterbuch stilistischer Termini,Greifwald,"FSU Jena, Sektion Sprachwissenschaft, WB Germanistik, Abt. Mundartforschung ",E 004 Büro,links das zweite Regal,4. von oben,,109,
2890,"Conrad, Rudi (Hrsg.)",1985,Lexikon sprachwissenschaftlicher Termini,Leipzig,"FSU Jena, Sektion Sprachwissenschaft, WB Germanistik, Abt. Mundartforschung / Thür. Wörterbuch",E 004 Büro,links das zweite Regal,4. von oben,,281,
2891,"Schmidt, Wilhelm",1960,Deutsche Sprachkunde. Ein Handbuch für Lehrer und Studierende,Berlin,Institut für Mundartforschung,E 004 Büro,links das zweite Regal,4. von oben,,318,
2892,"Ruoff, Arno",1990,Häufigkeitswörterbuch gesprochener Sprache,Tübingen,x,E 004 Büro,links das zweite Regal,4. von oben,,517,"Idiomatica. Veröffentlichungen der Tübinger Arbeitsstelle ""Sprache in Südwestdeutschland"" Band 8"
2893,"Ernst, Peter & Patocka, Franz (Hrsg.)",1998,Deutsche Sprache in Raum und Zeit. Festschrift für Peter Wiesinger zum 60. Geburtstag,Wien,x,E 004 Büro,links das zweite Regal,4. von oben,,714,
2894,"Bentziner, Rudolf et.al.",1969,Geschichte der deutschen Sprache ,Berlin,"FSU Jena, Sektion Sprachwissenschaft, WB Germanistik, Abt. Mundartforschung ",E 004 Büro,links das zweite Regal,4. von oben,,428,
2895,"Althaus, Hans Peter, Henne, Helmut & Wiegand, Herbert Ernst (Hrsg.)",1980,Lexikon der Germanistischen Linguistik. Studienausgabe I,Tübingen,"Sächsische Akademie der Wissenschaften zu Leipzig, Sprachwissenschaftliche Kommission, Arbeitsstelle Thüringisches Wörterbuch",E 004 Büro,links das zweite Regal,4. von oben,,258,LGL Studienausgabe I
2896,"Althaus, Hans Peter, Henne, Helmut & Wiegand, Herbert Ernst (Hrsg.)",1980,Lexikon der Germanistischen Linguistik. Studienausgabe II,Tübingn,"Sächsische Akademie der Wissenschaften zu Leipzig, Sprachwissenschaftliche Kommission, Arbeitsstelle Thüringisches Wörterbuch",E 004 Büro,links das zweite Regal,4. von oben,,259-444,LGL Studienausgabe II
2897,"Althaus, Hans Peter, Henne, Helmut & Wiegand, Herbert Ernst (Hrsg.)",1980,Lexikon der Germanistischen Linguistik. Studienausgabe IV,Tübingen,"Sächsische Akademie der Wissenschaften zu Leipzig, Sprachwissenschaftliche Kommission, Arbeitsstelle Thüringisches Wörterbuch",E 004 Büro,links das zweite Regal,4. von oben,,445-870,LGL Studienausgabe IV
2898,"Baumgärtner, Klaus et.al.",1973,Funk-Kolleg-Sprache. Eine Einführung in die moderne Linguistik Band 1,Frankfurt am Main,"Sächsische Akademie der Wissenschaften zu Leipzig, Sprachwissenschaftliche Kommission, Arbeitsstelle Thüringisches Wörterbuch",E 004 Büro,links das zweite Regal,4. von oben,,469,
2899,"Bühler, Hans et.al.",1973,Funk-Kolleg-Sprache. Eine Einführung in die moderne Linguistik Band 2,Frankfurt am Main,"Sächsische Akademie der Wissenschaften zu Leipzig, Sprachwissenschaftliche Kommission, Arbeitsstelle Thüringisches Wörterbuch",E 004 Büro,links das zweite Regal,4. von oben,,346,
2900,"Bünting, Karl-Dieter",1972,Einführung in die Linguistik,Frankfurt am Main,"Sächsische Akademie der Wissenschaften zu Leipzig, Sprachwissenschaftliche Kommission, Arbeitsstelle Thüringisches Wörterbuch",E 004 Büro,links das zweite Regal,4. von oben,,216,
2901,"Lexer, Matthias",1969,Matthias Lexers Mittelhochdeutsches Taschenwörterbuch. 33. Auflage (mit Nachträgen),Leipzig,"FSU Jena, Sektion Sprachwissenschaft, WB Germanistik, Abt. Mundartforschung ",E 004 Büro,links das zweite Regal,4. von oben,,343+67,
2902,"Michels, Victor",1979,Mittelhochdeutsche Grammatik,Heidelberg,Thüringer Landes- und Universitätsbibliothek Jena,E 004 Büro,links das zweite Regal,4. von oben,,368,
2903,"Gomez, Naroa Miguel",2019,Welchen Einfluss hat der Name auf das Leben des Namensträgers? - Eine sozioonomatische Untersuchung,Jena,x,E 004 Büro,links das zweite Regal,5. von oben,,33,
2904,"Schmalz, Florentine",2019,Politische Korrektheit in deutscher Sprache,Jena,x,E 004 Büro,links das zweite Regal,5. von oben,,96,
2905,"Ferl, Laura",2019,Schichtenspezifische Vornamenvergabe. Eine Studie über die Verbindung von Vornamen und sozialer Herkunft ,Jena,x,E 004 Büro,links das zweite Regal,5. von oben,,79,
2906,"Eckold, Romy",2024,Alltagsverständnis von Laien zum Thüringischen: Wie das Thüringische von Laien innerhalb und außerhalb des Dialektraums wahrgenommen wird,Jena,x,E 004 Büro,links das zweite Regal,5. von oben,,65,
2907,"Beierlein, Julia",2024,Zahlwortflexion in den Dialekten des Deutschen,"Erfurt, Jena",x,E 004 Büro,links das zweite Regal,5. von oben,,86,
2908,"Walter, Lisa",2016,Aktuelle Studien zur Dialektsituation in Kaltenwestheim/Rhön,"Erfurt, Jena",x,E 004 Büro,links das zweite Regal,5. von oben,,93 + Anhang,
2909,"Wiegand, Lisa",2024,Untersuchungen zur Morphosyntax des Ortsdialekts von Tiefenort,"Erfurt, Jena",x,E 004 Büro,links das zweite Regal,5. von oben,,88,
2910,"Windolph, Franziska",2023,Interdisziplinäre Bezüge bei der Erforschung von Flurnamen im Saale-Holzland-Kreis,"Erfurt, Jena",x,E 004 Büro,links das zweite Regal,5. von oben,,84 + Anhang,
2911,"Köttner, Lukas",2022,Sprachliche Phänomene thüringer dialekte im Vergleich,Erfurt  ,x,E 004 Büro,links das zweite Regal,5. von oben,,88 + Anhang,
2912,"Sperling, Elisa",2021,Ausgewählte Phänomene des Ortsdialekts von Welzow,Welzow,x,E 004 Büro,links das zweite Regal,5. von oben,,35 + Anhang,
2913,"Remus, Friederike",2014,Familiennamen - eine onomastische Analyse am Beispiel von Mönchgut auf der Insel Rügen,Jena,x,E 004 Büro,links das zweite Regal,5. von oben,,41,
2914,"Fischer, Paula",2020,Studien zur Untersuchung zur regionalen Sprachweise in Saalfeld/Saale,Saalfeld/Saale,x,E 004 Büro,links das zweite Regal,5. von oben,,36,
2915,"Ehret, Saskia",2021,Personennamen im Alltag - Eine Studie zur Selbst- und Fremdwahrnehmung von Personennamen,Freiburg i. Br.,x,E 004 Büro,links das zweite Regal,5. von oben,,64,
2916,"Meier, Susanne ",2021,"""Ist Dialekt attraktiv? Eine Studie zu Gebrauch und Bewertung des Dialekts in der Kommunikation.""",Zschopau,x,E 004 Büro,links das zweite Regal,5. von oben,,90,
2917,"Markau, Michelle Luis",2022,Der bairische Dialekt als Stilmittel in Film- und Fernsehproduktion,Jena,x,E 004 Büro,links das zweite Regal,5. von oben,,38,
2918,"Spatschek, Franziska Sandra",2022,Coburger Dialekt. Eine soziolinguistische Studie ,Veldhoven,x,E 004 Büro,links das zweite Regal,5. von oben,,30,
2919,"Trommer, Marc",2011,Kommunikationsprobleme zwischen Juristen und Laien im Deutschen Sprachrecht ,Suhl,x,E 004 Büro,links das zweite Regal,5. von oben,,39,
2920,"Schuster, Friederike",2016,Semantische Betrachtungen zu diskriminierenden Bezeichnungen im Deutschen - anhand andersfarbiger Minderheiten,Jena,x,E 004 Büro,links das zweite Regal,5. von oben,,53,
2921,"Kuhn, Axel",2011,Anredeformen im Deutschen- Eine empirische Untersuchung des Mediums Fernsehen,Rehmen,x,E 004 Büro,links das zweite Regal,5. von oben,,68,
2922,"Becker, Anne-Kathrin",2011,Verbalisierung von Emotionen - dargestellt am Beispiel von Erfahrungsberichten über die Love Parade 2010,Jena,x,E 004 Büro,links das zweite Regal,5. von oben,,62,
2923,"Akram, Jasmin",2014,Eine sprachwissenschaftliche Analyse der Werbestrategie der Marke Mercedes-Benz,Berlin,x,E 004 Büro,links das zweite Regal,5. von oben,,55,
2924,"Conraths, Katja",2013,Machtinstrument Sprache - die Verwendung der pejorativen Lexik in modernen Castingshows,Jena,x,E 004 Büro,links das zweite Regal,5. von oben,,51,
2925,"Linsel, Ulrike",2012,Sprachverhalten im Alter als Gegenstand linguistischer Forschung - Betrachtungen und Diskussionen altersspezifischerSprache und Kommunikation,Jena,x,E 004 Büro,links das zweite Regal,5. von oben,,79,
2926,"Schindler, Wiebke",2012,Die Zunahme an Fachbegriffen in der Alltagssprache - Ein Vergleich computertechnischer Zeitschriftenartikel,Jena,x,E 004 Büro,links das zweite Regal,5. von oben,,57,
2927,"Rau, Elisabeth Ruth",2022,Konfession und Namenwahl. Eine sozioonomastische Studie zu den Vornamen,Erfurt,x,E 004 Büro,links das zweite Regal,5. von oben,,108,
2928,"Rohnstock, Tonka",2014,Das Verhältnis von Sprache und Denken - neuere sprachtheoretische Diskurse zu political correctness,Jena,x,E 004 Büro,links das zweite Regal,5. von oben,,39,
2929,"Slotta, Christian",2011,Wortbildung im deutschen Sportjournalismus,Jena,x,E 004 Büro,links das zweite Regal,5. von oben,,45,
2930,"Stiebritz, Christiane",2013,Die Veränderung der Sprache durch soziale Netzwerke am Beispiel von Kleiderkreisel und Frauenworte,Jena,x,E 004 Büro,links das zweite Regal,5. von oben,,48,
2931,"Roth, Anna-Lena",2012,Veraltete Wörter in der aktuellen Pressesprache,Jena,x,E 004 Büro,links das zweite Regal,5. von oben,,153,
2932,"Skrzypozek, Oliver",2014,Semantische Felder. Zum Verhältnis semantischer und konzeptueller Strukturen am Beispiel von Konkreta,Jena,x,E 004 Büro,links das zweite Regal,5. von oben,,42,
2933,"Beckert, Niklas",2023,Mikrotoponyme im Spiegel der Ortsgeschichte. Eine sozioonomatische Studie mit schuldidaktischen Bezügen am Beispiel der Flurnamen um Greiz,Erfurt,x,E 004 Büro,links das zweite Regal,5. von oben,,,
2934,"Cranz, Tanja",2013,Uwe Pörksens Plastikwörter - Eine sprachkritische Analysebetrachtung,Jena,x,E 004 Büro,links das zweite Regal,5. von oben,,104,
2935,"Cabezas, Alexis Mariel Vidal",2013,Grundlage für die Erstellung eines Wörterbuches des brasilianischen Hunsrückisch,Jena,x,E 004 Büro,links das zweite Regal,5. von oben,,97,
2936,"Uebel, Anja",2011,Diastratische Studien zum Ortsdialekt von Tautenhain,Jena,x,E 004 Büro,links das zweite Regal,5. von oben,,59,
2937,"Ruf, Regina Maria",2015,Dialekt und Lyrik - Ein kontroverses Paar im DaF-Unterricht?,Jena,x,E 004 Büro,links das zweite Regal,5. von oben,,100,
2938,"Jekiwn, Anne",2014,Die Entwicklung der Personennamengebung in Bezug auf Vornamen Bis in die Gegenwart,Lutherstadt Wittenberg,x,E 004 Büro,links das zweite Regal,5. von oben,,54,
2939,"Bär, Michael",2015,Guybrush Threepwoods roter Hering. Neologismen und Sprachpurismus im multimedialen Kontext,Erfurt,x,E 004 Büro,links das zweite Regal,5. von oben,,59,
2940,"Jakisch, Julia",2011,Soziale Markierungen im Wortschatz - am Beispiel der Sportssprache,Erfurt,x,E 004 Büro,links das zweite Regal,5. von oben,,59,
2941,"Smolenski, Scarlett",2014,Anglizismen in der Gegenwartssprache,Jena,x,E 004 Büro,links das zweite Regal,5. von oben,,66,
2942,"Langner, Martina Dana",2014,Zur aktuellen Sprachsituation in Sonneberg. Eine dialektsoziale Studie,Jena,x,E 004 Büro,links das zweite Regal,5. von oben,,45 + Anhang ,
2943,"Tikhomirova, Svetlana",2015,Der Ortsdialekt von Mellingen. Praktische Studien zur syntopischen Lexikographie,Jena,x,E 004 Büro,links das zweite Regal,5. von oben,,62,
2944,"Schmid, Claudia",2014,"Dialekt als Werbestrategie - Zur sprachlichen Form, Funktion und Wirkung am Beispiel von Arzneimittelwerbung im Fernsehen",Jena,x,E 004 Büro,links das zweite Regal,5. von oben,,77,
2945,"Rockenberger, Bettina",2015,Dialektlexikografische Studien zur Erstellung eines Ortswörterbuchs von Breitungen/Werra,Erfurt,x,E 004 Büro,links das zweite Regal,5. von oben,,57 + Anhang,
2946,"Helbig, Vera",2015,Eine systemlinguistische Studie zum Ortsdialekt von Spieskappel im Schwalm-Eder-Kreis,Jena,x,E 004 Büro,links das zweite Regal,5. von oben,,52,
2947,"Rödiger, Madeleine",2015,Die Erhaktung eines Ortsdialektes - Eine Studie zur Weitergabe des Ortsdialektes in Mehrgenerationenhäusern am Beispiel von Scherbda/Wartburgkreis,Erfurt,x,E 004 Büro,links das zweite Regal,5. von oben,,54,
2948,"Löw, Konstanze",2014,Analyse der Funktion und Wirkungsweise von Werbung im Dialekt anhand zweier ausgewählter Beispiele,Jena,x,E 004 Büro,links das zweite Regal,5. von oben,,53,
2949,"Conrad, Cynthia",2015,Dialektlexikografische Studien zum Ortsdialekt von Tiefenort und Umgebung sowie Überlegungen zu sprachdidaktischen Ansätzen im Schulunterricht,Erfurt,x,E 004 Büro,links das zweite Regal,5. von oben,,100,
2950,"Mothes, Annemarie",2016,Untersuchungen zum Einfluss regionaler Sprache auf schriftliche Schülerleistungen im Deutschunterricht der Sekundarstufe I,Erfurt,x,E 004 Büro,links das zweite Regal,5. von oben,,56 + Anhang,
2951,"Kaden, Robert",2011,Untersuchungen zur aktuellen Sprachsituationen in Freiberg (Sachsen),Jena,x,E 004 Büro,links das zweite Regal,5. von oben,,115,
2952,"Stuckart, Anna",2013,Zur regionalen Sprachsituation in Rotterode - Diachrone Betrachtungen zu einem Thüringischen Ortsdialekt,Erfurt,x,E 004 Büro,links das zweite Regal,5. von oben,,42 + Anhang,
2953,"Hummel, Marcel",2017,Die Sprache des Nationalsozialismus - eine politolinguistische Untersuchung,Erfurt,x,E 004 Büro,links das zweite Regal,5. von oben,,99,
2954,"Anders, Jessica",2017,Niederdeutsch: Dialekt oder eigene Sprache,Jena,x,E 004 Büro,links das zweite Regal,5. von oben,,59,
2955,"Schumann, Christian",2017,"""Neusprech"" - Manipulation der Sprache im politischen Diskurs",Erfurt,x,E 004 Büro,links das zweite Regal,5. von oben,,70,
2956,"Theilig, Carolin",2018,Sprachgebrauch und Sprachbewertung im Landkreis Greiz,Zeulenroda-Triebes,x,E 004 Büro,links das zweite Regal,5. von oben,,44,
2957,"Offhauß, Vanessa",2018,Das thüringische Eichsfeld und seine regionalsprachlichen Besonderheiten - Soziolinguistische Betrachtungen am Beispiel von Heilbad Heiligenstadt,Erfurt,x,E 004 Büro,links das zweite Regal,5. von oben,,136,
2958,"Beyrodt, Vivian",2017,Studien zur aktuellen Dialektsituation in Unterschönau/Landkreis Schmalkalden-Meiningen,Erfurt,x,E 004 Büro,links das zweite Regal,5. von oben,,124,
2959,"Antos, Gerd, Fix, Ulla & Kühn, Ingrid (Hrsg.)",2001,"Deutsche Sprach- und Kommunikationserfahrungen zehn Jahre nach der ""Wende""",Frankfurt am Main,Thüringisches Wörterbuch Arbeitsstelle der FSU Jena und der Sächsischen Akademie der Wissenschaften zu Leipzig,E 004 Büro,links das dritte Regal,1. von oben,,279,Wittenberger Beiträge zu deutschen Sprache und Kultur Band 2
2960,"Hermann-Winter, Renate",1979,Studiem zur gesprochenen Sprache im Norden der DDR,Berlin,"FSU Jena Philosophische Fakultät. Institut für Germanistische Sprachwissenschaft. FG Deutsche Dialektologie / Soziolinguistik. Arbeitsstelle ""Thüringisches Wörterbuch""",E 004 Büro,links das dritte Regal,1. von oben,,270,Sprache und Gesellschaft Band 14
2961,"Haas, Walter &  Näf, Anton",1983,"Wortschatzprobleme om Alemannischen. 7. Arbeitstagung alemannischer Dialektologen Freiburg i.Ü., 1-3. Oktober 1981",Freiburg (Schweiz),Arbeitsstelle Thüringisches Wörterbuch,E 004 Büro,links das dritte Regal,1. von oben,,306,Germanistica Friburgensia 7
2962,"Birkmann, Andreas",1995,Verfassung des Freistaats Thüringen. Bekenntnis zum Freistaat,Erfurt,x,E 004 Büro,links das dritte Regal,1. von oben,,111,
2963,Kollektiv des Wissenschaftsbereichs Grundlagen der marxistisch-leninistischen Sprachtheorie der Sektion Sprachwissenschaft,1975,Beiträge zur marxistisch-leninistischen Sprachtheorie Band II,Jena,x,E 004 Büro,links das dritte Regal,1. von oben,,132,
2964,"Pohl, Lothar ",1974,Ideologie und Sprache,Jena,x,E 004 Büro,links das dritte Regal,1. von oben,,210,
2965,"Spitzbardt, Harry (Hrsg.)",1970,Sprache und Gesellschaft,Jena,x,E 004 Büro,links das dritte Regal,1. von oben,,293,
2966,"Wilhelmi, Bernd (Hrsg.)",1985,Umgangssprachen und Dialekte in der DDR,Jena,"FSU Jena Philosophische Fakultät. Institut für Germanistische Sprachwissenschaft. WB Germanistik. Abt. Mundartforschung / ""Thüringisches Wörterbuch""",E 004 Büro,links das dritte Regal,1. von oben,,191,Wissenschaftliche Beiträge der Friedrich-Schiller-Universität Jena 1986
2967,"Bahner, Werner & Neumann, Werner (Hrsg.)",1985,Sprachwissenschaftliche Germanistik. Ihre Herausbildung und Begründung,Berlin,"Sächsische Akademie der Wissenschaften zu Leipzig, Sprachwissenschaftliche Kommission, Arbeitsstelle Thüringisches Wörterbuch",E 004 Büro,links das dritte Regal,1. von oben,,398 + Anhang,
2968,"Holtus, Günter & Radtke, Edgar (Hrsg.)",1986,Sprachlicher Substandard,Tübingen,Universitätsbibliothek Jena,E 004 Büro,links das dritte Regal,1. von oben,,229,Konzepte der Sprach- und Literaturwissenschaft 36
2969,"Albrecht, Erhard",1967,Sprache und Erkenntnis- Logisch-linguistische Analysen,Berlin,FSU Jena Philosophische Fakultät. Institut für Germanistische Sprachwissenschaft. WB Germanistik. Abt. Mundartforschung ,E 004 Büro,links das dritte Regal,1. von oben,,328,
2970,"Berger, Horst",1965,Methoden indutriesoziologischer Untersuchungen,Berlin,x,E 004 Büro,links das dritte Regal,1. von oben,,126,
2971,"Pogarell, Rainer",1988,Linguistik im Industriebetrieb. Eine annotierte Auswahl-Bibliographie,Aachen,Arbeitsstelle Thüringisches Wörterbuch,E 004 Büro,links das dritte Regal,1. von oben,,110,
2972,"Scharnhorst, Jürgen & Ising, Erika (Hrsg.)",1976,Grundlagen der Sprachkultur. Beiträge der Prager Linguistik zur Sprachtheorie und Sprachpflege. Teil 1,Berlin,FSU Jena Philosophische Fakultät. Institut für Germanistische Sprachwissenschaft. WB Germanistik. Abt. Mundartforschung ,E 004 Büro,links das dritte Regal,1. von oben,,357,Sprache und Gesellschaft 8/1
2973,"Hartung, W. et.al.",1975,Probleme der Psycholinguistik,Berlin,FSU Jena Philosophische Fakultät. Institut für Germanistische Sprachwissenschaft. WB Germanistik. Abt. Mundartforschung ,E 004 Büro,links das dritte Regal,1. von oben,,229,Sprache und Gesellschaft 7
2974,"Lösch, Wolfgang (Hrsg.)",1993,Beiträge zur Dialektforschung in Thüringen. Heinz Rosenkranz zum 80. Geburtstag,Jena,x,E 004 Büro,links das dritte Regal,1. von oben,,159,
2975,"Fahning, Wolfgang & Spangenberg, Karl (Bearbeiter)",1987,Dialektlexikographie. Berichte und Analysen zur Arbeit an Dialektwörterbüchern,Jena,x,E 004 Büro,links das dritte Regal,1. von oben,,159,
2976,"Bausinger, Hermann",1999,Volkskunde. Von der Altertumforschung zur Kulturanalyse,Tübingen,Thüringisches Wörterbuch Arbeitsstelle der FSU Jena und der Sächsischen Akademie der Wissenschaften zu Leipzig,E 004 Büro,links das dritte Regal,1. von oben,,317,
2977,"Wähler, Martin",1940,Thüringische Volkskunde,Jena,Institut für Mundartforschung,E 004 Büro,links das dritte Regal,1. von oben,,553 + Anhang,
2978,"Schleicher, August",1858,Volkstümliches aus Sonneberg im Meininger Oberlande,Weimar,"Landesstelle für Thüringische Mundartenforschung Jena, Universität",E 004 Büro,links das dritte Regal,1. von oben,,158,
2979,"Grosse, Rudolf & Hutterer, Claus Jürgen",1961,Hochsprache und Mundart in Gebieten mit fremdpsrachigen Bevölkerungsteilen,Berlin,Institut für Mundartforschung,E 004 Büro,links das dritte Regal,1. von oben,,71,Berichte über die Verhandlungen der Sächsischen Akademie der Wissenschaften zu Leipzig. Philologisch-historische Klasse Band 105 Heft 5
2980,"Hutterer, Claus Jürgen",1960,Geschichte der ungardeutschen Mundartforschung,Berlin,Institut für Mundartforschung,E 004 Büro,links das dritte Regal,1. von oben,,96,Berichte über die Verhandlungen der Sächsischen Akademie der Wissenschaften zu Leipzig. Philologisch-historische Klasse Band 106 Heft 1
2981,"Jedig, Hugo",1966,Laut- und Formenbestand der niederdeutschen Mundart des Altai-Gebietes,Berlin,Institut für Mundartforschung,E 004 Büro,links das dritte Regal,1. von oben,,106,Berichte über die Verhandlungen der Sächsischen Akademie der Wissenschaften zu Leipzig. Philologisch-historische Klasse Band 112 Heft 5
2982,"Better, Walter",1937,Die persönlichen Fürwörter im thüringischen Sprachraum,Weimar,J85 FSU Jena Sektion Sprachwissenschaft WB Germanistik Abt. Mundartforschung/Thür. Wörterbuch,E 004 Büro,links das dritte Regal,2. von oben,,64 + 24 Pausblättern,
2983,"Kober, Julius",1962,Die Mundart der Stadt Suhl im Thüringer Wald,Marburg,x,E 004 Büro,links das dritte Regal,2. von oben,,166,Deutsche Dialektgeographie Band 63
2984,"Hankel, Carl",1913,Sprachgrenzen im nordöstlichen Thüringen,Halle (Saale),x,E 004 Büro,links das dritte Regal,2. von oben,,67,
2985,"Kirchner, Gustav",1913,Beiträge zur Abgrenzung des Zentralthüringischen,Borna-Leipzig,x,E 004 Büro,links das dritte Regal,2. von oben,,34,
2986,"Kürsten, Otto",1901,Phonetik und Vokalismus der nordostthüringischen Mundart von Buttelstedt vei Weimar,Leipzig,x,E 004 Büro,links das dritte Regal,2. von oben,,39,
2987,"Ehrlicher, Karl",1906,"Zur Synatx der Sonneberger Mundart. Gebrauch der Interjection, des Substantivs und des Adjectivs",Leipzig,J85 FSU Jena Sektion Sprachwissenschaft Wissenschaftsbereich Deutsch Abt. Mundartforschung,E 004 Büro,links das dritte Regal,2. von oben,,81,
2988,"Schaub, Johannes",1987,"""Zellreedsch"" eine Mundart im Thüringischen Vogtland. Eine Sammlung von mundartlichen Ausrücken, Redewendungen, Kinderreimen, -spielen und Gebräuchen aus Zeulenroda",Braunschweig,J85 FSU Jena Sektion Sprachwissenschaft WB Germanistik Abt. Mundartforschung/Thür. Wörterbuch,E 004 Büro,links das dritte Regal,2. von oben,,61,
2989,"Jünger-Geier, Ursula",1989,Die Ortssprache des rheinischen Dorfes Kelzenberg,Köln/Wien,"Sächsische Akademie der Wissenschaften zu Leipzig, Sprachwissenschaftliche Kommission, Arbeitsstelle Thüringisches Wörterbuch",E 004 Büro,links das dritte Regal,2. von oben,,327,Rheinisches Archiv 126
2990,"Schulze, Gerhard",1992,Die Erlebnisgesellschaft. Kultursoziologie der Gegenwart,Frankfurt/New York,Arbeitsstelle Thüringisches Wörterbuch,E 004 Büro,links das dritte Regal,2. von oben,,765,
2991,"Agricola, Erhard",1962,Wörter und Wendungen. Wörterbuch zum deutschen Sprachgebrauch,Leipzig,Institut für Mundartforschung,E 004 Büro,links das dritte Regal,2. von oben,,792,
2992,"König, René",1956,Soziologie der Gemeinde,Köln/Opladen,Arbeitsstelle Thüringisches Wörterbuch,E 004 Büro,links das dritte Regal,2. von oben,,229,Kölner Zeitschrift für Soziologie und Sozialpsychologie Sonderheft 1
2993,"Schönfelder, Karl-Heinz",1957,Deutsches Lehngut im amerikanischen Englisch,Halle (Saale),J85 FSU Jena Sektion Sprachwissenschaft,E 004 Büro,links das dritte Regal,2. von oben,,288,
2994,"Glinz, Hans",1965,Grundbegriffe und Methoden inhaltsbezogener Text- und Sprachanalyse,Düsseldorf,x,E 004 Büro,links das dritte Regal,2. von oben,,172,Sprache und Gemeinschaft. Im Auftrag eines Arbeitskreises für deutsche Sprache herausgegeben von Leo Weisgerber. Grundlegung/Band III
2995,"Apresjan, Ju. D.",1971,Ideen und Methoden der modernen strukturellen Linguistik,Berlin,Arbeitsstelle Thüringisches Wörterbuch,E 004 Büro,links das dritte Regal,2. von oben,,300,Sammlung Akademie-Verlag 12 Sprache
2996,"Herberg, Dieter & Kinne, Michael",1998,Neologismen,Heidelberg,x,E 004 Büro,links das dritte Regal,2. von oben,,48,Studienbibliographien Sprachwissenschaft 23
2997,"Boost, Karl",1964,Neue Untersuchungen zum Wesen und zur Struktur des deutschen Satzes. Der Satz als Spannungsfeld (5. Nachdruck),Berlin,DAW Institut für deutsche Sprache und Literatur,E 004 Büro,links das dritte Regal,2. von oben,,88,Deutsche Akademie der Wissenschaften zu Berlin. Veröffentlichungen des Instituts für Deutsche Sprache und Literatur 4
2998,Deutsche Akademie der Wissenschaften zu Berlin,1969,Zur phonetischen und phonologischen Untersuchung prosodischer Merkmale,Berlin,x,E 004 Büro,links das dritte Regal,2. von oben,,71,
2999,"Hansel, Johannes",1991,Bücherkunde für Germanisten. Studienasugabe (9. neubearbeitete Auflage),Berlin,"Sächsische Akademie der Wissenschaften zu Leipzig, Sprachwissenschaftliche Kommission, Arbeitsstelle Thüringisches Wörterbuch",E 004 Büro,links das dritte Regal,2. von oben,,232,
3000,"Ruzicka, Rudolf",1968,Probleme der strukturellen Grammatik und Semantik,Leipzig,FSU Jena Sektion Sprachwissenschaft Fachbereich Deutsch Mundartforschung,E 004 Büro,links das dritte Regal,2. von oben,,292,Linguistische Studien
3001,"Strocka, Volker Michael (Hg.)",2000,Die Deutschen und ihre Sprache. Reflexion über ein unsicheres Verhältnis,Bremen,Thüringisches Wörterbuch Arbeitsstelle der FSU Jena und der Sächsischen Akademie der Wissenschaften zu Leipzig,E 004 Büro,links das dritte Regal,2. von oben,,156,
3002,"Braune, Wilhelm",1955,Althochdeutsche Grammatik,Halle (Saale),Institut für Mundartforschung,E 004 Büro,links das dritte Regal,2. von oben,,362,
3003,"Große, Rudolf  ",1953-1983,Beiträge zur Sprachgeschichte und Soziolinguistik,Leipzig,"J85 Sächsische Akademie der Wissenschaften zu Leipzig, Sprachwissenschaftliche Kommission, Arbeitsstelle Thüringisches Wörterbuch",E 004 Büro,links das dritte Regal,2. von oben,,433,
3004,"Besch, Werner & Mattheier, Klaus J.",1985,Ortssprachenforschung. Beiträge zu einem Bonner Kolloquium,Berlin,J85 FSU Jena Sektion Sprachwissenschaft WB Germanistik Abt. Mundartforschung/Thür. Wörterbuch,E 004 Büro,links das dritte Regal,2. von oben,,319,
3005,"Cherubim, Dieter",1975,Sprachwandel. Reader zur diachronischen Sprachwissenschaft,Berlin/New York,"Sächsische Akademie der Wissenschaften zu Leipzig, Sprachwissenschaftliche Kommission, Arbeitsstelle Thüringisches Wörterbuch",E 004 Büro,links das dritte Regal,2. von oben,,368,Grundlagen der Kommunikation Hrsg. Roland Posner
3006,"Kunzmann, Peter; Burkard, Franz-Peter; Wiedmann, Franz",2005,Philosophie (12. Aufl.),München,x,E 004 Büro,links das dritte Regal,2. von oben,,260,
3007,"Erben, Johannes",1958,Abriss der deutschen Grammatik,Berlin,Institut für Sprachpflege und Wortforschung der FSU Jena,E 004 Büro,links das dritte Regal,2. von oben,,208,
3008,"Heidolph, Karl Erich; Flämig Walter; Motsch, Wolfgang",1981,Grundzüge einer deutschen Grammatik,Berlin,"Sächsische Akademie der Wissenschaften zu Leipzig, Sprachwissenschaftliche Kommission, Arbeitsstelle Thüringisches Wörterbuch",E 004 Büro,links das dritte Regal,2. von oben,,1028,
3009,"Seebold, Elmar (Bearbeiter)",1989,Kluge. Etymologisches Wörterbuch der deutschen Sprache. 22. Auflage,"Berlin, New York",Arbeitsstelle Thüringisches Wörterbuch,E 004 Büro,links das dritte Regal,2. von oben,,921,
3010,"Seebold, Elmar (Bearbeiter)",1999,Kluge. Etymologisches Wörterbuch der deutschen Sprache. 23. erweiterte Auflage,"Berlin, New York","Sächsische Akademie der Wissenschaften zu Leipzig, Sprachwissenschaftliche Kommission, Arbeitsstelle Thüringisches Wörterbuch",E 004 Büro,links das dritte Regal,2. von oben,,822,
3011,"Martini, Fritz",1956,Das Wagnis der Sprache. Interpretation deutscher Proda von Nietzsche bis Benn,Stuttgart,Institut für Sprechwissenschaftan der Universität Jena,E 004 Büro,links das dritte Regal,2. von oben,,529,
3012,"Neubert, Albrecht",1962,Semantischer Positivismus in den USA. Ein kritischer Beitrag der Zusammenhänge zwischen Sprache und Gesellschaft,Halle (Saale),Institut für Mundartforschung,E 004 Büro,links das dritte Regal,2. von oben,,380,
3013,"Werner, Otmar",1973,Einführung in die strukturelle Beschreibung des Deutschen Teil (,Tübingen,Universitätsbibliothek Jena,E 004 Büro,links das dritte Regal,2. von oben,,110,
3014,"Althaus, Hans Peter, Henne, Helmut & Wiegand, Herbert Ernst (Hrsg.)",1980,Lexikon der Germanistischen Linguistik- Studienaufgabe III,Tübingen,"Sächsische Akademie der Wissenschaften zu Leipzig, Sprachwissenschaftliche Kommission, Arbeitsstelle Thüringisches Wörterbuch",E 004 Büro,links das dritte Regal,2. von oben,,445-632,
3015,"Graur, Al.",1974,Einführung in die Sprachwissenschaft. Von einem Kollektiv unter der Leitung von Al. Graur,Berlim,"Sächsische Akademie der Wissenschaften zu Leipzig, Sprachwissenschaftliche Kommission, Arbeitsstelle Thüringisches Wörterbuch",E 004 Büro,links das dritte Regal,2. von oben,,590,
3016,"Rubinstein, S.L.",1968,Grundlagen der allgemeinen Psychologie,Berlin,DAW Institut für deutsche Sprache und Literatur,E 004 Büro,links das dritte Regal,2. von oben,,880,
3017,"Ruoff, Arno",1973,Grundlagen und Methoden der Untersuchung gesprochener Sprache,Tübingen,Universitätsbibliothek Jena,E 004 Büro,links das dritte Regal,3. von oben,,405,"Idiomatica. Veröffentlichungen der Tübinger Arbeitsstelle ""Sprache in Südwestdeutschland"" Band 1"
3018,"Friedrich, Wolf",1976,Moderne Deutsche Idiomatik. Alphabetisches Wörterbuch mit Definitionen und Beispielen,München,Universitätsbibliothek Jena,E 004 Büro,links das dritte Regal,3. von oben,,565,
3019,"Henzen, Walter",1947,Deutsche Wortbildung,Halle (Saale),"Landesstelle für Thüringische Mundartenforschung Jena, Universität",E 004 Büro,links das dritte Regal,3. von oben,,307,Sammlung kurzer Grammatiken B. Ergänzungsreihe. Nr. 5
3020,"Krieser, Otto",1972,Diatopik eines Wortschatzes nach Sachgruppen. Dialektuntersuchung des Kreises Liebenwerda. Karten- und Registerband,Giessen,FSU Jena Philosophische Fakultät. Institut für Germanistische Sprachwissenschaft. WB Germanistik. Abt. Mundartforschung ,E 004 Büro,links das dritte Regal,3. von oben,,36 + Karten,"Deutsche Wortforschung in europäischen Bezügen. Untersuchungen zum Deutschen Wortatlas. Band 6,2"
3021,"Fleischer, Wolfgang",1982,Phraseologie der deutschen Gegenwartssprache,Leipzig,FSU Jena Philosophische Fakultät. Institut für Germanistische Sprachwissenschaft. WB Germanistik. Abt. Mundartforschung ,E 004 Büro,links das dritte Regal,3. von oben,,250,
3022,"Hartmann, Dietrich",1998,"""Das Geht auf keine Kuhhaut"" Arbeitsfelder der Phraseologie. Akten des Westfälischen Arbeitskreises Phraseologie/Parömiologie 1996",Bochum,Thüringisches Wörterbuch Arbeitsstelle der FSU Jena und der Sächsischen Akademie der Wissenschaften zu Leipzig,E 004 Büro,links das dritte Regal,3. von oben,,327,
3023,"Fleischer, Wolfgang",1969,Wortbildung der deutschen Gegenwartssprache,Leipzig,FSU Jena Philosophische Fakultät. Institut für Germanistische Sprachwissenschaft. WB Germanistik. Abt. Mundartforschung ,E 004 Büro,links das dritte Regal,3. von oben,,327,
3024,"Stepanowa, M.D. & Fleischer, Wolfgang",1985,Grundzüge der deutschen Wortbildung,Leipzig,"FSU Jena Philosophische Fakultät. Institut für Germanistische Sprachwissenschaft. WB Germanistik. Abt. Mundartforschung / ""Thüringisches Wörterbuch""",E 004 Büro,links das dritte Regal,3. von oben,,236,
3025,"Fleischer, Wolfgang et.al.",1987,Wortschatz der deutschen Sprache in der DDR. Fragen des Aufbaus und seiner Verwendungsweise,Leipzig,"FSU Jena Philosophische Fakultät. Institut für Germanistische Sprachwissenschaft. WB Germanistik. Abt. Mundartforschung / ""Thüringisches Wörterbuch""",E 004 Büro,links das dritte Regal,3. von oben,,366,
3026,"Kolschanski, G.W.",1984,Kommunikative Funktion und Struktur der Sprache,Leipzig,"FSU Jena Philosophische Fakultät. Institut für Germanistische Sprachwissenschaft. WB Germanistik. Abt. Mundartforschung / ""Thüringisches Wörterbuch""",E 004 Büro,links das dritte Regal,3. von oben,,145,
3027,"Sommerfeldt, Karl-Ernst (Hrsg.)",1988,Entwicklungstendenzen in der deutschen Gegenwartssprache,Leipzig,"FSU Jena Philosophische Fakultät. Institut für Germanistische Sprachwissenschaft. WB Germanistik. Abt. Mundartforschung / ""Thüringisches Wörterbuch""",E 004 Büro,links das dritte Regal,3. von oben,,267,
3028,"Dornseiff, Franz",1934,Der deutsche Wortschatz nach Sachgruppen,"Berlin, Leipzig",Institut für Mundartforschung,E 004 Büro,links das dritte Regal,3. von oben,,509,
3029,"Munske, Horst Haider, von Polenz, Peter, Reichmann, Oskar & Hildebrandt, Reiner",1988,Deutscher Wortschatz. Lexikologische Studien. Ludwig Erich Schmitt zum 80.Geburtstag vons einen Marburger Schülern,"Berlin, New York",FSU Jena Philosophische Fakultät. Institut für Germanistische Sprachwissenschaft. WB Germanistik. Abt. Mundartforschung ,E 004 Büro,links das dritte Regal,3. von oben,,927,
3030,"Hinnenkamp, Volker & Selting, Marget",1989,Stil und Stilisierung. Arbeiten zur interpretativen Soziolinguistik,Tübingen,Arbeitsstelle Thüringisches Wörterbuch,E 004 Büro,links das dritte Regal,3. von oben,,293,Linguistische Arbeiten 235
3031,"Harnisch, Rüdiger",1987,Natürliche generative Morphologie und Phonologie des Dialekts von Ludwigsstadt. Die Erprobung eines Grammatikmodells an einem einzelsprachlichen Gesamtsystem,Tübingen,Thüringisches Wörterbuch Arbeitsstelle der FSU Jena und der Sächsischen Akademie der Wissenschaften zu Leipzig,E 004 Büro,links das dritte Regal,3. von oben,,331,Linguistische Arbeiten 190
3032,"Römer, Christine & Matzke, Brigitte",2005,Lexikologie des Deutschen. Eine Einführung,Tübingen,x,E 004 Büro,links das dritte Regal,3. von oben,,236,
3033,"Schippan, Thea",1984,Lexikologie der deutschen Gegenwartssprache,Leipzig,"FSU Jena Philosophische Fakultät. Institut für Germanistische Sprachwissenschaft. WB Germanistik. Abt. Mundartforschung / ""Thüringisches Wörterbuch""",E 004 Büro,links das dritte Regal,3. von oben,,307,
3034,"Starke, G. & Sommerfeldt, K.-E.",1988,Einführung in die Grammatik der deutschen Gegenwartssprache,Leipzig,"FSU Jena Philosophische Fakultät. Institut für Germanistische Sprachwissenschaft. WB Germanistik. Abt. Mundartforschung / ""Thüringisches Wörterbuch""",E 004 Büro,links das dritte Regal,3. von oben,,327,
3035,Gesellschaft für Deutsche Sprache (Hrsg.),1993,Wörter und Unwörter: Sinniges und Unsinniges der deutschen Gegenwartssprache,Niedernhausen,"Sächsische Akademie der Wissenschaften zu Leipzig, Sprachwissenschaftliche Kommission, Arbeitsstelle Thüringisches Wörterbuch",E 004 Büro,links das dritte Regal,3. von oben,,175,
3036,"Burger, Harald",1998,Phraseologie. Eine Einführung am Beispiel des Deutschen,Berlin,Thüringisches Wörterbuch Arbeitsstelle der FSU Jena und der Sächsischen Akademie der Wissenschaften zu Leipzig,E 004 Büro,links das dritte Regal,3. von oben,,224,Grundlagen der Germanistik 36
3037,"Römer, Christine  ",2006,Morphologie der deutschen Sprache,"Tübingen, Basel",x,E 004 Büro,links das dritte Regal,3. von oben,,265,
3038,"Weise, Oskar",1919,Unsere Muttersprache. Ihre Werden und ihr Wesen,"Leipzig, Berlin",Institut für Mundartforschung,E 004 Büro,links das dritte Regal,3. von oben,,292,
3039,"Weise, Oskar",1925,Wanderungen auf dem Gebiete der deutschen Sprachgeschichte und Wortbedeutung,Jena,Institut für Mundartforschung,E 004 Büro,links das dritte Regal,3. von oben,,111,
3040,,1967,Satz und Wort im heutigen Deutsch. Probleme und Ergebnisse neuerer Forschung. Jahrgang 1965/1966,Düsseldorf,DAW Institut für deutsche Sprache und Literatur,E 004 Büro,links das dritte Regal,3. von oben,,415,Sprache der Gegenwart. Schriften des Instituts für deutsche Sprache in Mannheim Band 1
3041,"Greule, Albrecht, Scheuerer, Franz Xaver, Zehetner, Ludwig (Hrsg.)",2000,"Vom Sturz der Diphthonge. Beiträge zur 7. Arbeitstagung für bayerisch-österreichische Dialektologie in Regensburg, Septmeber 1998",Tübingeb,Thüringisches Wörterbuch Arbeitsstelle der FSU Jena und der Sächsischen Akademie der Wissenschaften zu Leipzig,E 004 Büro,links das dritte Regal,3. von oben,,284,Tübinger Beiträge zur Linguistik 450
3042,"Hentschel, Elke & Weydt, Harald",1990,Handbuch der deutschen Grammatik,"Berlin, New York",Universitätsbibliothek Jena,E 004 Büro,links das dritte Regal,3. von oben,,451,
3043,"Mikosch, Ingrid",1987,Die Präpositionen in gesprochener Sprache,Tübingen,FSU Jena Sektion Sprachwissenschaft Fachbereich Deutsch Mundartforschung,E 004 Büro,links das dritte Regal,3. von oben,,219,"Idiomatica. Veröffentlichungen der Tübinger Arbeitsstelle ""Sprache in Südwestdeutschland"" Band 14"
3044,"Schröder, Marianne & Fix, Ulla",1997,Allgemeinwortschatz der DDR-Bürger - nach Sachgruppen geordnet und linguistisch kommentiert,Heidelberg,Thüringisches Wörterbuch Arbeitsstelle der FSU Jena und der Sächsischen Akademie der Wissenschaften zu Leipzig,E 004 Büro,links das dritte Regal,3. von oben,,197,Sprache- Literatur und Geschichte 14
3045,"Bauer, Hans & Leander, Pontus",1933,Hebräische Schulgrammatik,Halle (Saale),Institut für Mundartforschung,E 004 Büro,links das dritte Regal,3. von oben,,82 + Tabellen,
3046,"Schlobinski, Peter (Hrsg.",1997,Syntax der Gesprochenen Deutsch,Opladen,Thüringisches Wörterbuch Arbeitsstelle der FSU Jena und der Sächsischen Akademie der Wissenschaften zu Leipzig,E 004 Büro,links das dritte Regal,3. von oben,,283,
3047,"Rowley, Anthony (Hrsg.)",1980,Sprachliche Orientierung I. Untersuchungen zur Morphologie uns Semantik der Richtungsadverbien in oberdeutschen Mundarten,Bayreuth,FSU Jena Sektion Sprachwissenschaft  ,E 004 Büro,links das dritte Regal,3. von oben,,296,Bayreuther beiträge zur Sprachwissenschaft - Dialektologie 1
3048,"Schabus, Sieglinde",1982,Die Präfixverben in den südbairischen Dialekten Kärntens,Wien,x,E 004 Büro,links das dritte Regal,3. von oben,,194,Schriften zur deutschen Sprache in Österreich Band 8
3049,"Brinker, Klaus",1992,Linguistische Textanalyse. Eine Einführung in die Grundbegriffe und Methoden,Berlin,"Sächsische Akademie der Wissenschaften zu Leipzig, Sprachwissenschaftliche Kommission, Arbeitsstelle Thüringisches Wörterbuch",E 004 Büro,links das dritte Regal,3. von oben,,163,Grundlagen der Germanistik 29
3050,"Brinker, Klaus & Sager, Sven F.",1989,Linguistische Gesprächsanalyse. Eine Einführung,Berlin,"Sächsische Akademie der Wissenschaften zu Leipzig, Sprachwissenschaftliche Kommission, Arbeitsstelle Thüringisches Wörterbuch",E 004 Büro,links das dritte Regal,3. von oben,,206,Grundlagen der Germanistik 30
3051,"Schildt, J.",1977,"Erbe, Vermächtnis und Verpflichtung. Zur sprachwissenschaftlichen Forschung in der Geschichte der AdW der DDR",Berlin,"FSU Jena Philosophische Fakultät. Institut für Germanistische Sprachwissenschaft. WB Germanistik. Abt. Mundartforschung / ""Thüringisches Wörterbuch""",E 004 Büro,links das dritte Regal,3. von oben,,141,Sprache und Gesellschaft Band 10 
3052,"Kaznelson, S.D.",1974,Sprachtyplologie und Sprachdenken,Berlin,"Sächsische Akademie der Wissenschaften zu Leipzig, Sprachwissenschaftliche Kommission, Arbeitsstelle Thüringisches Wörterbuch",E 004 Büro,links das dritte Regal,3. von oben,,272,Sprache und Gesellschaft Band 5
3053,"Henzen, Walter",1938,Schriftsprache und Mundarten. Ein Überblick über ihr Verhältnis und ihre Zwischenstufe im Deutschen,"Zürich, Leipzig",Thüringisches Wörterbuch Arbeitsstelle der FSU Jena und der Sächsischen Akademie der Wissenschaften zu Leipzig,E 004 Büro,links das dritte Regal,3. von oben,,268,
3054,"Paul, Hermann",1937,Prinzipien der Sprachgeschichte,Halle (Saale),"Landesstelle für Thüringische Mundartenforschung Jena, Universität",E 004 Büro,links das dritte Regal,3. von oben,,428,
3055,"Besch, Werner, Knopp, Ulrich, Putschke, Wolfgang & Wiegand, Herbert Ernst (Hrsg.)",1982,Dialektologie. Ein Handbuch zur deutschen und allgemeinen Dialektforschung. Erster Halbband,"Berlin, New York","FSU Jena Philosophische Fakultät. Institut für Germanistische Sprachwissenschaft. WB Germanistik. Abt. Mundartforschung / ""Thüringisches Wörterbuch""",E 004 Büro,links das dritte Regal,4. von oben,,806,Handbücher zur Sprach- und Kommunikationswissenschaft Band 1.1
3056,"Besch, Werner, Knopp, Ulrich, Putschke, Wolfgang & Wiegand, Herbert Ernst (Hrsg.)",1983,Dialektologie. Ein Handbuch zur deutschen und allgemeinen Dialektforschung. Zweiter Halbband,"Berlin, New York","FSU Jena Philosophische Fakultät. Institut für Germanistische Sprachwissenschaft. WB Germanistik. Abt. Mundartforschung / ""Thüringisches Wörterbuch""",E 004 Büro,links das dritte Regal,4. von oben,,807-1714,Handbücher zur Sprach- und Kommunikationswissenschaft Band 1.2
3057,"Schank, Gerd & Schoenthal, Gisela ",1976,Gesprochene Sprache. Eine Einführung in Forschungsansätz und Analysemethoden,Tübingen,Universitätsbibliothek Jena,E 004 Büro,links das dritte Regal,4. von oben,,119,Germanistische Arbeitshefte 18
3058,"Herrlitz, Wolfgang",1970,Historische Phonologie des Deutschen. Teil 1: Vokalismus,Tübingen,Universitätsbibliothek Jena,E 004 Büro,links das dritte Regal,4. von oben,,110,Germanistische Arbeitshefte 3
3059,"Niebaum, Hermann & Macha, Jürgen",1999,Einführung in die Dialektologie des Deutschen ,Tübingen,Thüringisches Wörterbuch Arbeitsstelle der FSU Jena und der Sächsischen Akademie der Wissenschaften zu Leipzig,E 004 Büro,links das dritte Regal,4. von oben,,226,Germanistische Arbeitshefte 37
3060,"Mattheier, Klaus & Wiseinger, Peter (Hrsg.)",1994,Dialektologie des Deutschen. Forschungsstand und Entwicklungstendenzen,Tübingen,Arbeitsstelle Thüringisches Wörterbuch,E 004 Büro,links das dritte Regal,4. von oben,,464,Reihe Germanistische Linhuistik 147
3061,"Schmeller, Andreas",1821,Die Mundarten Bayern,München,"Sächsische Akademie der Wissenschaften zu Leipzig, Sprachwissenschaftliche Kommission, Arbeitsstelle Thüringisches Wörterbuch",E 004 Büro,links das dritte Regal,4. von oben,,176,
3062,"Spiewok, Wolfgang",1976,Wörterbuch Grammatischer Termini,Greifswald,FSU Jena Philosophische Fakultät. Institut für Germanistische Sprachwissenschaft. WB Germanistik. Abt. Mundartforschung ,E 004 Büro,links das dritte Regal,4. von oben,,227,
3063,Dudenredaktion,1996,Duden. Rechtschreibung der deutschen Sprache. Duden Band 1,"Mannheim, Leipzig, Wien, Zürich",Thüringer Universitäts- und Landesbibiothek Jena,E 004 Büro,links das dritte Regal,4. von oben,,860,
3064,"König, Werner",1978,dtv-Atlas zur deutschen Sprache. Tafeln und Texte,München,Universitätsbibliothek Jena,E 004 Büro,links das dritte Regal,4. von oben,,248,
3065,"Bußmann, Hadumod",1990,Lexikon der Sprachwissenschaft,Stuttgart,Universitätsbibliothek Jena,E 004 Büro,links das dritte Regal,4. von oben,,885 + Karten,Kröners Taschenbuchausgabe Band 452
3066,"Mentrup, Wolfgang (Hg.)",1982,Konzepte zur Lexikographie. Studien zur Bedeutungserklärung in einsprachigen Wörterbüchern,Tübingen,"FSU Jena Philosophische Fakultät. Institut für Germanistische Sprachwissenschaft. WB Germanistik. Abt. Mundartforschung / ""Thüringisches Wörterbuch""",E 004 Büro,links das dritte Regal,4. von oben,,188,Reihe Germanistische Linhuistik 38
3067,"Friebertshäuser, Hans (Hg.)",1986,"Lexikographie der Dialekte. Beiträge zu geschichte, Theorie und Praxis",Tübingen,"FSU Jena Philosophische Fakultät. Institut für Germanistische Sprachwissenschaft. WB Germanistik. Abt. Mundartforschung / ""Thüringisches Wörterbuch""",E 004 Büro,links das dritte Regal,4. von oben,,260,Reihe Germanistische Linhuistik 59
3068,"Dückert, Joachim (Hg.)",1987,Das Grimmsche Wörterbuch. Untersuchungen zur lexikographischen Methologie,Leipzig,"Sächsische Akademie der Wissenschaften zu Leipzig, Sprachwissenschaftliche Kommission, Arbeitsstelle Thüringisches Wörterbuch",E 004 Büro,links das dritte Regal,4. von oben,,200 + Anhang,
3069,"Bach, Adolf",1950,"Deutsche Mundartforschung. Ihre Wege, Ergebnisse und Aufgaben",Heidelberg,Institut für Mundartforschung,E 004 Büro,links das dritte Regal,4. von oben,,335,Veröffentlichung des Instituts für geschichtliche Landeskunde der Rheinlande an der Universität Bonn
3070,"Schwarz, Ernst",1950,Die deutschen Mundarten,Göttingen,Institut für Mundartforschung,E 004 Büro,links das dritte Regal,4. von oben,,202,
3071,"Schmidt, Wilhelm",1966,Lexikalische und aktuelle Bedeutung. Ein Beitrag zur Theorie der Wortbedeutung ,Berlin,Institut für Mundartforschung,E 004 Büro,links das dritte Regal,4. von oben,,130,"Schriften zur Phonetik, Sprachwissenschaft und Kommunikationsforschung 7"
3072,"Werlen, Erika",1984,Studien zur Datenerhebung in der Dialektologie,Wiesbaden,FSU Jena Philosophische Fakultät. Institut für Germanistische Sprachwissenschaft. WB Germanistik. Abt. Mundartforschung ,E 004 Büro,links das dritte Regal,4. von oben,,369,Zeitschrift für Dialektologie und Linguistik Beihefte. Heft 46
3073,"Mausser, Otto",1932,Mittelhochdeutsche Grammatik. II. Teil: Historische Lautlehre,München,"Landesstelle für Thüringische Mundartenforschung Jena, Universität",E 004 Büro,links das dritte Regal,4. von oben,,576,Huebers Kurze Grammatiken
3074,"Mausser, Otto",,Mittelhochdeutsche Grammatik. III. Teil: Laut- und Formenlehre,München,Institut für Mundartforschung,E 004 Büro,links das dritte Regal,4. von oben,,577- 1373,Huebers Kurze Grammatiken
3075,"Karstien, Carl",1939,"Historische Deutsche Grammatik. Erster Band: Geschichtliche Einleitung, Lautlehre ",Heidelberg,Institut für Mundartforschung,E 004 Büro,links das dritte Regal,4. von oben,,200,Sammlungen Germanischer Elementar- und Handbücher. Erste Reihe: Grammatiken. Zwanzigster Band
3076,"Paul, Hermann",1950,Mittelhochdeutsche Grammatik,Halle (Saale),"Landesstelle für Thüringische Mundartenforschung Jena, Universität",E 004 Büro,links das dritte Regal,4. von oben,,292,
3077,"Weigel, Karl Theodor",1935,Runen und Sinnbilder,Berlin,FSU Jena Philosophische Fakultät. Institut für Germanistische Sprachwissenschaft. WB Germanistik. Abt. Mundartforschung ,E 004 Büro,links das dritte Regal,4. von oben,,83,
3078,"Lapczyna, Marie Luise",2012,Wissenschaftliche Territorialwörterbuch versus populärwissenschaftliches Ortswörterbuch - Dialektlexikographische Betrachtungen im vergleich,Gera,x,E 004 Büro,links das dritte Regal,5. von oben,,41,
3079,"Kempter, Hans",2013,"Linguistische Studien zum Basisdialekt in Oberschönau, Landkreis Schmalkalden-Meiningen",Bürgel,x,E 004 Büro,links das dritte Regal,4. von oben,,43,
3080,"Krenzer, Jessica",2019,Französischer Wortschatz im Rheinhessischen: Eine lexikologische Studie am Beispiel der Region um Mainz,Jena,x,E 004 Büro,links das dritte Regal,4. von oben,,90,
3081,"Martini, Stefanie Charlotte",2019,Zur regionalen Sprachsituation in Lucka - Eine soziolinguistische Studie im ostthüringischen Raum,Erfurt,x,E 004 Büro,links das dritte Regal,4. von oben,,80 + Anhang,
3082,"Gawlik, Jan",2012,Das Altenburgische - Linguistische Studiem zu einer ostthüringischen Sprachvarietät,Jena,x,E 004 Büro,links das dritte Regal,4. von oben,,68,
3083,"Böhmchen, Sophie",2012,Eine empirische Studie zur Wahrnehmung der Haltestellenansage in öffentlichen Verkehrsmitteln,Jena,x,E 004 Büro,links das dritte Regal,4. von oben,,107,
3084,"Brack, Dominik",2017,Dialektgebrauch zwischen Ablehnung und Anerkennung. Eine Untersuchung zur Dialektsozilogie im thüringischen Raum,Erfurt,x,E 004 Büro,links das dritte Regal,4. von oben,,86,
3085,"Klisch, Anika",2019,"""Un Platz häscht och gnug"" - Der Mediale Nutzen von Dialekt in Werbung",Jena,x,E 004 Büro,links das dritte Regal,4. von oben,,88,
3086,"Espe, Julia-Christin",2019,Vergleichende Studien zur regionalen Sprachsituation in Weimar,Jena,x,E 004 Büro,links das dritte Regal,4. von oben,,93,
3087,"Sahr, Annika",2016,Soziolinguistische Analyse zum Ortsdialekt von Hartha im Obersächsischen,Jena,x,E 004 Büro,links das dritte Regal,4. von oben,,43 + Anhang,
3088,"Just, Julia",2016,Regionale Sprache in Rudolstadt - Eine dialektlexikographische Studie,Erfurt,x,E 004 Büro,links das dritte Regal,4. von oben,,60 + Anhang,
3089,"Orlamünder, Lisa",2016,"Zum Einfluss der Umgangssprache auf Schülerleistungen im Deutschunterricht. Eine empirische Studie an der Staatlichen Gemeinschaftsschule ""Lobdeburgschule"" Jena",Erfurt,x,E 004 Büro,links das dritte Regal,4. von oben,,114,
3090,"Pechstein, Jonas",2017,Dialektologische Studien zur Sprachvarianz in Burkhardtsdorf im Erzgebirgskreis,Erfurt,x,E 004 Büro,links das dritte Regal,4. von oben,,63,
3091,"Altmann, Wilhelm Konrad",2018,Dialektlexikographiosche Studien zum Ortsdialekt von Römhild (Landkreis Hildburghausen),Jena,x,E 004 Büro,links das dritte Regal,4. von oben,,40,
3092,"Koesling, Karoline",2014,"Kevin, Justin und Chantal: Das Phänomen der sozialen Wahrnehmung von Namen",Jena,x,E 004 Büro,links das dritte Regal,4. von oben,,48 + Anhang,
3093,"Koch, Luisa Maria",2015,Die Dialektregion um den I-Berg im Landkreis Eichsfeld - Eine Systemlinguistische Studie,Jena,x,E 004 Büro,links das dritte Regal,4. von oben,,102 + Anhang,
3094,"Rücker, Anna",2017,Lexikographische Studien zum Ortsdialekt von Mühlhausen,Erfurt,x,E 004 Büro,links das dritte Regal,4. von oben,,183,
3095,"Hoffmann, Carola",2017,Anglizismen im Printjournalismus - Ein linguistische Untersuchung zur Verwendung und zur Wirkung englischer Wörter in deutschen Printmagazinen,Jena,x,E 004 Büro,links das dritte Regal,4. von oben,,82,
3096,"Wiesicke, Elisabeth",2011,Studien zur aktuellen Dialektsituation in Apolda,Jena,x,E 004 Büro,links das dritte Regal,4. von oben,,54 + Anhang,
3097,"Koseling, Karoline",2016,"""geschlechtergerechte Sprache"" - Die feministische Linguistik im Fokus der Sprachwissenschaft",Jena,x,E 004 Büro,links das dritte Regal,4. von oben,,84 + Anhang,
3098,"Simon, Anika",2017,Zielgruppenansprache in der Online-Werbung. Eine linguistische Diskurssprache zur Interaktion in der Werbesprache,Jena,x,E 004 Büro,links das dritte Regal,4. von oben,,82 + Anhang ,
3099,"Lenke, Aike",2018,Betrachtungen zum Stadtdialekt von Gotha - Eine systemlinguistische Studie,Erfurt,x,E 004 Büro,links das dritte Regal,4. von oben,,59,
3100,"Mayer, Maximilian",2015,Pruristische Bestrebungen im 17. und 19. Jahrhundert - im Vergleich,Jena,x,E 004 Büro,links das dritte Regal,4. von oben,,35,
3101,"Schinke, Franziska",2014,Einfluss der regionalen Sprache auf Schülerleistungen im Deutschunterricht - Untersuchungen im Bördelandkreis,Erfurt,x,E 004 Büro,links das dritte Regal,4. von oben,,51 + Anhang,
3102,"Baade, Freya",2015,"Niederdeutsch im 21, Jahrhundert",Jena,x,E 004 Büro,links das dritte Regal,4. von oben,,30 + Anhang,
3103,"Schilling, Kathrin",2011,Ein analystischer Vergleich zwischen dem klassischen Printmedium Wörterbuch und der mordernen elektronischen Variante des Wörterbuchs der deutschen Gegenwartssprache,Jena,x,E 004 Büro,links das dritte Regal,4. von oben,,81 + Anhang,
3104,"Dittrich, Peter",2019,"Sprechergenerationen im Vergleich - Systemlinguistische Studien zur regionalen Sprechweise im vorerzgebirgischen ""Mülsengrund""",Erfurt,x,E 004 Büro,links das dritte Regal,4. von oben,,60 + Anhang,
3105,Bochröder. Christiane,2016,Die syntaktische Umsetzung lateinischer Partizipialkonstruktionen im althochdeutschen Isidor,Jena,x,E 004 Büro,links das dritte Regal,4. von oben,,42,
3106,"Schödensack, Theresa",2014,Genus und Sexus. Geschlechtergerechte Sprache im Fokus der Sprachwissenschaft,Jena,x,E 004 Büro,links das dritte Regal,4. von oben,,46 + Anhang,
3107,"Limprecht, Juliane",2020,Die Auswirkung des Dialekts auf die Rechtschreibung von Grundschülern im ilmthüringischen Dialektraum,Erfurt,x,E 004 Büro,links das dritte Regal,4. von oben,,81,
3108,"Ehrhardt, Melanie",2020,Soziolinguistische Studien zur regionalen Sprachsituation im südwestostrländischen Sprachraum,Leipzig,x,E 004 Büro,links das dritte Regal,4. von oben,,116,
3109,"Hänel, Lisa",2020,Einstellungen gegenüber Dialekten bei verschiedenen Altersgruppen. Eine Studie zur Laienlinguistik,Jena,x,E 004 Büro,links das dritte Regal,4. von oben,,56,
3110,"Wenzel, Cassandra",2020,Die Verwendung von Dialekten in der Popularmusik,Jena,x,E 004 Büro,links das dritte Regal,4. von oben,,73,
3111,"Schlitter, Lina",2020,Die Eigenheiten des Ortsdialekts von Knau - eine systemlinguistische Studie im Saale-Orla-Kreis,Erfurt,x,E 004 Büro,links das dritte Regal,4. von oben,,114,
3112,"Raber, Julian",2020,Grammatische Varianz in deutschen Dialekten. Eine Betrachtung ausgewählter Phänomene,Erfurt,x,E 004 Büro,links das dritte Regal,4. von oben,,87,
3113,"Rempt, Franziska",2020,Regionale Sprache im Deutschunterricht: Eine vergleichende soziolinguistische Studie,Erfurt,x,E 004 Büro,links das dritte Regal,4. von oben,,88,
3114,"Urbanczyk, Angelina",2013,Studien zur regionalen Sprachsituation in Sondershausen im Kyffhäuserkreis,Erfurt,x,E 004 Büro,links das dritte Regal,4. von oben,,121,
3115,"Dietzel, Anne-Sophie",2018,Die Ortsdialekte von Wiesenthal und Dorndorf - Dialektgeografische Analysen im Rahmen eines systemlinguistischen Vergleichs,Erfurt,x,E 004 Büro,links das dritte Regal,4. von oben,,66 + Anhang,
3116,"Hertel, Karola",2007,Sprache-Region-Identität. Studien zum Dialekt im Thüringer Sprachraum,Apolda,x,E 004 Büro,links das dritte Regal,4. von oben,,114,
3117,"Schaller, Susann",2004,Untersuchungen zur regionalen Sprachsituation in Zeulenroda/Thüringen,Jena,x,E 004 Büro,links das dritte Regal,4. von oben,,99,
3118,"Wittmann, Antje",1989,Untersuchungen zur Dialektsituation in Steinach (Kreis Sonneberg),Jena,x,E 004 Büro,links das dritte Regal,4. von oben,,79 + Anhang,
3119,"Hegewald, Ina",1985,"Vergleichende Untersuchungen zu Satzmelodie und Satzakzent in den Mundarten von Schielo, Mengersgereuth-Hämmern und Taupadel",Jena,x,E 004 Büro,links das dritte Regal,4. von oben,,84 + Anhang,
3120,"Ziegler, Albrecht",2010,Digitalisierung von Magnetbandaufnahmen und Entwurf eines Datenbankkonzeptes zur Erhebung und Archivierung von Audiodaten,Jena,x,E 004 Büro,links das dritte Regal,4. von oben,,25,
3121,"Hoffmann, Anna",2014,Linguistische Studien zur Dialektsituation in Stadtilm,Erfurt,x,E 004 Büro,links das dritte Regal,4. von oben,,49 + Anhang,
3122,"Gabel, Amelie",2014,Ortsdialekt von Obersinn in Unterfranken - eine systemlinguistische Studie,Weimar,x,E 004 Büro,links das dritte Regal,4. von oben,,95,
3123,"Henkel, Helene Maria",2012,Deutsche Sidelungsmundarten - Eine linguistische Analyse am Beispiel wolgadeutscher Sprecher,Jena,x,E 004 Büro,links das dritte Regal,4. von oben,,66,
3124,"Köhle-Hezinger, Christel",1998,Wie kam das Grün ins Haus? Anmerkungen zum Verhältnis Mensch - Haus -Pflanze,Marburg,x,E 004 Büro,links das vierte Regal,2. von oben,,11-34,Hessische Blätter für Volks- und Kulturforschunh Neue Folge 34 1998. Grünzeug-Pflanzen im ethnographischen Blick
3125,"Frank, Karl",,St. Andreas-Kirche zu Tanna,Tanna,x,E 004 Büro,links das vierte Regal,2. von oben,,,
3126,"Burneva, Nikolina, Filtscheva, Rushitza, Kozarekova, Sneshana & Petkov, Marin (Hrsg.)",2004,30 Jahre Germanistik an der Universität zu Veliko Târnovo - Traditionen und Reformen,Veliko Târnovo,x,E 004 Büro,links das vierte Regal,2. von oben,,364,
3127,"Friebertshäuser, Hans (Hg.)",1990,Kleines hessisches Wörterbuch,München,"FSU Jena Philosophische Fakultät. Institut für Germanistische Sprachwissenschaft. WB Germanistik. Abt. Mundartforschung / ""Thüringisches Wörterbuch""",E 004 Büro,links das vierte Regal,2. von oben,,224,
3128,"Fritz-Scheuplein, Monika, König, Almut, Krämer-Neubert, Sabine & Wolf Norbert Richard",1997,"Wörterbuch von Unterfranken, Eine lexikographisce Bestandsaufnahme",Würzburg,Thüringisches Wörterbuch Arbeitsstelle der FSU Jena und der Sächsischen Akademie der Wissenschaften zu Leipzig,E 004 Büro,links das vierte Regal,2. von oben,,204,
3129,"Forschungsinstitut für deutsche Sprache ""Deutscher Sprachatlas""",1989,Hessisches. Hans Friebertshäuser zum 60. Geburtstag am 21. März 1989,Marburg,Arbeitsstelle Thüringisches Wörterbuch,E 004 Büro,links das vierte Regal,2. von oben,,118,Schriften der Universitätsbibliothek Marburg 46
3130,"Hild, Jens",2008,"Die Geschichte des Schaukelbrücke. Ein Blick auf den Werdegang der Eutersdorfer Saalsübergänge. 100 Jahre ""Schaukelbrücke""",Großeutersdorf,x,E 004 Büro,links das vierte Regal,2. von oben,,34,
3131,"Zippel, Horst",,De Rehrles-kouch'n. Plaudereien über die Orts-Necknamen im Kreis Lobenstein,Rudolstadt,x,E 004 Büro,links das vierte Regal,2. von oben,,83,
3132,Thüringische Vereinigung für Volkskunde e.V. ,1996,"TVV-Mitteilungen Folge 4, Heft 2",Erfurt,x,E 004 Büro,links das vierte Regal,2. von oben,,41,"TVV-Mitteilungen Folge 4, Heft 2. Dezember 1996"
3133,Thüringische Vereinigung für Volkskunde e.V. ,1997,"TVV-Mitteilungen Folge 5, Heft 2",Erfurt,x,E 004 Büro,links das vierte Regal,2. von oben,,54,"TVV-Mitteilungen Folge 5, Heft 2. Dezember 1997"
3134,Thüringische Vereinigung für Volkskunde e.V. ,1999,"TVV-Mitteilungen Folge 7, Heft 1",Erfurt,x,E 004 Büro,links das vierte Regal,2. von oben,,54,"TVV-Mitteilungen Folge 7, Heft 1. Oktober 1999"
3135,Volkskundliche Beratungs- und Dokumentationsstelle für Thüringen im Museum für Thüringer Volksunde Erfurt & Thrüingische Vereinigung für Volksunde e.V. (Hrsg.),2003,"TVV-Mitteilungen Folge 11, Heft 1",Erfurt,x,E 004 Büro,links das vierte Regal,2. von oben,,72,"TVV-Mitteilungen Folge 11, Heft 1. Juni 2003"
3136,Volkskundliche Beratungs- und Dokumentationsstelle für Thüringen im Museum für Thüringer Volksunde Erfurt & Thrüingische Vereinigung für Volksunde e.V. (Hrsg.),2006,"TVV-Mitteilungen Folge 14, Heft 1",Erfurt,x,E 004 Büro,links das vierte Regal,2. von oben,,44,"TVV-Mitteilungen Folge 14, Heft 1. Juni 2006"
3137,Volkskundliche Beratungs- und Dokumentationsstelle für Thüringen im Museum für Thüringer Volksunde Erfurt & Thrüingische Vereinigung für Volksunde e.V. (Hrsg.),2009,"TVV-Mitteilungen Folge 17, Heft 1",Erfurt,x,E 004 Büro,links das vierte Regal,2. von oben,,60,"TVV-Mitteilungen Folge 17, Heft 1. September 2009"
3138,Volkskundliche Beratungs- und Dokumentationsstelle für Thüringen im Museum für Thüringer Volksunde Erfurt & Thrüingische Vereinigung für Volksunde e.V. (Hrsg.),2017,"TVV-Mitteilungen Folge 25, Heft 2",Erfurt,x,E 004 Büro,links das vierte Regal,2. von oben,,67,"TVV-Mitteilungen Folge 25, Heft 1. Dezembr 2017"
3139,Volkskundliche Beratungs- und Dokumentationsstelle für Thüringen im Museum für Thüringer Volksunde Erfurt & Thrüingische Vereinigung für Volksunde e.V. (Hrsg.),2018,"TVV-Mitteilungen Folge 26, Heft 1",Erfurt,x,E 004 Büro,links das vierte Regal,2. von oben,,58,"TVV-Mitteilungen Folge 26, Heft 1. August 2018"
3140,Volkskundliche Beratungs- und Dokumentationsstelle für Thüringen im Museum für Thüringer Volksunde Erfurt ,1997,Mundartliteratur - Heimartliteratur - Wörterbücher,Erfurt,x,E 004 Büro,links das vierte Regal,2. von oben,,18,Volkskundliche Materialien. Kleine Bibliographie 1
3141,"Gottlieb, Josef",1996,Die plattdeutsche Mundart des Unterrichtsfeldes (2x vorhanden),Duderstadt,x,E 004 Büro,links das vierte Regal,2. von oben,,119,
3142,"Jügelt, Ludwig",2008,Kleines Wörterbuch Deutsch-Jüssemerisch (2x vorhanden),Jüchsen,x,E 004 Büro,links das vierte Regal,2. von oben,,30,
3143,"Jügelt, Ludwig",,Kleines Wörterbuch Deutsch-Jüssemerisch,,x,E 004 Büro,links das vierte Regal,2. von oben,,34,andere Edition
3144,"Recknagel, Fritz",,Unterschönau und seine Geschichte bis zum Jahre 1933,x,x,E 004 Büro,links das vierte Regal,2. von oben,,152,
3145,könig communication (Hrsg.),1996,"Thüringer Heimatbote. Zeitschrift für Geschichte, Kultur und Umwelt. Ausgabe 1/96",x,x,E 004 Büro,links das vierte Regal,2. von oben,,64,"Thüringer Heimatbote. Zeitschrift für Geschichte, Kultur und Umwelt. Ausgabe 1/96"
3146,könig communication (Hrsg.),1998,"Thüringer Heimatbote. Zeitschrift für Geschichte, Kultur und Umwelt. Ausgabe 1/98",Greiz,x,E 004 Büro,links das vierte Regal,2. von oben,,63,"Thüringer Heimatbote. Zeitschrift für Geschichte, Kultur und Umwelt. Ausgabe 1/98"
3147,Volkskundliche Kommission für Thüringen e.V.,2006,"Von brotbänken, Erdäpfeln und Brauhäusern. Nahrungsmittelbedarf, Lebensmittelherstellung, regionale Kost. Beiträge zur Geschichte der Ernährungskultur ","Erfurt, Jena",x,E 004 Büro,links das vierte Regal,2. von oben,,152,Thüringer Hefte für Volkskunde. Band 13
3148,"Peuckert, Werner",,Holzlandgeschichten. Mundartliches und Volkskundliches aus dem Holzland,Jena,x,E 004 Büro,links das vierte Regal,2. von oben,,123,
3149,Kreisverwaltung Schleiz,1993,Heimatjahrbuch 1993 des Landkreises Schleiz,Schleiz,x,E 004 Büro,links das vierte Regal,2. von oben,,135,
3150,"Kirchner, Irma, Rommel, Erich, Siegmund, Christel & Storandt, Albert ",2004,Blätter zur Wernshäuser Mundart Heft 1 Januar 2004 (2x. Vorhanden),Wernshausen,x,E 004 Büro,links das vierte Regal,2. von oben,,,Blätter zur Wernshäuser Mundart Heft 1 Januar 2004
3151,"Kirchner, Irma, Rommel, Erich, Siegmund, Christel & Storandt, Albert ",2004,Blätter zur Wernshäuser Mundart Heft 2 März 2004,Wernshausen,x,E 004 Büro,links das vierte Regal,2. von oben,,10,Blätter zur Wernshäuser Mundart Heft 2 März 2004
3152,"Kirchner, Irma, Rommel, Erich, Siegmund, Christel & Storandt, Albert ",2004,Auszüge aus dem Wernshäuser Strafenregister,Wernshausen,x,E 004 Büro,links das vierte Regal,2. von oben,,17,Blätter zur Wernshäuser Mundart Heft 3 Mai 2004
3153,"Kirchner, Irma, Rommel, Erich, Siegmund, Christel & Storandt, Albert ",2004,"Erinnerungen, Anekdoten, Episoden, Witze",Wernshausen,x,E 004 Büro,links das vierte Regal,2. von oben,,18,Blätter zur Wernshäuser Mundart Heft 4 August 2004
3154,"Kirchner, Irma, Rommel, Erich, Siegmund, Christel & Storandt, Albert ",2005,Heft 5: gedichte (I) ,Wernshausen,x,E 004 Büro,links das vierte Regal,2. von oben,,18,Blätter zur Wernshäuser Mundart Heft 5 Januar 2005
3155,"Kirchner, Irma, Rommel, Erich, Siegmund, Christel & Storandt, Albert ",2005,"Heft 7: ""Gälmerschtgemoachtes""",Wernshausen,x,E 004 Büro,links das vierte Regal,2. von oben,,22,Blätter zur Wernshäuser Mundart Heft 7 Januar 2005
3156,Wander- und Heimatverein Wernshausen,2006,Heft 10: Gesichte und Geschichtn zur Flößerei,Wernshausen,x,E 004 Büro,links das vierte Regal,2. von oben,,22,Blätter zur Wernshäuser Mundart Heft 10 Juni 2006
3157,"Siegmund, Christel, Storandt, Albert, Wilhelm, Helga, Kirchner, Irma & Rommel, Erich",2006,"Heft 9: Gedichte, Gesichte und Geschichten",Wernshausen,x,E 004 Büro,links das vierte Regal,2. von oben,,26,Blätter zur Wernshäuser Mundart Heft 9 April 2006
3158,"Weinert, Peter",2023,Los dinne spietsche Redensort. Eine Sammlung Hohensteiner Mundartsprüche und Lebensweisheiten,Bleicherode,x,E 004 Büro,links das vierte Regal,2. von oben,,27,Eine Sammlung Hohensteiner Mundartsprüche und Lebensweisheiten Ausgabe 1
3159,"Weinert, Peter",2024,Me storjen witter. Eine Sammlung Hohensteiner Mundartsprüche und Lebensweisheiten Ausgabe 2,Bleicherode,x,E 004 Büro,links das vierte Regal,2. von oben,,35,Eine Sammlung Hohensteiner Mundartsprüche und Lebensweisheiten Ausgabe 2
3160,"Uhlig, Clemens",,Wellsdorfer Kulturlandschaft im Wandel. Die Flurnamen einer Ortschaft im Thüringischen Vogtland auf der Spur,Reichenfels-Hohenleuben,x,E 004 Büro,links das vierte Regal,2. von oben,,69-112,MR Sonderdruck Jahrbuch des Museums Reichenfels-Hohenleuben
3161,"Kühnemund, Otto",2013,Mundart aus Ringleben am Unterlauf der Wilden Gera im Thüringer Becken,Bad Langensalza,x,E 004 Büro,links das vierte Regal,2. von oben,,54,
3162,Gemeinde Floh-Seligenthal (Hrsg.),,Wortsammlung aus der Mundart in Struth-Helmershof,Kleinschmalkalden,x,E 004 Büro,links das vierte Regal,2. von oben,,30,
3163,"Pforr, Ernst-Adam",1999,Mej genn emoa noach Sinn,Dresden,x,E 004 Büro,links das vierte Regal,2. von oben,,198 + Anhang,
3164,"Roth, Manfred",2009,"Die Steinbacher Mundart. Sprech- und Schreibweise, Begebenheiten zum Schmunzeln und Nachdenken",Bad Salzungen,x,E 004 Büro,links das vierte Regal,2. von oben,,119,
3165,Volkskundliche Kommission für Thüringen e.V. & Thüringer Freilichtmuseum Hohenfelden,2007,Kleidung auf dem Land,Hohenfelden,x,E 004 Büro,links das vierte Regal,2. von oben,,96,Hohenfeldener Hefte 3
3166,"Wölfing, Günther",1990,"Überblick über die geschichtliche Entwicklung des Henneberger Gebietes zwischen Grabfeld, Rennsteig und Rhön",Suhl,Hennebergisches Museum Kloster Veßra 6111,E 004 Büro,links das vierte Regal,2. von oben,,44,
3167,Josef Keller GmbH & Co. (Hrsg.),,"die dieringer, präsentiert von Zeller & t.akt",Gera,x,E 004 Büro,links das vierte Regal,2. von oben,,46,
3168,"Böttinger, Otto",1990,Rühler Schnorrpfüffen. Gedichte in Ruhlaer Mundart,Ruhla,x,E 004 Büro,links das vierte Regal,2. von oben,,48,
3169,Fichtelgebirgsverein & Frankenwaldverein von Karl Bedal,1998,"Heimatkalender für Fichtelgebirge, Frankenwald und Vogtland 1998",Hof (Saale),x,E 004 Büro,links das vierte Regal,2. von oben,,160,
3170,"Fuchs, Karin",x,"Einige Beispiele der schriftlichen Darstellung der Manebacher Mundart (zur Ergänzung der CD ""Manebächer Gelatsch"")",Ilmenau,x,E 004 Büro,links das vierte Regal,2. von oben,,,
3171,"Meyer, Monika & Schmidt, Renate",2015,"""Was mie noch säh wulldn"". Geschichten in manebacher Mundart",Ilmenau-Manebach,x,E 004 Büro,links das vierte Regal,2. von oben,,55,
3172,Verein  für Heimatgeschichte un Touristik Manebach e.V. ,2017,Kläänes Wederbuch da Manebächer Mundoard,Ilmenau-Manebach,x,E 004 Büro,links das vierte Regal,2. von oben,,45,
3173,"Herz, Dieter",1983,Mundart in der Zeitung. Möglichkeiten nicht-hochsprachlicher Beiträge in der Tagespresse,Tübingen,"Sächsische Akademie der Wissenschaften zu Leipzig, Sprachwissenschaftliche Kommission, Arbeitsstelle Thüringisches Wörterbuch",E 004 Büro,links das vierte Regal,2. von oben,,180,"Untersuchungen des Ludwig-Uhland-Instituts der Universität Tübingen im Auftrag der Tübinger Vereinigung für Volkskunde herausgegeben von Hermann Bausinger, Utz Jeggle, Gottfried Korff, Martin Scharfe und Rudolf Schenda Band 59"
3174,"Gran, Karl-Heinz & Schmidt, Gerd",2010,Schnärzchen Rund um Gräfenroda Band 2,Bad Langensalza,x,E 004 Büro,links das vierte Regal,2. von oben,,139,
3175,"Abendroth, Rainer & Gran, Karl-Heinz",2001,Schhnärzchen Rund um Gräfenroda ,Bad Langensalza,x,E 004 Büro,links das vierte Regal,2. von oben,,145,
3176,"Landkreis Saalfeld-Rudolstadt, Kulturreferat",2001,Rudolstädter Heimathefte. Beiträge aus dem Landkreis Saalfeld-Rudolstadt 47. Jg. Heft 7/8,Saalfeld,x,E 004 Büro,links das vierte Regal,2. von oben,,199,Rudolstädter Heimathefte. Beiträge aus dem Landkreis Saalfeld-Rudolstadt 47. Jg. Heft 7/8 (Juli/August)
3177,"Landkreis Saalfeld-Rudolstadt, Kulturreferat",2004,Rudolstädter Heimathefte. Beiträge aus dem Landkreis Saalfeld-Rudolstadt 50. Jg. Heft 1/2,Saalfeld,x,E 004 Büro,links das vierte Regal,2. von oben,,55,Rudolstädter Heimathefte. Beiträge aus dem Landkreis Saalfeld-Rudolstadt 50. Jg. Heft 1/2 (Januar/Februar)
3178,"Schirrmeister, Almuth",2005,Den Alten auf's Maul geschaut… Geschichten und Geschichte aus Mosen,Mosen,x,E 004 Büro,links das vierte Regal,2. von oben,,71,
3179,"Lohse, Hans",1962,"Schmalkaldisch für Liebhaber, Allerlei Wissenswertes aus der Schmalkalder Mundart",Schmalkalden,Institut für Mundartforschung,E 004 Büro,links das vierte Regal,2. von oben,,75,
3180,"Schmidt, Günter",1989,Beiträge zur älteren Geschichte und zur Mundart von Brotterode,Brotterode,x,E 004 Büro,links das vierte Regal,2. von oben,,81 + Karten,
3181,"Göring, Hans-Dieter",2005,"Du musst immer denke, 's gett Dich nischt an. Gedichte in Sondershäuser Mundart",Sondershausen,x,E 004 Büro,links das vierte Regal,2. von oben,,50,
3182,"Kreiskulturhaus ""Deutsch-Sowjetische Freundschaft"" Greiz (Hrsg.)",1989,Heimatbote Greiz. Kukturspiegel für dem Kreis. 35. Jahrgang 12/89,Greiz,x,E 004 Büro,links das vierte Regal,2. von oben,,217-240,Heimatbote Greiz. Kukturspiegel für dem Kreis. 35. Jahrgang 12/89
3183,"Wille, Lzu (Hrsg.)",2001,Die Mundarten des Harzgebietes in Ton und Text,Clausthal-Zellerfeld,Thüringisches Wörterbuch Arbeitsstelle der FSU Jena und der Sächsischen Akademie der Wissenschaften zu Leipzig,E 004 Büro,links das vierte Regal,2. von oben,,168,
3184,"Köhler, Erhard",2004,"Mundart - Kleiner Thüringer Wald. Hennebergisch-fränkischer Dialekt - Wörterbuch, Verse und Sprüche",Hildburghausen,Thüringisches Wörterbuch Arbeitsstelle der FSU Jena und der Sächsischen Akademie der Wissenschaften zu Leipzig,E 004 Büro,links das vierte Regal,2. von oben,,336,
3185,,2012,"Wernshäuser Heimatblätter Heft 18. Dorfgeschichte 2, Bräuche und Sitten",Wernshausen,x,E 004 Büro,links das vierte Regal,2. von oben,,48,Wernshäsuer Heimatblätter Heft 18 April 2012
3186,,2017,Wernshäuser Heimatblätter Heft 23. Hälltöösziet,Wernshausen,x,E 004 Büro,links das vierte Regal,2. von oben,,32,Wernshäsuer Heimatblätter Heft 23 Dezember 2017
3187,"Grober-Glück, Gerda",2008,Feldforschungen in Ostthüringen waren Ausgangspunkt meiner wissenschaftlichen Arbeit,Erfurt,x,E 004 Büro,links das vierte Regal,2. von oben,,30,
3188,"Zippel, Horst",,De Rehrleskoch'n. Plaudereien über die Orts-Mecknamen im kreis Lobenstein,Gera,x,E 004 Büro,links das vierte Regal,2. von oben,,83,
3189,"Weigel, Heinrich",2008,Ludwig Stroch und die Ruhlaer Mundart,Erfurt,x,E 004 Büro,links das vierte Regal,2. von oben,,54,
3190,"Rosenkranz, Heinz & Spangenberg, Karl ",1963,Sprachsoziologische Studien in Thüringen (4x vorhanden),Berlin,x,E 004 Büro,links das vierte Regal,2. von oben,,80,Sitzungsberichte der Sächsischen Akademie der Wissenschaften zu Leipzig. Philologisch-historische Klasse Band 108 Heft 3
3191,Kolditz,,Rechtschreibe-Richtlinien für die Mansfelder Groufn,x,x,E 004 Büro,links das vierte Regal,2. von oben,,171,
3192,"Vollert, M.",,Geschichte der Kuratel der Universität Jena,x,"Landesstelle für Thüringische Mundartenforschung Jena, Universität",E 004 Büro,links das vierte Regal,2. von oben,,53,
3193,"Reissig, Elisabeth",,Heinrich Luden als Publizist und Politiker,x,x,E 004 Büro,links das vierte Regal,2. von oben,,54-88,
3194,"Schulze, Fritz",,Leben und Wirken des Jenaer Professors der Rechte und der Geschichte Christian Gottlieb Buder 1693-1763,x,x,E 004 Büro,links das vierte Regal,2. von oben,,89-104,
3195,"Lundgreen, Friedrich",,"Heinrich II., Graf von Schwarzburg (gest.1236), Ahnherr des regierenden Fürstenhauses",x,x,E 004 Büro,links das vierte Regal,2. von oben,,105-124,
3196,"Koch, Ernst",,Ein altes Schriftstück zur Geschichte der Grafen von Henneberg,x,x,E 004 Büro,links das vierte Regal,2. von oben,,125-144,
3197,"Seidel, Eugen",1935,Geschichte und Kritik der wichtigsten Satzdefinitionen,Jena,Institut für Mundartforschung,E 004 Büro,links das vierte Regal,2. von oben,,144,Jenaer Germanistische Forschungen 27
3198,Rotgemeinschaft der Deutschen Wissenschaft,1928,Deutsche Forschung Heft 6 (2x vorhanden),Berlin,"Landesstelle für Thüringische Mundartenforschung Jena, Universität",E 004 Büro,links das vierte Regal,2. von oben,,150,
3199,"Eichhoff, Jürgen",1977,Wortatlas der deutschen Umgangssprachen. Erster Band,"Bern, München",Thüringisches Wörterbuch Arbeitsstelle der FSU Jena und der Sächsischen Akademie der Wissenschaften zu Leipzig,E 004 Büro,links das vierte Regal,3. von oben,,50 + Karten,
3200,"Eichhoff, Jürgen",1978,Wortatlas der deutschen Umgangssprachen. Zweiter Band,"Bern, München",Thüringisches Wörterbuch Arbeitsstelle der FSU Jena und der Sächsischen Akademie der Wissenschaften zu Leipzig,E 004 Büro,links das vierte Regal,3. von oben,,38 + Karten,
3201,"Eichhoff, Jürgen",1993,Wortatlas der deutschen Umgangssprachen. Dritter Band,"München, New Providence, London, Paris, Bern",Thüringisches Wörterbuch Arbeitsstelle der FSU Jena und der Sächsischen Akademie der Wissenschaften zu Leipzig,E 004 Büro,links das vierte Regal,3. von oben,,49 + Karten,
3202,"Eichhoff, Jürgen",2000,Wortatlas der deutschen Umgangssprachen. Vierter Band,"Bern, München",Thüringisches Wörterbuch Arbeitsstelle der FSU Jena und der Sächsischen Akademie der Wissenschaften zu Leipzig,E 004 Büro,links das vierte Regal,3. von oben,,41 + Karten,
3203,"Friebertshäuser, Hans & Dingeldein, Heinrich J. ",1988,Wortgeographie der Städtischen Alltagssprache in Hessen,Tübingen,Thüringisches Wörterbuch Arbeitsstelle der FSU Jena und der Sächsischen Akademie der Wissenschaften zu Leipzig,E 004 Büro,links das vierte Regal,3. von oben,,53 + Karten,Hessische Sprachatlanten Kleine Reihe Band 1
3204,"Helm, Dagmar (Leitung)",1998,Wörterbuch der obersächsischen Mundarten. Band 1 A-F,Berlin,Thüringisches Wörterbuch Arbeitsstelle der FSU Jena und der Sächsischen Akademie der Wissenschaften zu Leipzig,E 004 Büro,links das vierte Regal,3. von oben,,712 + Anhang,
3205,"Bergmann, Gunter (Leitung)",2003,Wörterbuch der obersächsischen Mundarten. Band 2 G-K,Berlin,Arbeitsstelle Thüringisches Wörterbuch,E 004 Büro,links das vierte Regal,3. von oben,,703 + Karten,
3206,"Bergmann, Gunter (Leitung)",1994,Wörterbuch der obersächsischen Mundarten. Band 3 L-R,Berlin,Arbeitsstelle Thüringisches Wörterbuch,E 004 Büro,links das vierte Regal,3. von oben,,503+ Karten,
3207,"Bergmann, Gunter (Leitung)",1996,Wörterbuch der obersächsischen Mundarten. Band 4 S-Z,Berlin,Thüringisches Wörterbuch Arbeitsstelle der FSU Jena und der Sächsischen Akademie der Wissenschaften zu Leipzig,E 004 Büro,links das vierte Regal,3. von oben,,699 + Karten,
3208,"Lösch, W. (Leitung)",1991-1999,Thüringisches Wörterbuch 1. Band A-D,Berlin,Thüringisches Wörterbuch Arbeitsstelle der FSU Jena und der Sächsischen Akademie der Wissenschaften zu Leipzig,E 004 Büro,links das vierte Regal,3. von oben,,1474,
3209,"Spangenberg, Karl (Leitung)",,Thüringisches Wörterbuch 4. Band L-Q,Berlin,x,E 004 Büro,links das vierte Regal,3. von oben,,1388,
3210,"Spangenberg, Karl (Leitung)",1982,Thüringsiches Wörterbuch 5. Band R-S,Berlin,x,E 004 Büro,links das vierte Regal,3. von oben,,1772,
3211,"Langer, Hanna, Herklotz, Sandra & Wunsch, Sarah",2009,Register zum Thüringischen Wörterbuch,Jena,x,E 004 Büro,links das vierte Regal,3. von oben,,,
3212,"Bracke, Herbert",1966,Der Hennebergische Sprachraum. Untersuchungen der Laut- und Wortgeographie. Textteil (3x vorhanden),Jena,x,E 004 Büro,links das vierte Regal,3. von oben,,333,
3213,"Bracke, Herbert",1966,Der Hennebergische Sprachraum. Untersuchungen der Laut- und Wortgeographie. Kartenteil,Jena,"FSU Jena Philosophische Fakultät. Institut für Germanistische Sprachwissenschaft. WB Germanistik. Abt. Mundartforschung / ""Thüringisches Wörterbuch""",E 004 Büro,links das vierte Regal,3. von oben,,,
3214,"Friebertshäuser, Hans (Hrsg.)",1976,Dialektlexikographie. Berichte über Stand und Methoden deutscher Dialektwörterbücher. Festgabe für Luise Berthold zum 85. Geburtstag am 27.1.1976,Wiesbaden,FSU Jena Philosophische Fakultät. Institut für Germanistische Sprachwissenschaft. WB Germanistik. Abt. Mundartforschung,E 004 Büro,links das vierte Regal,3. von oben,,237,Zeitschrift für Dialektologie und Linguistik Beihefte. Nr. 17
3215,"Bremer, Ernst & Hildebrandt, Reiner (Hrsg.)",1996,Stand und Aufgaben der deutschen Dialektlexikographie. II. Brüder-Grimm-Symposion zur Historischen Forschung. Beiträge zu der Marburger Tagung vom Oktober 1992,"Berlin, New York",Arbeitsstelle Thüringisches Wörterbuch,E 004 Büro,links das vierte Regal,3. von oben,,293,Historische Wortforschung. Untersuchungen zur Sprach- und Kulturgeschichte des Deutschen in seinen europäische Bezügen. Band 4
3216,Berlin-Brandenbrugische Akademie der Wissenschaften & Heidelberger Akademie der Wissenschaften,2002,"Wissenschaftliche Lexikographie im deutschsprachigen Raum. Reader. Internationale intradisziplinäre Tagung zur Lexikographie Berlin, 14.-16. Oktober 2002",x,Arbeitsstelle Thüringisches Wörterbuch,E 004 Büro,links das vierte Regal,3. von oben,,390,
3217,"Penzlin, Heinz (Hrsg.)",1999,Geschichte ausgewählter Vorhaben ,"Leipzig, Stuttgart",x,E 004 Büro,links das vierte Regal,3. von oben,,180,
3218,"Grosse, Rudolf (Hrsg.)",1998,"Bedeutungserfassung und Bedeutungsbeschreibung in historischen und dialektologischen Wörterbüchern. Beiträge zu einer Arbeitstagung der deutschsprachigen Wörterbücher, projekte an Akademien und Universitäten vom 7. bis 9. März 1996 anläßlich des 150jährigen Jubiläums der Sächsischen Akademie der Wissenschaftlichen zu Leipzig","Leipzig, Stuttgart",x,E 004 Büro,links das vierte Regal,3. von oben,,278,Abhandlungen der Sächsischen Akademie der Wissenschaften zu Leipzig. Philologisch-historische Klasse Band 75 Heft 1
3219,"Stellmacher, Dieter (Hrsg.)",1988,Niedersächsisches Wörterbuch. Berichte und Mitteilungen aus der Arbeitsstelle. 1. Regionaltreffen in Rotenburg (Wümme),Göttingen,x,E 004 Büro,links das vierte Regal,3. von oben,,61,
3220,"Hucke, Herman",1961,Thüringischer Dialektatlas. Lieferung 1 (Textteil),Berlin,FSU Jena Philosophische Fakultät. Institut für Germanistische Sprachwissenschaft. WB Germanistik. Abt. Mundartforschung,E 004 Büro,links das vierte Regal,3. von oben,,109,Deutsche Akademie der Wissenschaften zu Berlin. Veröffentlichungen des Instituts für Deutsche Sprache und Literatur 17
3221,"Hucke, Herman",1961,Thüringischer Dialektatlas. Lieferung 1 (Karten 1-20),Berlin,FSU Jena Philosophische Fakultät. Institut für Germanistische Sprachwissenschaft. WB Germanistik. Abt. Mundartforschung,E 004 Büro,links das vierte Regal,3. von oben,,,Deutsche Akademie der Wissenschaften zu Berlin. Veröffentlichungen des Instituts für Deutsche Sprache und Literatur 17
3222,"Hucke, Herman",1965,Thüringischer Dialektatlas. Lieferung 2 (Textteil) (2x vorhanden),Berlin,x,E 004 Büro,links das vierte Regal,3. von oben,,110-204,Deutsche Akademie der Wissenschaften zu Berlin. Veröffentlichungen des Instituts für Deutsche Sprache und Literatur 27
3223,"Hucke, Herman",1965,Thüringischer Dialektatlas. Lieferung 2 (Karten 21-40),Berlin,x,E 004 Büro,links das vierte Regal,3. von oben,,,Deutsche Akademie der Wissenschaften zu Berlin. Veröffentlichungen des Instituts für Deutsche Sprache und Literatur 27
3224,"Spangenberg, Karl (Leitung)",,Thüringes Wörterbuch IV. Band L-Q,Berlin,x,E 004 Büro,links das vierte Regal,4. von oben,,1388,
3225,"Spangenberg, Karl (Leitung)",1982,Thüringisches Wörterbuch. V. Band R-S,Berlin,FSU Jena Philosophische Fakultät. Institut für Germanistische Sprachwissenschaft. WB Germanistik. Abt. Mundartforschung,E 004 Büro,links das vierte Regal,4. von oben,,1772,
3226,"Spangenberg, Karl (Leitung)",1983,Thüringisches Wörterbuch. VI. Band T-Z,Berlin,x,E 004 Büro,links das vierte Regal,4. von oben,,1438,
3227,"Wiegand, Susanne (Leiterin)",2000-2004,Thüringisches Wörterbuch II. Band E-herabkratzen,Leipzig,x,E 004 Büro,links das vierte Regal,4. von oben,,1024,
3228,"Wiegand, Susanne (Leiterin)",2005-2006,Thüringisches Wörterbuch III. Band herablappen-kutzeln,Leipzig  ,x,E 004 Büro,links das vierte Regal,4. von oben,,628,
3229,"Lösch, W. (Leitung)",1991-1999,Thüringsiches Wörterbuch I. Band A-D,Leipzig,x,E 004 Büro,links das vierte Regal,4. von oben,,1474,
3230,"Spangenberg, Karl  ",1998,Die Umgangssprache im Freistaat Thüringen und im Südwesten des Landes Sachsen-Anhalt,"Rudolstadt, Jena",Arbeitsstelle Thüringisches Wörterbuch,E 004 Büro,links das vierte Regal,4. von oben,,198,
3231,"Spangenberg, Karl",1993,Laut- und Formeninventar thüringischer Dialekte. Beiband zum Thüringischen Wörterbuch,Berlin,x,E 004 Büro,links das vierte Regal,4. von oben,,297,
3232,"Drehfahl, Günther (Hrsg.)",1964,Wissenschaftliche Zeitschrift der Friedrich-Schiller-Universität Jena / Thüringen. Jahrgang 13,Jena,x,E 004 Büro,links das vierte Regal,4. von oben,,160,Wissenschaftliche Zeitschrift der Friedrich-Schiller-Universität Jena . Jahrgang 13 1964. Gesellschafts- und Sprachwissenschaftliche Reihe Heft 1
3233,"Lösch, W. (Leitung)",1995,Thüringisches Wörterbuch I. Band 5. und 6. Lieferung. Außenwendigs-beterig,Berlin,x,E 004 Büro,links das vierte Regal,4. von oben,,463-718,
3234,"Wiegand, Susanne (Leiterin)",2006,Thüringisches Wörterbuch III. Band 5. Lieferung Kohlsack-kutzeln,Berlin,x,E 004 Büro,links das vierte Regal,4. von oben,,513-628,
3235,"Spangenberg, Karl (Leitung)",1982,"Thüringisches Wörterbuch V.Band 12., 13. und 14. Lieferung. Spritzenhaus-Syringenstrauch",Berlin,x,E 004 Büro,links das vierte Regal,4. von oben,,1409-1772,
3236,"Glück, Gerda",1938,Der Thüringisch-Vogtländische Sprachraum (2x vorhanden),Jena,Institut für Mundartforschung,E 004 Büro,links das vierte Regal,4. von oben,,128 + Karten,Arbeiten zur Lades- und Volksforschung Band 2
3237,"Göschel, Joachim (Hrsg.)",2001,Zeitschrift für Dialektologie und Linguistik 67. Jahrgang Heft 1,Stuttgart,J85,E 004 Büro,links das vierte Regal,4. von oben,,132,ZDL Heft 1 2001
3238,"Sperschneider, Heinz",1959,Studien zur Syntax der Mundarten im östlichen Thüringer Wald,Marburg,"Sächsische Akademie der Wissenschaften zu Leipzig, Sprachwissenschaftliche Kommission, Arbeitsstelle Thüringisches Wörterbuch",E 004 Büro,links das vierte Regal,4. von oben,,118 + Karten,Deutsche Dialektgeographie. Untersuchungen zum Deutschen Sprachatlas Band 54
3239,"Schlaefer, M. (Hrsg.)",2003,"Deutschsprachige Wörterbücher. Projekte an Akademien, Universitäten, Instituten",Göttingen,Arbeitsstelle Thüringisches Wörterbuch,E 004 Büro,links das vierte Regal,4. von oben,,126,
3240,"Protze, Helmut",1957,Das Westlausitzische und Ostmeissnische. Dialektgeographosche Untersuchungen zur Lausitzisch-Obersächsischen Sprach- und Siedlungsgeschichte,Halle (Saale),Institut für Mundartforschung,E 004 Büro,links das vierte Regal,4. von oben,,291 + Karten,Mitteldeutsche Studien 20
3241,"Von Polenz, Peter",1954,Die Altenburgische Sprachlandschaft. Untersuchungen zur ostthüringischen Sprach- un Siedlungsgeschichte ,Tübingen,Institut für Mundartforschung,E 004 Büro,links das vierte Regal,4. von oben,,220,Mitteldeutsche Studien 1
3242,"Rosenkranz, Heinz  ",1938,Mundart und Siedlung im gebiet der obern Saale und des nördlichen Frankenwalds,Jena,Institut für Mundartforschung,E 004 Büro,links das vierte Regal,4. von oben,,160,Arbeiten zur Lades- und Volksforschung Band 1
3243,"Schönfeld, Helmut",1958,Die Mundarten im Fuhnegebiet,Halle (Saale),Institut für Mundartforschung,E 004 Büro,links das vierte Regal,4. von oben,,297 + Karten,Mitteldeutsche Studien 21
3244,"Spangenberg, Karl",1962,Die Mundartlandschaft zwischen Rhön und Eichsfeld (Text),Halle (Saale),Institut für Mundartforschung,E 004 Büro,links das vierte Regal,4. von oben,,240,Mitteldeutsche Studien 25
3245,"Spangenberg, Karl",1962,Die Mundartlandschaft zwischen Rhön und Eichsfeld (Karten),Halle (Saale),x,E 004 Büro,links das vierte Regal,4. von oben,,42,
3246,"Hucke, Herman",1961,Thüringischer Dialektatlas Lieferung 1 (Textteil),Berlin,Institut für Mundartforschung,E 004 Büro,links das vierte Regal,4. von oben,,204,Deutsche Akademie der Wissenschaften zu Berlin. Veröffentlichungen des Instituts für Deutsche Sprache und Literatur 17
3247,"Hertel, L. ",1895,Thüringer Sprachschatz. Sammlung mundartlicher Ausdrücke aus Thüringen,Weimar,Institut für Mundartforschung,E 004 Büro,links das vierte Regal,4. von oben,,268,
3248,"Regel, Karl",1868,Die Ruhlaer Mundart,Weimar,Institut für Mundartforschung,E 004 Büro,links das vierte Regal,4. von oben,,314,
3249,"Protze, Helmut",1961,"Das Wort ""Markt"" in den mitteldeutschen Mundarten",Berlin,x,E 004 Büro,links das vierte Regal,4. von oben,,76 + Karten,Berichte über die Verhandlungen der sächsischen Akademie der Wissenschaften zu Leipzig. Philologisch-historische Klasse Band 106 Heft 2
3250,"Rosenkranz, Heinz & Spangenberg, Karl ",1963,Sprachsoziologische Studien in Thüringen ,Berlin,FSU Jena Philosophische Fakultät. Institut für Germanistische Sprachwissenschaft. WB Germanistik. Abt. Mundartforschung,E 004 Büro,links das vierte Regal,4. von oben,,80,Berichte über die Verhandlungen der sächsischen Akademie der Wissenschaften zu Leipzig. Philologisch-historische Klasse Band 108 Heft 3
3251,Thüringisches Wörterbuch ,2002,Grietgassenreport 2002. Jahresnachrichten vom Thüringischen Wörterbuch aus Jena,Jena,x,E 004 Büro,links das vierte Regal,4. von oben,,7,
3252,"Bellmann, Günter",1961,Mundart und Umgangssprache in der Oberlausitz. Sprachgeographische und sprachgeschichtliche Untersuchungen zwischen Schwarzwasser und Lausitzer Neiße,Marburg,FSU Jena Philosophische Fakultät. Institut für Germanistische Sprachwissenschaft. WB Germanistik. Abt. Mundartforschung,E 004 Büro,links das vierte Regal,4. von oben,,204 + Karten,Deutsche Dialektgeographie Band 62
3253,"Langner, Helmut",1977,Untersuchungen zur Mundart und zur Umgangssprache im Raum um Wittenberg,Berlin,x,E 004 Büro,links das vierte Regal,4. von oben,,296 + Karten,Dialektologische Studien zur Sprachgeschichte und Sprachsoziologie  Band 1
3254,"Hertel, L. ",1888,Die Salzunger Mundart,Meiningen,"Sächsische Akademie der Wissenschaften zu Leipzig, Sprachwissenschaftliche Kommission, Arbeitsstelle Thüringisches Wörterbuch",E 004 Büro,links das vierte Regal,4. von oben,,150,
3255,"Jaberg, K. & Jud, J. ",1928,Der Sprachatlas als Forschungsinstrument. Kritische Grundlegung und Einführung in den Sprach- und Sachatlas Italiens und der Südschweiz,Halle (Saale),Institut für Mundartforschung,E 004 Büro,links das vierte Regal,4. von oben,,243,
3256,,,,,,E 004 Büro,links das vierte Regal,4. von oben,,,
3257,,,,,,E 004 Büro,links das vierte Regal,4. von oben,,,
3258,,,,,,E 004 Büro,links das vierte Regal,4. von oben,,,
3259,,,,,,E 004 Büro,links das vierte Regal,4. von oben,,,
3260,,,,,,E 004 Büro,links das vierte Regal,4. von oben,,,
3261,,,,,,E 004 Büro,links das vierte Regal,4. von oben,,,
3262,,,,,,E 004 Büro,links das vierte Regal,3. von oben,,,
3263,,,,,,E 004 Büro,links das vierte Regal,3. von oben,,,
3264,,,,,,E 004 Büro,links das vierte Regal,3. von oben,,,
3265,,,,,,,links das vierte Regal,3. von oben,,,
3266,,,,,,,links das vierte Regal,3. von oben,,,
3267,,,,,,,links das vierte Regal,3. von oben,,,
3268,,,,,,,links das vierte Regal,3. von oben,,,
3269,,,,,,,links das vierte Regal,3. von oben,,,
3270,,,,,,,links das vierte Regal,3. von oben,,,
3271,,,,,,,links das vierte Regal,3. von oben,,,
3272,,,,,,,links das vierte Regal,3. von oben,,,
3273,,,,,,,links das vierte Regal,3. von oben,,,
3274,,,,,,,links das vierte Regal,3. von oben,,,
3275,,,,,,,links das vierte Regal,3. von oben,,,
3276,,,,,,,links das vierte Regal,3. von oben,,,
3277,,,,,,,links das vierte Regal,3. von oben,,,
3278,,,,,,,links das vierte Regal,3. von oben,,,
3279,,,,,,,links das vierte Regal,3. von oben,,,
3280,,,,,,,links das vierte Regal,3. von oben,,,
3281,,,,,,,links das vierte Regal,3. von oben,,,
3282,,,,,,,links das vierte Regal,3. von oben,,,
3283,,,,,,,links das vierte Regal,3. von oben,,,
3284,,,,,,,links das vierte Regal,3. von oben,,,
3285,,,,,,,links das vierte Regal,3. von oben,,,
3286,,,,,,,links das vierte Regal,3. von oben,,,
3287,,,,,,,links das vierte Regal,3. von oben,,,
3288,,,,,,,links das vierte Regal,3. von oben,,,
3289,,,,,,,links das vierte Regal,3. von oben,,,
3290,,,,,,,links das vierte Regal,3. von oben,,,
3291,,,,,,,links das vierte Regal,3. von oben,,,
3292,,,,,,,links das vierte Regal,3. von oben,,,
3293,,,,,,,links das vierte Regal,3. von oben,,,
3294,,,,,,,links das vierte Regal,,,,
3295,,,,,,,links das vierte Regal,,,,
3296,,,,,,,links das vierte Regal,,,,
3297,,,,,,,links das vierte Regal,,,,
3298,,,,,,,links das vierte Regal,,,,
3299,,,,,,,links das vierte Regal,,,,
3300,,,,,,,links das vierte Regal,,,,
3301,,,,,,,links das vierte Regal,,,,
3302,,,,,,,links das vierte Regal,,,,
3303,,,,,,,links das vierte Regal,,,,
3304,,,,,,,links das vierte Regal,,,,
3305,,,,,,,links das vierte Regal,,,,
3306,,,,,,,links das vierte Regal,,,,
3307,,,,,,,links das vierte Regal,,,,
3308,,,,,,,links das vierte Regal,,,,
3309,,,,,,,links das vierte Regal,,,,
3310,,,,,,,links das vierte Regal,,,,
3311,,,,,,,links das vierte Regal,,,,
3312,,,,,,,links das vierte Regal,,,,
3313,,,,,,,links das vierte Regal,,,,
3314,,,,,,,links das vierte Regal,,,,
3315,,,,,,,links das vierte Regal,,,,
3316,,,,,,,links das vierte Regal,,,,
3317,,,,,,,links das vierte Regal,,,,
3318,,,,,,,links das vierte Regal,,,,
3319,,,,,,,links das vierte Regal,,,,
3320,,,,,,,links das vierte Regal,,,,
3321,,,,,,,links das vierte Regal,,,,
3322,,,,,,,links das vierte Regal,,,,
3323,,,,,,,links das vierte Regal,,,,
3324,,,,,,,links das vierte Regal,,,,
3325,,,,,,,links das vierte Regal,,,,
3326,,,,,,,links das vierte Regal,,,,
3327,,,,,,,links das vierte Regal,,,,
3328,,,,,,,links das vierte Regal,,,,
